stem,system,path_model,role,T,in_ladder,gt_stable,ledger_unit_pred_stable,pbe_stable,pbe_Q0_A,pbe_curv_thz,mace_mp0_stable,mace_mp0_Q0_A,mace_mp0_curv_thz,chgnet_stable,chgnet_Q0_A,chgnet_curv_thz,orb_v2_stable,orb_v2_Q0_A,orb_v2_curv_thz,sevennet0_stable,sevennet0_Q0_A,sevennet0_curv_thz,mattersim_stable,mattersim_Q0_A,mattersim_curv_thz,cache_stable,cache_Q0_A,cache_curv_thz,cache_reproduces_ledger
batio3_cubic_chgnet_q0-0-0-b0,batio3_cubic,chgnet,decide,50.0,False,False,,False,0.09,3.1664765313160026,True,0.0,3.7331566341135556,True,0.0,3.695070046720365,True,0.0,3.4792170747611046,True,0.0,3.5267848571640843,True,0.0,3.593328608844389,False,0.085,2.5344039667707188,
batio3_cubic_chgnet_q0-0-0-b0,batio3_cubic,chgnet,decide,100.0,True,False,False,True,0.0,3.7693530986638164,True,0.0,4.279973285098929,True,0.0,4.2748231098722975,True,0.0,4.051101329829248,True,0.0,4.095879314127322,True,0.0,4.147734689644774,False,0.085,3.1474439570464265,True
batio3_cubic_chgnet_q0-0-0-b0,batio3_cubic,chgnet,decide,300.0,True,False,True,True,0.0,5.43880008085493,True,0.0,5.985463664638665,True,0.0,6.082284101114363,True,0.0,5.723045989865121,True,0.0,5.775601719847923,True,0.0,5.804046524200124,True,0.0,4.706967978500159,
batio3_cubic_chgnet_q0-0-0-b0,batio3_cubic,chgnet,decide,600.0,True,True,True,True,0.0,6.882009502018296,True,0.0,7.5228860089548295,True,0.0,7.734115270875044,True,0.0,7.178698514121077,True,0.0,7.241099661094288,True,0.0,7.2495804505073504,True,0.0,6.0541303926617624,
batio3_cubic_chgnet_q0-0-0-b0,batio3_cubic,chgnet,decide,900.0,True,True,True,True,0.0,7.859920720341886,True,0.0,8.59197016535201,True,0.0,8.893742643437973,True,0.0,8.165455460467966,True,0.0,8.23494387363997,True,0.0,8.22955741143245,True,0.0,6.979253081053403,
batio3_cubic_chgnet_q0-0-0-b1,batio3_cubic,chgnet,mode,50.0,False,False,,False,0.095,2.3442244087063373,False,0.07,2.7064879132372903,False,0.085,2.5375737238943676,False,0.08,2.68017868087949,False,0.08,2.5804288417695753,False,0.08,2.583532152868955,False,0.085,2.534465909061955,
batio3_cubic_chgnet_q0-0-0-b1,batio3_cubic,chgnet,mode,100.0,True,False,False,False,0.095,2.9571568101914507,True,0.0,3.292694871238501,False,0.085,3.1502605547471583,False,0.08,3.3046764819948593,False,0.08,3.189059126795001,False,0.08,3.187560384442541,False,0.085,3.147490067121824,
batio3_cubic_chgnet_q0-0-0-b1,batio3_cubic,chgnet,mode,300.0,True,False,True,True,0.0,4.484641244011607,True,0.0,4.786451057600405,True,0.0,4.708824092951093,True,0.0,4.921582558475073,True,0.0,4.731586560105308,True,0.0,4.714905692852896,True,0.0,4.706971894445908,
batio3_cubic_chgnet_q0-0-0-b1,batio3_cubic,chgnet,mode,600.0,True,True,True,True,0.0,5.790202441289077,True,0.0,6.045511937284528,True,0.0,6.054426381781174,True,0.0,6.310365893309713,True,0.0,6.04223507345899,True,0.0,6.009344618326833,True,0.0,6.0540913500517926,
batio3_cubic_chgnet_q0-0-0-b1,batio3_cubic,chgnet,mode,900.0,True,True,True,True,0.0,6.675765736782239,True,0.0,6.893201424265525,True,0.0,6.9780712541350525,True,0.0,7.252213754680569,True,0.0,6.927789433584303,True,0.0,6.883078098888362,True,0.0,6.979184748174287,
batio3_cubic_chgnet_q0-0-0-b2,batio3_cubic,chgnet,mode,50.0,False,False,,False,0.095,3.0645902363310396,True,0.0,3.609504386713071,True,0.0,3.61268954314166,True,0.0,3.369186063421447,True,0.0,3.407993095291776,True,0.0,3.474073756943161,True,0.0,3.6315179594643654,
batio3_cubic_chgnet_q0-0-0-b2,batio3_cubic,chgnet,mode,100.0,True,False,False,True,0.0,3.673349423393167,True,0.0,4.167992049323449,True,0.0,4.204302072016929,True,0.0,3.955553240348774,True,0.0,3.987541607695255,True,0.0,4.040049592721651,True,0.0,4.220162032371821,
batio3_cubic_chgnet_q0-0-0-b2,batio3_cubic,chgnet,mode,300.0,True,False,True,True,0.0,5.331705608884657,True,0.0,5.863923036163012,True,0.0,6.021146056197561,True,0.0,5.636614462474099,True,0.0,5.659606243295837,True,0.0,5.691248698175605,True,0.0,6.033502180691839,
batio3_cubic_chgnet_q0-0-0-b2,batio3_cubic,chgnet,mode,600.0,True,True,True,True,0.0,6.761788683972512,True,0.0,7.382858831066219,True,0.0,7.680682001724332,True,0.0,7.097220787461607,True,0.0,7.112506050231675,True,0.0,7.126079713166791,True,0.0,7.689189269097411,
batio3_cubic_chgnet_q0-0-0-b2,batio3_cubic,chgnet,mode,900.0,True,True,True,True,0.0,7.730581732029012,True,0.0,8.436950977120198,True,0.0,8.84700340566817,True,0.0,8.08736680822418,True,0.0,8.097187689846278,True,0.0,8.098105396543488,True,0.0,8.852083108564516,
batio3_cubic_chgnet_q0-1d2-0-b0,batio3_cubic,chgnet,mode,50.0,False,False,,False,0.08,1.5282347130846177,False,0.06,1.8126236997556784,False,0.065,1.95315786697526,False,0.07,2.322379123236759,False,0.065,1.7887129631921825,False,0.065,1.749347109118234,False,0.07,2.4108066400860655,
batio3_cubic_chgnet_q0-1d2-0-b0,batio3_cubic,chgnet,mode,100.0,True,False,False,False,0.08,2.0224741479824093,False,0.06,2.3263578888926055,False,0.065,2.5185945702447268,False,0.07,2.971481843189704,False,0.065,2.3148853314077593,False,0.065,2.268909933578782,False,0.065,2.9972873720152826,
batio3_cubic_chgnet_q0-1d2-0-b0,batio3_cubic,chgnet,mode,300.0,True,False,True,True,0.0,3.170304582491663,True,0.0,3.4999415052121043,True,0.0,3.8854618112427763,False,0.065,4.660678619694227,True,0.0,3.532723644151175,True,0.0,3.467450517639875,True,0.0,4.447736316089639,
batio3_cubic_chgnet_q0-1d2-0-b0,batio3_cubic,chgnet,mode,600.0,True,True,True,True,0.0,4.1358951838713365,True,0.0,4.461266363441025,True,0.0,5.076652642399958,True,0.0,6.207125744655731,True,0.0,4.541943612254319,True,0.0,4.459723438803312,True,0.0,5.681066811393356,
batio3_cubic_chgnet_q0-1d2-0-b0,batio3_cubic,chgnet,mode,900.0,True,True,True,True,0.0,4.789113277381425,True,0.0,5.10432175230823,True,0.0,5.908832826903318,True,0.0,7.313888420538355,True,0.0,5.219816871040875,True,0.0,5.126061201132127,True,0.0,6.522920807891607,
batio3_cubic_chgnet_q0-1d2-0-b1,batio3_cubic,chgnet,mode,50.0,False,False,,False,0.08,2.1333781552331192,False,0.065,2.444881159512776,False,0.07,2.4106018957042408,False,0.07,2.504287415985963,False,0.07,2.4037908027574897,False,0.07,2.421117200634622,False,0.07,2.413911479982541,
batio3_cubic_chgnet_q0-1d2-0-b1,batio3_cubic,chgnet,mode,100.0,True,False,False,False,0.08,2.7218151906474515,True,0.0,3.0287616129778945,False,0.065,2.9966745517072675,False,0.07,3.1171810200378753,False,0.07,2.9924224647543256,False,0.065,3.0066581218705886,False,0.065,2.9999069470468194,
batio3_cubic_chgnet_q0-1d2-0-b1,batio3_cubic,chgnet,mode,300.0,True,False,True,True,0.0,4.149302907466377,True,0.0,4.475296067945934,True,0.0,4.445640708421027,True,0.0,4.685563791994737,True,0.0,4.440129842571344,True,0.0,4.446499254170533,True,0.0,4.448990801448805,
batio3_cubic_chgnet_q0-1d2-0-b1,batio3_cubic,chgnet,mode,600.0,True,True,True,True,0.0,5.358135733424316,True,0.0,5.703151263520752,True,0.0,5.677247910358788,True,0.0,6.065320461187821,True,0.0,5.655673571745295,True,0.0,5.653474441688448,True,0.0,5.680490109479574,
batio3_cubic_chgnet_q0-1d2-0-b1,batio3_cubic,chgnet,mode,900.0,True,True,True,True,0.0,6.175865184594101,True,0.0,6.540245862714616,True,0.0,6.5177242411048475,True,0.0,7.028852981627062,True,0.0,6.474071698840688,True,0.0,6.46557318222741,True,0.0,6.520756831900105,
batio3_cubic_chgnet_q1d2-0-0-b0,batio3_cubic,chgnet,mode,50.0,False,False,,False,0.08,1.6159761789195748,False,0.06,1.925522154650914,False,0.065,1.9523291413357342,False,0.07,2.467397563433139,False,0.065,1.9091227482049287,False,0.065,1.8615308974635034,False,0.065,1.9596699519720897,
batio3_cubic_chgnet_q1d2-0-0-b0,batio3_cubic,chgnet,mode,100.0,True,False,False,False,0.08,2.1381068638713505,False,0.06,2.4721792938969447,False,0.065,2.520478360338427,False,0.07,3.1360866999585473,False,0.065,2.4677373932070488,False,0.065,2.412500839459948,False,0.065,2.528741366446163,
batio3_cubic_chgnet_q1d2-0-0-b0,batio3_cubic,chgnet,mode,300.0,True,False,True,False,0.075,3.3754003923312856,True,0.0,3.7526590191411167,True,0.0,3.8876508125386158,False,0.065,4.9148730383872286,True,0.0,3.7932129337577734,True,0.0,3.7139419338795805,True,0.0,3.898930179351989,
batio3_cubic_chgnet_q1d2-0-0-b0,batio3_cubic,chgnet,mode,600.0,True,True,True,True,0.0,4.433049783261533,True,0.0,4.817136190908008,True,0.0,5.0636899265493645,True,0.0,6.558911646007741,True,0.0,4.9089444195491545,True,0.0,4.8078828356313625,True,0.0,5.077726260662888,
batio3_cubic_chgnet_q1d2-0-0-b0,batio3_cubic,chgnet,mode,900.0,True,True,True,True,0.0,5.1536420944642565,True,0.0,5.532620309276724,True,0.0,5.874694587121169,True,0.0,7.739757927407395,True,0.0,5.6626532852199984,True,0.0,5.546595127539945,True,0.0,5.890686481753211,
batio3_cubic_chgnet_q1d2-1d2-0-b0,batio3_cubic,chgnet,decide,50.0,False,False,,False,0.08,1.3904324442946547,False,0.07,1.600311958043502,False,0.07,1.5523285978608574,False,0.07,-3.1703244294029393,False,0.07,1.6254644565970051,False,0.07,1.5992853777895644,False,0.07,1.551002975862762,
batio3_cubic_chgnet_q1d2-1d2-0-b0,batio3_cubic,chgnet,decide,100.0,True,False,False,False,0.08,1.8643985197815787,False,0.07,2.1099976327065675,False,0.07,2.0457023758696784,False,0.07,2.7957270131643694,False,0.07,2.137524104587027,False,0.07,2.105931285990242,False,0.07,2.0442277003520477,
batio3_cubic_chgnet_q1d2-1d2-0-b0,batio3_cubic,chgnet,decide,300.0,True,False,True,False,0.075,2.9801026646249045,True,0.0,3.3050218132134774,True,0.0,3.1830264853475194,False,0.07,4.43779938322548,True,0.0,3.3299585838550003,True,0.0,3.2834389399014388,True,0.0,3.18131904614193,True
batio3_cubic_chgnet_q1d2-1d2-0-b0,batio3_cubic,chgnet,decide,600.0,True,True,True,True,0.0,3.9375502850799227,True,0.0,4.324958542473041,True,0.0,4.132189897805386,True,0.0,5.946226499274706,True,0.0,4.331235277868398,True,0.0,4.271550158662778,True,0.0,4.1304243883841885,True
batio3_cubic_chgnet_q1d2-1d2-0-b0,batio3_cubic,chgnet,decide,900.0,True,True,True,True,0.0,4.591928206353646,True,0.0,5.025545614181473,True,0.0,4.772034878404311,True,0.0,7.029871748856827,True,0.0,5.007775979010272,True,0.0,4.939083168789879,True,0.0,4.770271566835638,True
batio3_cubic_mace_mp0_q0-0-0-b0,batio3_cubic,mace_mp0,mode,50.0,False,False,,False,0.1,2.402031186241398,False,0.075,2.8123647283143325,False,0.085,2.818391775490101,False,0.085,2.9557626329471587,False,0.085,2.686036255995488,False,0.085,2.710283096615788,False,0.075,2.8123646570673975,
batio3_cubic_mace_mp0_q0-0-0-b0,batio3_cubic,mace_mp0,mode,100.0,True,False,False,False,0.1,3.013016948972158,True,0.0,3.3997440571300244,False,0.085,3.44491672835921,False,0.085,3.5888832442574006,False,0.085,3.2966331944355853,False,0.085,3.315299032505432,True,0.0,3.3997439910477105,
batio3_cubic_mace_mp0_q0-0-0-b0,batio3_cubic,mace_mp0,mode,300.0,True,False,True,True,0.0,4.5385333413653415,True,0.0,4.9214394340429,True,0.0,5.118292734881805,True,0.0,5.324211357633948,True,0.0,4.865997358944404,True,0.0,4.870876099328726,True,0.0,4.921439367095357,
batio3_cubic_mace_mp0_q0-0-0-b0,batio3_cubic,mace_mp0,mode,600.0,True,True,True,True,0.0,5.8380201388903,True,0.0,6.209133189040685,True,0.0,6.598936864658048,True,0.0,6.877443750094067,True,0.0,6.202985640764358,True,0.0,6.193010085270314,True,0.0,6.209133120480628,
batio3_cubic_mace_mp0_q0-0-0-b0,batio3_cubic,mace_mp0,mode,900.0,True,True,True,True,0.0,6.717873947140352,True,0.0,7.076832272730278,True,0.0,7.630292404582109,True,0.0,7.965382715629605,True,0.0,7.106698579460299,True,0.0,7.0857617489225575,True,0.0,7.076832203165381,
batio3_cubic_mace_mp0_q1d2-0-0-b0,batio3_cubic,mace_mp0,mode,50.0,False,False,,False,0.085,1.5875064182734657,False,0.07,1.9379948938392,False,0.075,1.8312253038182762,False,0.075,1.780749012654546,False,0.075,1.8539458426273738,False,0.075,1.8367628758861614,False,0.07,1.937994869473565,
batio3_cubic_mace_mp0_q1d2-0-0-b0,batio3_cubic,mace_mp0,mode,100.0,True,False,False,False,0.085,2.172429444915029,False,0.065,2.4855418131636298,False,0.07,2.371354094551219,False,0.075,2.328129155904069,False,0.07,2.4006699125148554,False,0.075,2.3813408600450665,False,0.065,2.485541784931082,
batio3_cubic_mace_mp0_q1d2-0-0-b0,batio3_cubic,mace_mp0,mode,300.0,True,False,True,False,0.08,3.422540099701848,True,0.0,3.7686747653527433,True,0.0,3.635500985505103,True,0.0,3.6282504492413072,True,0.0,3.6869250457561,True,0.0,3.661493603543285,True,0.0,3.768674724487217,
batio3_cubic_mace_mp0_q1d2-0-0-b0,batio3_cubic,mace_mp0,mode,600.0,True,True,True,True,0.0,4.490074963686154,True,0.0,4.835027122177581,True,0.0,4.690996337117653,True,0.0,4.732047356071979,True,0.0,4.764588383919763,True,0.0,4.734256863777408,True,0.0,4.835027069718092,
batio3_cubic_mace_mp0_q1d2-0-0-b0,batio3_cubic,mace_mp0,mode,900.0,True,True,True,True,0.0,5.216932573842384,True,0.0,5.551657761713545,True,0.0,5.401895926070489,True,0.0,5.480987818905571,True,0.0,5.4913572335702865,True,0.0,5.457833519994066,True,0.0,5.551657701253866,
batio3_cubic_mace_mp0_q1d2-0-1d2-b0,batio3_cubic,mace_mp0,decide,50.0,False,False,,False,0.085,1.0626553998313417,False,0.075,1.537648149082777,False,0.075,1.5260810352996699,False,0.075,1.527426089504078,False,0.07,1.6024955516807813,False,0.07,1.5741206631044402,False,0.075,1.5376481383159415,
batio3_cubic_mace_mp0_q1d2-0-1d2-b0,batio3_cubic,mace_mp0,decide,100.0,True,False,False,False,0.085,1.83786974331833,False,0.075,2.0309852832799202,False,0.07,2.0131164428544612,False,0.075,2.0263008904667377,False,0.07,2.109229459659354,False,0.07,2.0753400405256732,False,0.075,2.030985271798034,True
batio3_cubic_mace_mp0_q1d2-0-1d2-b0,batio3_cubic,mace_mp0,decide,300.0,True,False,True,False,0.08,2.938908850789362,True,0.0,3.174951832892628,True,0.0,3.1326827691254833,False,0.07,3.193803417581081,True,0.0,3.286257522690299,True,0.0,3.237890111998828,True,0.0,3.1749518229994873,True
batio3_cubic_mace_mp0_q1d2-0-1d2-b0,batio3_cubic,mace_mp0,decide,600.0,True,True,True,True,0.0,3.8830713956415814,True,0.0,4.139786715559326,True,0.0,4.065662639749877,True,0.0,4.183390677168943,True,0.0,4.27328598949832,True,0.0,4.212710885335207,True,0.0,4.13978671208567,True
batio3_cubic_mace_mp0_q1d2-0-1d2-b0,batio3_cubic,mace_mp0,decide,900.0,True,True,True,True,0.0,4.528187909836103,True,0.0,4.796413158638885,True,0.0,4.6942762903074415,True,0.0,4.8551633844046505,True,0.0,4.93988120029548,True,0.0,4.871117328266145,True,0.0,4.796413162562861,True
batio3_cubic_mattersim_q0-0-0-b0,batio3_cubic,mattersim,decide,50.0,False,False,,False,0.105,2.0571071996483936,False,0.08,2.4835713477919334,False,0.09,2.4443500720333224,False,0.09,2.395974226728566,False,0.09,2.3397207923694396,False,0.09,2.324046248184058,False,0.09,2.324030066811405,
batio3_cubic_mattersim_q0-0-0-b0,batio3_cubic,mattersim,decide,100.0,True,False,False,False,0.105,2.6439578789193314,True,0.0,3.0710045694260963,False,0.09,3.0660324128816927,False,0.09,3.0188939713682768,False,0.09,2.9430460316747173,False,0.09,2.923132985427773,False,0.09,2.9231141304936967,True
batio3_cubic_mattersim_q0-0-0-b0,batio3_cubic,mattersim,decide,300.0,True,False,True,True,0.0,4.067479961705951,True,0.0,4.526412678125523,True,0.0,4.649986402513618,True,0.0,4.588641695201979,True,0.0,4.434675657290051,True,0.0,4.398156480128631,True,0.0,4.398126669983401,
batio3_cubic_mattersim_q0-0-0-b0,batio3_cubic,mattersim,decide,600.0,True,True,True,True,0.0,5.279620603319466,True,0.0,5.748096833834914,True,0.0,6.039033078941107,True,0.0,5.939239884147075,True,0.0,5.70010546486007,True,0.0,5.646193057097282,True,0.0,5.646152148717261,
batio3_cubic_mattersim_q0-0-0-b0,batio3_cubic,mattersim,decide,900.0,True,True,True,True,0.0,6.101914003303772,True,0.0,6.570262039137128,True,0.0,7.004196186111414,True,0.0,6.857730258813009,True,0.0,6.555769427903401,True,0.0,6.489267823231478,True,0.0,6.489218997900329,
batio3_cubic_mattersim_q0-0-1d2-b0,batio3_cubic,mattersim,mode,50.0,False,False,,False,0.085,1.6958200309021971,False,0.07,1.9779857796860811,False,0.075,1.8875464715916033,False,0.075,1.9038385497404713,False,0.075,1.9110198015592041,False,0.075,1.8962436015981186,False,0.075,1.8961653375451701,
batio3_cubic_mattersim_q0-0-1d2-b0,batio3_cubic,mattersim,mode,100.0,True,False,False,False,0.085,2.2317638899678465,False,0.07,2.528454950685777,False,0.075,2.435001409333588,False,0.075,2.462703129150287,False,0.075,2.464885820179526,False,0.075,2.4479900535461017,False,0.075,2.4479158846236793,
batio3_cubic_mattersim_q0-0-1d2-b0,batio3_cubic,mattersim,mode,300.0,True,False,True,False,0.08,3.5043257650498925,True,0.0,3.820684914628219,True,0.0,3.7207840911884684,True,0.0,3.7897356698221216,True,0.0,3.772399413845069,True,0.0,3.7488655953464014,True,0.0,3.7488134185795645,
batio3_cubic_mattersim_q0-0-1d2-b0,batio3_cubic,mattersim,mode,600.0,True,True,True,True,0.0,4.5896351090875775,True,0.0,4.8937836762983675,True,0.0,4.794403469945285,True,0.0,4.907893438228098,True,0.0,4.8677229045748955,True,0.0,4.838316284701461,True,0.0,4.8382967436956745,
batio3_cubic_mattersim_q0-0-1d2-b0,batio3_cubic,mattersim,mode,900.0,True,True,True,True,0.0,5.327934601559297,True,0.0,5.614644213491808,True,0.0,5.51736158405212,True,0.0,5.663580684004048,True,0.0,5.606177792195935,True,0.0,5.572774321589009,True,0.0,5.572780890003632,
batio3_cubic_mattersim_q1d2-0-1d2-b0,batio3_cubic,mattersim,decide,50.0,False,False,,False,0.085,1.865788639058605,False,0.075,1.5518537058942075,False,0.07,1.5335888554967618,False,0.075,1.532003371949593,False,0.07,1.6088105283741834,False,0.07,1.580504096863442,False,0.07,1.5804666499401994,
batio3_cubic_mattersim_q1d2-0-1d2-b0,batio3_cubic,mattersim,decide,100.0,True,False,False,False,0.085,1.844331504030716,False,0.07,2.048481651558592,False,0.07,2.0219639029795906,False,0.075,2.031767392441866,False,0.07,2.1166008825137794,False,0.07,2.082723515280943,False,0.07,2.082678070102852,
batio3_cubic_mattersim_q1d2-0-1d2-b0,batio3_cubic,mattersim,decide,300.0,True,False,True,False,0.08,2.948154543943084,True,0.0,3.202184362747158,True,0.0,3.144731146729167,False,0.07,3.201442957484069,True,0.0,3.2962190165134873,True,0.0,3.247537001962087,True,0.0,3.2474696874193363,True
batio3_cubic_mattersim_q1d2-0-1d2-b0,batio3_cubic,mattersim,decide,600.0,True,True,True,True,0.0,3.894466478542451,True,0.0,4.17723302188531,True,0.0,4.0801871036108235,True,0.0,4.1927401006514255,True,0.0,4.285241895786354,True,0.0,4.223935703413627,True,0.0,4.223849085209344,True
batio3_cubic_mattersim_q1d2-0-1d2-b0,batio3_cubic,mattersim,decide,900.0,True,True,True,True,0.0,4.540950771613358,True,0.0,4.8420293392191835,True,0.0,4.710399292326418,True,0.0,4.865617220267639,True,0.0,4.9531154940396975,True,0.0,4.883298066590686,True,0.0,4.883198228759979,True
batio3_cubic_orb_v2_q0-0-0-b0,batio3_cubic,orb_v2,mode,50.0,False,False,,True,0.0,2.6927752509287175,True,0.0,2.9564815043961987,True,0.0,2.884511395380239,True,0.0,2.7420171243488216,True,0.0,2.696409449896239,True,0.0,2.912945041160684,True,0.0,2.820005777719485,
batio3_cubic_orb_v2_q0-0-0-b0,batio3_cubic,orb_v2,mode,100.0,True,False,False,True,0.0,3.0990810338013457,True,0.0,3.2824307405780058,True,0.0,3.3008153986495654,True,0.0,3.2176661410995484,True,0.0,3.0906053501699176,True,0.0,3.2714429545225396,True,0.0,3.2947264604362236,
batio3_cubic_orb_v2_q0-0-0-b0,batio3_cubic,orb_v2,mode,300.0,True,False,False,True,0.0,4.126392367180095,True,0.0,4.185668867189087,True,0.0,4.514102211416339,True,0.0,4.416107495085178,True,0.0,4.09198285499971,True,0.0,4.237744257500435,True,0.0,4.508406817412346,
batio3_cubic_orb_v2_q0-0-0-b0,batio3_cubic,orb_v2,mode,600.0,True,True,True,True,0.0,4.979162277917327,True,0.0,4.959266931463417,True,0.0,5.637548836944946,True,0.0,5.408846822937232,True,0.0,4.924862677002649,True,0.0,5.056174724591269,True,0.0,5.517486163968802,
batio3_cubic_orb_v2_q0-0-0-b0,batio3_cubic,orb_v2,mode,900.0,True,True,True,True,0.0,5.553112829594564,True,0.0,5.485636009079118,True,0.0,6.441970856161133,True,0.0,6.074916964199134,True,0.0,5.485987038056139,True,0.0,5.610659300438186,True,0.0,6.195065458921044,
batio3_cubic_orb_v2_q0-0-0-b1,batio3_cubic,orb_v2,mode,50.0,False,False,,True,0.0,2.67518870015192,True,0.0,2.938662699410073,True,0.0,2.8701598446353094,True,0.0,3.0642050038504087,True,0.0,2.680149047739631,True,0.0,2.896063466104209,True,0.0,3.1693853666891116,
batio3_cubic_orb_v2_q0-0-0-b1,batio3_cubic,orb_v2,mode,100.0,True,False,False,True,0.0,3.0868588524813902,True,0.0,3.2713161548954566,True,0.0,3.2944701628299082,True,0.0,3.5321046506547233,True,0.0,3.079845230885964,True,0.0,3.2601353506318644,True,0.0,3.642390551175718,
batio3_cubic_orb_v2_q0-0-0-b1,batio3_cubic,orb_v2,mode,300.0,True,False,False,True,0.0,4.122539580031076,True,0.0,4.185869958306961,True,0.0,4.520849907277787,True,0.0,4.917173450449107,True,0.0,4.090063012146516,True,0.0,4.235338619329044,True,0.0,5.065295280395272,
batio3_cubic_orb_v2_q0-0-0-b1,batio3_cubic,orb_v2,mode,600.0,True,True,True,True,0.0,4.980902705004411,True,0.0,4.9668548049797705,True,0.0,5.653349310794197,True,0.0,6.205902613929869,True,0.0,4.92889321839558,True,0.0,5.059530179581332,True,0.0,6.393629416907318,
batio3_cubic_orb_v2_q0-0-0-b1,batio3_cubic,orb_v2,mode,900.0,True,True,True,True,0.0,5.558281317747475,True,0.0,5.497700576736939,True,0.0,6.46365373149293,True,0.0,7.1301173382027345,True,0.0,5.493675182215757,True,0.0,5.617498654923824,True,0.0,7.346747009158134,
batio3_cubic_orb_v2_q0-0-1d2-b0,batio3_cubic,orb_v2,mode,50.0,False,False,,True,0.0,1.6451004076922722,True,0.0,1.7861131406171395,True,0.0,1.8500096715129015,False,0.1,2.2338506594901313,True,0.0,1.738599441898243,True,0.0,1.7875129073843061,False,0.1,2.2404848021727197,
batio3_cubic_orb_v2_q0-0-1d2-b0,batio3_cubic,orb_v2,mode,100.0,True,False,False,True,0.0,2.0863638791264325,True,0.0,2.206662364792838,True,0.0,2.3403103118727646,False,0.095,2.8284483284940816,True,0.0,2.169656998348307,True,0.0,2.2190253382252734,False,0.095,2.8359445265925873,
batio3_cubic_orb_v2_q0-0-1d2-b0,batio3_cubic,orb_v2,mode,300.0,True,False,False,True,0.0,3.047273312001897,True,0.0,3.1367646579001933,True,0.0,3.496591277157472,True,0.0,4.329670500156939,True,0.0,3.107815600600442,True,0.0,3.1617700417095835,True,0.0,4.340790116664128,
batio3_cubic_orb_v2_q0-0-1d2-b0,batio3_cubic,orb_v2,mode,600.0,True,True,True,True,0.0,3.81403881803254,True,0.0,3.8951022027420534,True,0.0,4.5013246129195945,True,0.0,5.680187623626216,True,0.0,3.8547436745677515,True,0.0,3.9130270755281327,True,0.0,5.695126960883102,
batio3_cubic_orb_v2_q0-0-1d2-b0,batio3_cubic,orb_v2,mode,900.0,True,True,True,True,0.0,4.323543162603137,True,0.0,4.409770103485302,True,0.0,5.2080911819864495,True,0.0,6.642603516629189,True,0.0,4.351183615172922,True,0.0,4.412562552353598,True,0.0,6.660423753541625,
batio3_cubic_orb_v2_q0-0-1d2-b1,batio3_cubic,orb_v2,mode,50.0,False,False,,True,0.0,1.6530658194235666,True,0.0,1.7885191181290705,True,0.0,1.8526974509828613,False,0.095,2.308790368842906,True,0.0,1.7483110949780178,True,0.0,1.7967816309123557,False,0.095,2.3094651799998576,
batio3_cubic_orb_v2_q0-0-1d2-b1,batio3_cubic,orb_v2,mode,100.0,True,False,False,True,0.0,2.0945102100400077,True,0.0,2.205585702422434,True,0.0,2.3419819854201527,True,0.0,2.8965626018821524,True,0.0,2.179143534761614,True,0.0,2.2279847881504264,True,0.0,2.8977092240616744,
batio3_cubic_orb_v2_q0-0-1d2-b1,batio3_cubic,orb_v2,mode,300.0,True,False,False,True,0.0,3.055995297591292,True,0.0,3.1237675522192045,True,0.0,3.4958026233266435,True,0.0,4.395188191742403,True,0.0,3.1173780594819793,True,0.0,3.1707197256284982,True,0.0,4.3977183513932845,
batio3_cubic_orb_v2_q0-0-1d2-b1,batio3_cubic,orb_v2,mode,600.0,True,True,True,True,0.0,3.823162635157474,True,0.0,3.8674425950099427,True,0.0,4.498229411235554,True,0.0,5.749373484439839,True,0.0,3.86444831650021,True,0.0,3.9220888272120966,True,0.0,5.753229606777158,
batio3_cubic_orb_v2_q0-0-1d2-b1,batio3_cubic,orb_v2,mode,900.0,True,True,True,True,0.0,4.332939197438657,True,0.0,4.369657179545174,True,0.0,5.20332801837809,True,0.0,6.716849953567252,True,0.0,4.361024182565407,True,0.0,4.421745839042939,True,0.0,6.7216646731747325,
batio3_cubic_orb_v2_q0-1d2-0-b0,batio3_cubic,orb_v2,mode,50.0,False,False,,True,0.0,1.6440521949365365,True,0.0,1.7923297575576609,True,0.0,1.8569000847128192,False,0.095,2.1979504057197654,True,0.0,1.7361062876835376,True,0.0,1.7861844777753861,False,0.095,2.186904060465663,
batio3_cubic_orb_v2_q0-1d2-0-b0,batio3_cubic,orb_v2,mode,100.0,True,False,False,True,0.0,2.0820468950116573,True,0.0,2.2106082293418843,True,0.0,2.346054037083971,False,0.095,2.786953742555934,True,0.0,2.1635276448144105,True,0.0,2.213603230465255,False,0.095,2.7743514792935535,
batio3_cubic_orb_v2_q0-1d2-0-b0,batio3_cubic,orb_v2,mode,300.0,True,False,False,True,0.0,3.034168951103012,True,0.0,3.139030402672678,True,0.0,3.5016830440823865,True,0.0,4.265375318778997,True,0.0,3.092573850275816,True,0.0,3.1463565019949935,True,0.0,4.246365421726178,
batio3_cubic_orb_v2_q0-1d2-0-b0,batio3_cubic,orb_v2,mode,600.0,True,True,True,True,0.0,3.7932120145689114,True,0.0,3.899582508551487,True,0.0,4.507286536528231,True,0.0,5.5914159012321845,True,0.0,3.831836019825853,True,0.0,3.889296457190461,True,0.0,5.565557281944136,
batio3_cubic_orb_v2_q0-1d2-0-b0,batio3_cubic,orb_v2,mode,900.0,True,True,True,True,0.0,4.297512511881508,True,0.0,4.417595897597222,True,0.0,5.215222484820463,True,0.0,6.53515512295563,True,0.0,4.323178971568918,True,0.0,4.383323613347082,True,0.0,6.50408049562334,
batio3_cubic_orb_v2_q0-1d2-0-b1,batio3_cubic,orb_v2,mode,50.0,False,False,,True,0.0,1.645888483637532,True,0.0,1.7827172491794965,True,0.0,1.8557501858954912,False,0.095,2.3101824484124873,True,0.0,1.7418990738645599,True,0.0,1.7890404431472056,False,0.095,2.3057796590558515,
batio3_cubic_orb_v2_q0-1d2-0-b1,batio3_cubic,orb_v2,mode,100.0,True,False,False,True,0.0,2.086328539458499,True,0.0,2.1986271650165397,True,0.0,2.3457895014487784,True,0.0,2.89438438368222,True,0.0,2.171920386146209,True,0.0,2.2192945663163486,True,0.0,2.8905068999027446,
batio3_cubic_orb_v2_q0-1d2-0-b1,batio3_cubic,orb_v2,mode,300.0,True,False,False,True,0.0,3.045026063050268,True,0.0,3.113215373207611,True,0.0,3.5024584713509253,True,0.0,4.384642769472311,True,0.0,3.1077332971751597,True,0.0,3.1591103959848095,True,0.0,4.381418733959936,
batio3_cubic_orb_v2_q0-1d2-0-b1,batio3_cubic,orb_v2,mode,600.0,True,True,True,True,0.0,3.8098287586889503,True,0.0,3.8533675711095365,True,0.0,4.508053758754512,True,0.0,5.731795226305189,True,0.0,3.8527162924851166,True,0.0,3.9079491298600137,True,0.0,5.729117031493142,
batio3_cubic_orb_v2_q0-1d2-0-b1,batio3_cubic,orb_v2,mode,900.0,True,True,True,True,0.0,4.318009494975381,True,0.0,4.352945667802607,True,0.0,5.215617262631507,True,0.0,6.694548258276317,True,0.0,4.347879111229018,True,0.0,4.405891758995537,True,0.0,6.692270394052489,
batio3_cubic_orb_v2_q1d2-0-0-b0,batio3_cubic,orb_v2,mode,50.0,False,False,,False,0.095,1.4449814224160147,True,0.0,1.6014266412361065,True,0.0,1.7166865137398972,False,0.1,1.8525703677848468,True,0.0,1.5504427872192807,True,0.0,1.5736094974294226,False,0.1,1.850801206532259,
batio3_cubic_orb_v2_q1d2-0-0-b0,batio3_cubic,orb_v2,mode,100.0,True,False,False,True,0.0,1.86303525977771,True,0.0,1.9972386041215422,True,0.0,2.1933477406602817,False,0.1,2.401027365238754,True,0.0,1.9643961082445236,True,0.0,1.9873658717013394,False,0.1,2.3986163553827224,
batio3_cubic_orb_v2_q1d2-0-0-b0,batio3_cubic,orb_v2,mode,300.0,True,False,False,True,0.0,2.7650914984498742,True,0.0,2.844161002780442,True,0.0,3.3060555351104037,True,0.0,3.727170337532588,True,0.0,2.8523006784511513,True,0.0,2.8751016107636747,True,0.0,3.7224807360090835,
batio3_cubic_orb_v2_q1d2-0-0-b0,batio3_cubic,orb_v2,mode,600.0,True,True,True,True,0.0,3.484152383445334,True,0.0,3.5168561256479896,True,0.0,4.271825838379769,True,0.0,4.899850206541396,True,0.0,3.5564945172526263,True,0.0,3.579013586674968,True,0.0,4.8926108767788055,
batio3_cubic_orb_v2_q1d2-0-0-b0,batio3_cubic,orb_v2,mode,900.0,True,True,True,True,0.0,3.9616982249965127,True,0.0,3.9652913588742247,True,0.0,4.951434857193099,True,0.0,5.729588212837148,True,0.0,4.023899354271993,True,0.0,4.0462796675707855,True,0.0,5.720347685632249,
batio3_cubic_orb_v2_q1d2-0-0-b1,batio3_cubic,orb_v2,mode,50.0,False,False,,False,0.095,1.4495630861883366,True,0.0,1.603720356472684,True,0.0,1.7180878911210942,False,0.105,1.9076826947264798,True,0.0,1.5558590763210174,True,0.0,1.579034988820349,False,0.105,1.9085029495900314,
batio3_cubic_orb_v2_q1d2-0-0-b1,batio3_cubic,orb_v2,mode,100.0,True,False,False,True,0.0,1.868911484793176,True,0.0,1.9996293395997564,True,0.0,2.1951594161135195,False,0.105,2.4694252275484594,True,0.0,1.9711038454619585,True,0.0,1.9942327145520478,False,0.105,2.4702187117184002,
batio3_cubic_orb_v2_q1d2-0-0-b1,batio3_cubic,orb_v2,mode,300.0,True,False,False,True,0.0,2.7743702122090896,True,0.0,2.844913287056656,True,0.0,3.3086844954758465,True,0.0,3.843556330977198,True,0.0,2.862398413907571,True,0.0,2.885751565903254,True,0.0,3.8443058823567133,
batio3_cubic_orb_v2_q1d2-0-0-b1,batio3_cubic,orb_v2,mode,600.0,True,True,True,True,0.0,3.4963627486753523,True,0.0,3.5135572769938217,True,0.0,4.274910847270382,True,0.0,5.069872879708245,True,0.0,3.569463078986081,True,0.0,3.5928675039568763,True,0.0,5.070582305241106,
batio3_cubic_orb_v2_q1d2-0-0-b1,batio3_cubic,orb_v2,mode,900.0,True,True,True,True,0.0,3.9758890437158887,True,0.0,3.957596811776903,True,0.0,4.954727254180146,True,0.0,5.941905155310066,True,0.0,4.038796213881922,True,0.0,4.062283005375981,True,0.0,5.942596608032578,
batio3_cubic_orb_v2_q1d2-1d2-0-b0,batio3_cubic,orb_v2,decide,50.0,False,False,,False,0.1,1.1792282611946765,False,0.08,1.2887143066964541,False,0.105,1.276112676511922,False,0.11,1.4873594165081194,False,0.085,1.2820428855072132,False,0.085,1.2907671425869462,False,0.11,1.4908630142973782,
batio3_cubic_orb_v2_q1d2-1d2-0-b0,batio3_cubic,orb_v2,decide,100.0,True,False,False,False,0.095,1.5569102357771385,True,0.0,1.6659428154566873,False,0.1,1.6915012592636243,False,0.11,1.9850320216794308,True,0.0,1.6650195857117076,True,0.0,1.6751181772351418,False,0.11,1.989540986186957,True
batio3_cubic_orb_v2_q1d2-1d2-0-b0,batio3_cubic,orb_v2,decide,300.0,True,False,False,True,0.0,2.37427739709061,True,0.0,2.4736823752421926,True,0.0,2.639003954136395,False,0.105,3.1813962402280693,True,0.0,2.481000432483242,True,0.0,2.494089161464498,False,0.105,3.1889734811172863,True
batio3_cubic_orb_v2_q1d2-1d2-0-b0,batio3_cubic,orb_v2,decide,600.0,True,True,True,True,0.0,3.0302496519024165,True,0.0,3.12579555720219,True,0.0,3.454714843847854,True,0.0,4.251808652215281,True,0.0,3.1285070105508397,True,0.0,3.1439151631455253,True,0.0,4.262633431273465,True
batio3_cubic_orb_v2_q1d2-1d2-0-b0,batio3_cubic,orb_v2,decide,900.0,True,True,True,True,0.0,3.4666427424181485,True,0.0,3.5662179202702435,True,0.0,4.026338272220914,True,0.0,5.014932546051158,True,0.0,3.5580406923601453,True,0.0,3.574984826224065,True,0.0,5.028282054768848,True
batio3_cubic_sevennet0_q0-0-0-b0,batio3_cubic,sevennet0,mode,50.0,False,False,,False,0.09,2.971178990548378,True,0.0,3.469125385280392,True,0.0,3.454572047138886,True,0.0,3.561313065643861,True,0.0,3.2758764286815683,True,0.0,3.3522856330497413,True,0.0,3.274511585618337,
batio3_cubic_sevennet0_q0-0-0-b0,batio3_cubic,sevennet0,mode,100.0,True,False,False,False,0.09,3.583832415651045,True,0.0,4.0383268962183285,True,0.0,4.05343136317304,True,0.0,4.144032855397532,True,0.0,3.8660600821280853,True,0.0,3.9294931683968297,True,0.0,3.8648098690987176,
batio3_cubic_sevennet0_q0-0-0-b0,batio3_cubic,sevennet0,mode,300.0,True,False,True,True,0.0,5.2288504338070565,True,0.0,5.71504564879348,True,0.0,5.833119358151698,True,0.0,5.881314673529772,True,0.0,5.528494658514943,True,0.0,5.575167330999692,True,0.0,5.527173889073376,
batio3_cubic_sevennet0_q0-0-0-b0,batio3_cubic,sevennet0,mode,600.0,True,True,True,True,0.0,6.644204702331245,True,0.0,7.202689903582062,True,0.0,7.443009715358328,True,0.0,7.406698013090429,True,0.0,6.967169614604535,True,0.0,6.9995277202188095,True,0.0,6.96573672963161,
batio3_cubic_sevennet0_q0-0-0-b0,batio3_cubic,sevennet0,mode,900.0,True,True,True,True,0.0,7.602794147810697,True,0.0,8.230774697967407,True,0.0,8.570438466707285,True,0.0,8.443325178255854,True,0.0,7.941655702508838,True,0.0,7.963880734558112,True,0.0,7.940143265300099,
batio3_cubic_sevennet0_q1d2-0-0-b0,batio3_cubic,sevennet0,decide,50.0,False,False,,False,0.085,2.1040523538321656,False,0.07,2.410418795437249,False,0.07,2.3689606996225367,False,0.07,2.426629500837568,False,0.07,2.3629950013563588,False,0.07,2.3816273353162525,False,0.07,2.3632831768809064,
batio3_cubic_sevennet0_q1d2-0-0-b0,batio3_cubic,sevennet0,decide,100.0,True,False,False,False,0.085,2.6905081177101913,True,0.0,2.994003090140421,False,0.07,2.9568410947661965,False,0.07,3.033014523120365,False,0.07,2.95088264493981,False,0.07,2.9669650740200737,False,0.07,2.9511793964467623,True
batio3_cubic_sevennet0_q1d2-0-0-b0,batio3_cubic,sevennet0,decide,300.0,True,False,True,True,0.0,4.110794778778363,True,0.0,4.4342618877964695,True,0.0,4.4076445321377316,True,0.0,4.555006622980968,True,0.0,4.391031514189402,True,0.0,4.400870691151549,True,0.0,4.391390871763302,
batio3_cubic_sevennet0_q1d2-0-0-b0,batio3_cubic,sevennet0,decide,600.0,True,True,True,True,0.0,5.3141615043722865,True,0.0,5.655942406397181,True,0.0,5.644523156689806,True,0.0,5.867517759156747,True,0.0,5.5999755774970925,True,0.0,5.602744392520586,True,0.0,5.600390598883227,
batio3_cubic_sevennet0_q1d2-0-0-b0,batio3_cubic,sevennet0,decide,900.0,True,True,True,True,0.0,6.128505975537295,True,0.0,6.48858999145725,True,0.0,6.490727819603957,True,0.0,6.7698719120392035,True,0.0,6.414019177901767,True,0.0,6.41151797864521,True,0.0,6.4144713760291205,
batio3_cubic_sevennet0_q1d2-0-1d2-b0,batio3_cubic,sevennet0,decide,50.0,False,False,,False,0.08,1.4188970120110185,False,0.07,1.6294525380160112,False,0.07,1.5940188774736543,False,0.07,2.1929472557666587,False,0.065,1.6613947543598901,False,0.065,1.6376019642949156,False,0.065,1.661467646719114,
batio3_cubic_sevennet0_q1d2-0-1d2-b0,batio3_cubic,sevennet0,decide,100.0,True,False,False,False,0.08,1.8986721396745347,False,0.07,2.14217153352225,False,0.065,2.0934847812068904,False,0.07,2.8414448910421095,False,0.065,2.1784673136103265,False,0.065,2.1496704024694138,False,0.065,2.1785254622315824,
batio3_cubic_sevennet0_q1d2-0-1d2-b0,batio3_cubic,sevennet0,decide,300.0,True,False,True,False,0.075,3.0269693706532204,True,0.0,3.341614031551949,True,0.0,3.2441410129833543,False,0.07,4.524730619034205,True,0.0,3.3822948132623742,True,0.0,3.33921924969336,True,0.0,3.382279014894474,True
batio3_cubic_sevennet0_q1d2-0-1d2-b0,batio3_cubic,sevennet0,decide,600.0,True,True,True,True,0.0,3.992981901776212,True,0.0,4.361221126937802,True,0.0,4.202221295595823,False,0.065,6.081156060006781,True,0.0,4.391207183998016,True,0.0,4.33524581890369,True,0.0,4.391095207393606,True
batio3_cubic_sevennet0_q1d2-0-1d2-b0,batio3_cubic,sevennet0,decide,900.0,True,True,True,True,0.0,4.652332181046859,True,0.0,5.059850173599677,True,0.0,4.847369284976995,True,0.0,7.203198731104669,True,0.0,5.072247990080509,True,0.0,5.007391230568051,True,0.0,5.07206111374601,True
cssnbr3_cubic_chgnet_q0-0-0-b0,cssnbr3_cubic,chgnet,mode,50.0,False,False,,True,0.0,0.8211950418926023,True,0.0,0.6914532095379549,False,0.16,0.3928345218236474,True,0.0,1.1094084800586095,True,0.0,0.8871806966168604,True,0.0,0.6762255616029864,True,0.0,0.3944224956675981,
cssnbr3_cubic_chgnet_q0-0-0-b0,cssnbr3_cubic,chgnet,mode,100.0,True,False,False,True,0.0,0.8755476380242471,True,0.0,0.767475658702502,True,0.0,0.5170051653673735,True,0.0,1.0808220856154103,True,0.0,0.921163812846866,True,0.0,0.7877793833092932,True,0.0,0.5192133103626929,
cssnbr3_cubic_chgnet_q0-0-0-b0,cssnbr3_cubic,chgnet,mode,300.0,True,True,False,True,0.0,1.0269539588145566,True,0.0,0.9401939797415914,True,0.0,0.7710932183946679,True,0.0,1.176012428492051,True,0.0,1.0850607562363626,True,0.0,1.0180509542534366,True,0.0,0.7749667365645033,
cssnbr3_cubic_chgnet_q0-0-0-b0,cssnbr3_cubic,chgnet,mode,600.0,True,True,False,True,0.0,1.1746016069718526,True,0.0,1.0861963954612621,True,0.0,0.9747578996696471,True,0.0,1.3864738447293659,True,0.0,1.278216234193129,True,0.0,1.2025179965761965,True,0.0,0.9803566902810992,
cssnbr3_cubic_chgnet_q0-0-0-b0,cssnbr3_cubic,chgnet,mode,900.0,True,True,False,True,0.0,1.283563615822103,True,0.0,1.1867242057945333,True,0.0,1.113095878363275,True,0.0,1.5565178998516287,True,0.0,1.4260884415342179,True,0.0,1.326912316616963,True,0.0,1.1200410070720932,
cssnbr3_cubic_chgnet_q0-0-0-b1,cssnbr3_cubic,chgnet,mode,50.0,False,False,,True,0.0,0.8212643754186371,True,0.0,0.6923055241526512,True,0.0,0.3948743169991936,True,0.0,1.0793442368138977,True,0.0,0.8870035994727257,True,0.0,0.6772996897726854,False,0.16,0.3942900711709616,
cssnbr3_cubic_chgnet_q0-0-0-b1,cssnbr3_cubic,chgnet,mode,100.0,True,False,False,True,0.0,0.8765672756833726,True,0.0,0.7690593270422524,True,0.0,0.5195043972829158,True,0.0,1.061950530262488,True,0.0,0.922578395624674,True,0.0,0.7895179729572533,True,0.0,0.5190763322480688,
cssnbr3_cubic_chgnet_q0-0-0-b1,cssnbr3_cubic,chgnet,mode,300.0,True,True,False,True,0.0,1.0303738752039122,True,0.0,0.9430710086025718,True,0.0,0.7744996213798957,True,0.0,1.162894258949296,True,0.0,1.0907747102196585,True,0.0,1.02096989618548,True,0.0,0.7748626393552278,
cssnbr3_cubic_chgnet_q0-0-0-b1,cssnbr3_cubic,chgnet,mode,600.0,True,True,False,True,0.0,1.180210240553927,True,0.0,1.089987603319063,True,0.0,0.9789227461443015,True,0.0,1.3641443302493879,True,0.0,1.2869173055106438,True,0.0,1.2062899078893854,True,0.0,0.9803113574404102,
cssnbr3_cubic_chgnet_q0-0-0-b1,cssnbr3_cubic,chgnet,mode,900.0,True,True,False,True,0.0,1.2907448992662738,True,0.0,1.1910973740132818,True,0.0,1.1178006063122974,True,0.0,1.527236670538343,True,0.0,1.4366388363815648,True,0.0,1.3312336862627623,True,0.0,1.1200484882514776,
cssnbr3_cubic_chgnet_q0-0-0-b3,cssnbr3_cubic,chgnet,mode,50.0,False,False,,True,0.0,0.9913582834821499,True,0.0,0.874679921536304,True,0.0,0.3808058612655942,True,0.0,1.0159763606043415,True,0.0,0.8665884936427828,True,0.0,0.7888983568769923,True,0.0,0.3807812513073961,
cssnbr3_cubic_chgnet_q0-0-0-b3,cssnbr3_cubic,chgnet,mode,100.0,True,False,False,True,0.0,1.0055484616292982,True,0.0,0.9016169521913538,True,0.0,0.4803495215667916,True,0.0,1.0282272020949408,True,0.0,0.8926557156116105,True,0.0,0.8401578262998933,True,0.0,0.48032476074398295,
cssnbr3_cubic_chgnet_q0-0-0-b3,cssnbr3_cubic,chgnet,mode,300.0,True,True,False,True,0.0,1.0558599373207833,True,0.0,0.9855233657884603,True,0.0,0.6738979077296197,True,0.0,1.1013853283451687,True,0.0,0.9741992914127646,True,0.0,0.9742167475477258,True,0.0,0.6738731360522251,
cssnbr3_cubic_chgnet_q0-0-0-b3,cssnbr3_cubic,chgnet,mode,600.0,True,True,False,True,0.0,1.115908932532575,True,0.0,1.0735809091207122,True,0.0,0.8227952636769229,True,0.0,1.2193531895016267,True,0.0,1.06013865788031,True,0.0,1.0974631112998108,True,0.0,0.8227701522767862,
cssnbr3_cubic_chgnet_q0-0-0-b3,cssnbr3_cubic,chgnet,mode,900.0,True,True,False,True,0.0,1.1647573766616939,True,0.0,1.14011528433364,True,0.0,0.9213511510223114,True,0.0,1.3230575458475562,True,0.0,1.1252151034885698,True,0.0,1.1851540852998186,True,0.0,0.9213256176596946,
cssnbr3_cubic_chgnet_q0-0-0-b4,cssnbr3_cubic,chgnet,mode,50.0,False,False,,True,0.0,0.9901481525515823,True,0.0,0.8715931098007039,True,0.0,0.3850752062580177,True,0.0,1.0105116537323717,True,0.0,0.8490466930251074,True,0.0,0.7840218310750066,True,0.0,0.3841537601008775,
cssnbr3_cubic_chgnet_q0-0-0-b4,cssnbr3_cubic,chgnet,mode,100.0,True,False,False,True,0.0,1.0040700974672578,True,0.0,0.8963606278995044,True,0.0,0.4813469758245908,True,0.0,1.0151592813253338,True,0.0,0.8718093750577965,True,0.0,0.8345433460558225,True,0.0,0.4802693378124,
cssnbr3_cubic_chgnet_q0-0-0-b4,cssnbr3_cubic,chgnet,mode,300.0,True,True,False,True,0.0,1.056296611523453,True,0.0,0.9747098433018095,True,0.0,0.6684392928898574,True,0.0,1.0333280925659272,True,0.0,0.9617273472671449,True,0.0,0.9669278525284226,True,0.0,0.6670523859422665,
cssnbr3_cubic_chgnet_q0-0-0-b4,cssnbr3_cubic,chgnet,mode,600.0,True,True,False,True,0.0,1.1233115996634244,True,0.0,1.0581220554740527,True,0.0,0.8126362934736329,True,0.0,1.0581336709915927,True,0.0,1.0749570439353182,True,0.0,1.08880820404161,True,0.0,0.8110047464144993,
cssnbr3_cubic_chgnet_q0-0-0-b4,cssnbr3_cubic,chgnet,mode,900.0,True,True,False,True,0.0,1.1806760074516267,True,0.0,1.1216155048812193,True,0.0,0.9082226886587812,True,0.0,1.0805129895763856,True,0.0,1.1673165864008828,True,0.0,1.175579599038734,True,0.0,0.9064264223282238,
cssnbr3_cubic_chgnet_q0-0-1d2-b0,cssnbr3_cubic,chgnet,mode,50.0,False,False,,True,0.0,0.7626267541875692,True,0.0,0.6953997249488066,False,0.31,0.27595234058235857,True,0.0,1.0882053446680513,True,0.0,0.9070578632805042,True,0.0,0.5768180072894054,False,0.31,0.27573865821312615,
cssnbr3_cubic_chgnet_q0-0-1d2-b0,cssnbr3_cubic,chgnet,mode,100.0,True,False,False,True,0.0,0.7917092329619265,True,0.0,0.734800210213351,True,0.0,0.36782421454311276,True,0.0,1.0811257721821896,True,0.0,0.9090787605949833,True,0.0,0.6562980839614629,True,0.0,0.367566494258939,
cssnbr3_cubic_chgnet_q0-0-1d2-b0,cssnbr3_cubic,chgnet,mode,300.0,True,True,False,True,0.0,0.8779675924548287,True,0.0,0.8410984796214902,True,0.0,0.554626337491969,True,0.0,1.048804187477879,True,0.0,0.9171505837396794,True,0.0,0.8264024868858728,True,0.0,0.5543014857389323,
cssnbr3_cubic_chgnet_q0-0-1d2-b0,cssnbr3_cubic,chgnet,mode,600.0,True,True,False,True,0.0,0.9651042735904581,True,0.0,0.9411761221841314,True,0.0,0.7000604376068801,False,0.46,0.986241871413517,True,0.0,0.9286919096350854,True,0.0,0.9657180308306342,True,0.0,0.6996917826704223,
cssnbr3_cubic_chgnet_q0-0-1d2-b0,cssnbr3_cubic,chgnet,mode,900.0,True,True,False,True,0.0,1.029745715032478,True,0.0,1.013117152246006,True,0.0,0.7960716306565756,False,0.46,0.8752774289018291,True,0.0,0.9395882882630421,True,0.0,1.0605145186846716,True,0.0,0.7956750091679381,
cssnbr3_cubic_chgnet_q0-0-1d2-b2,cssnbr3_cubic,chgnet,mode,50.0,False,False,,True,0.0,0.8834562116587498,True,0.0,0.7371449676863556,True,0.0,0.30581973104467064,True,0.0,0.9693153968336087,True,0.0,0.8063631794001543,True,0.0,0.677662111768496,True,0.0,0.305825375355712,
cssnbr3_cubic_chgnet_q0-0-1d2-b2,cssnbr3_cubic,chgnet,mode,100.0,True,False,False,True,0.0,0.8927649632721774,True,0.0,0.7626628982153681,True,0.0,0.3995652858024495,True,0.0,0.9669948418317502,True,0.0,0.8167351675602523,True,0.0,0.7203416207772321,True,0.0,0.39959377717950156,
cssnbr3_cubic_chgnet_q0-0-1d2-b2,cssnbr3_cubic,chgnet,mode,300.0,True,True,False,True,0.0,0.9271014253487209,True,0.0,0.8398459103804162,True,0.0,0.5919385169797359,True,0.0,1.0234220969968462,True,0.0,0.853645672424845,True,0.0,0.8324040828546881,True,0.0,0.5920190356958441,
cssnbr3_cubic_chgnet_q0-0-1d2-b2,cssnbr3_cubic,chgnet,mode,600.0,True,True,False,True,0.0,0.9706062694726711,True,0.0,0.9191872956991364,True,0.0,0.7481609946832916,True,0.0,1.1523832299018488,True,0.0,0.8984082984333907,True,0.0,0.9359932884564024,True,0.0,0.7482830322854449,
cssnbr3_cubic_chgnet_q0-0-1d2-b2,cssnbr3_cubic,chgnet,mode,900.0,True,True,False,True,0.0,1.0076125932157398,True,0.0,0.9785505837174251,True,0.0,0.8553617231972129,True,0.0,1.2670561296589051,True,0.0,0.9352529304110986,True,0.0,1.0098909651395738,True,0.0,0.8555112105866044,
cssnbr3_cubic_chgnet_q0-1d2-0-b4,cssnbr3_cubic,chgnet,mode,50.0,False,False,,True,0.0,1.1420498872820457,True,0.0,0.9192840817883602,True,0.0,0.29764527508375266,True,0.0,1.1431092526202973,True,0.0,0.9508046545719722,True,0.0,0.745794456146578,True,0.0,0.29768045674798893,
cssnbr3_cubic_chgnet_q0-1d2-0-b4,cssnbr3_cubic,chgnet,mode,100.0,True,False,False,True,0.0,1.1458582582409427,True,0.0,0.9385284647426932,True,0.0,0.380160498057151,True,0.0,1.1351160268385028,True,0.0,0.9618315883377738,True,0.0,0.7840181823125113,True,0.0,0.3802078473218249,
cssnbr3_cubic_chgnet_q0-1d2-0-b4,cssnbr3_cubic,chgnet,mode,300.0,True,True,False,True,0.0,1.1610928017086386,True,0.0,1.0029003702055481,True,0.0,0.5408336931196939,True,0.0,1.1046565442444298,True,0.0,1.0018180740566518,True,0.0,0.8898899164215989,True,0.0,0.5409053284625474,
cssnbr3_cubic_chgnet_q0-1d2-0-b4,cssnbr3_cubic,chgnet,mode,600.0,True,True,False,True,0.0,1.1824157671424562,True,0.0,1.0751644190675536,True,0.0,0.6642191096936525,True,0.0,1.0742017865119273,True,0.0,1.051037801885951,True,0.0,0.9913328667267594,True,0.0,0.6643094045467834,
cssnbr3_cubic_chgnet_q0-1d2-0-b4,cssnbr3_cubic,chgnet,mode,900.0,True,True,False,True,0.0,1.2020799033167642,True,0.0,1.1317892447146507,True,0.0,0.745746817427758,True,0.0,1.0694182352019184,True,0.0,1.0919370835323365,True,0.0,1.064798524031372,True,0.0,0.7458493802257002,
cssnbr3_cubic_chgnet_q1d2-0-0-b0,cssnbr3_cubic,chgnet,mode,50.0,False,False,,True,0.0,0.8163002715742945,True,0.0,0.7461860222609028,True,0.0,0.360532077033461,True,0.0,1.0579219569355318,True,0.0,0.9087346811324191,True,0.0,0.6569041849159224,True,0.0,0.3685989445550208,
cssnbr3_cubic_chgnet_q1d2-0-0-b0,cssnbr3_cubic,chgnet,mode,100.0,True,False,False,True,0.0,0.863204957759388,True,0.0,0.8030665158841862,True,0.0,0.470644734332391,True,0.0,1.0674258943899524,True,0.0,0.928360998636981,True,0.0,0.7509238613005319,True,0.0,0.48120764690689294,
cssnbr3_cubic_chgnet_q1d2-0-0-b0,cssnbr3_cubic,chgnet,mode,300.0,True,True,False,True,0.0,0.9967506516926431,True,0.0,0.9455755296170267,True,0.0,0.6889026053015903,True,0.0,1.1029916213151874,True,0.0,1.06755432946593,True,0.0,0.9508953807917313,True,0.0,0.7044943941486997,
cssnbr3_cubic_chgnet_q1d2-0-0-b0,cssnbr3_cubic,chgnet,mode,600.0,True,True,False,True,0.0,1.1289035550849682,True,0.0,1.0731308974619291,True,0.0,0.8570916436163432,True,0.0,1.1482869333141574,True,0.0,1.250864550181156,True,0.0,1.1138906723918198,True,0.0,0.8765807776550977,
cssnbr3_cubic_chgnet_q1d2-0-0-b0,cssnbr3_cubic,chgnet,mode,900.0,True,True,False,True,0.0,1.2269942204770945,True,0.0,1.1629210047474412,True,0.0,0.9680393334733264,True,0.0,1.1868470441013592,True,0.0,1.3942164716780252,True,0.0,1.2245693343274509,True,0.0,0.9901008660275948,
cssnbr3_cubic_chgnet_q1d2-0-0-b2,cssnbr3_cubic,chgnet,mode,50.0,False,False,,True,0.0,0.9598460659448608,True,0.0,0.7838977289692435,True,0.0,0.2925202524574786,True,0.0,1.023944915325053,True,0.0,0.8466990731392546,True,0.0,0.6251198887347378,True,0.0,0.2922626478194077,
cssnbr3_cubic_chgnet_q1d2-0-0-b2,cssnbr3_cubic,chgnet,mode,100.0,True,False,False,True,0.0,0.9679536549457701,True,0.0,0.8066397530591246,True,0.0,0.37476394752094466,True,0.0,1.0157935966894218,True,0.0,0.858543134432511,True,0.0,0.6741491661843472,True,0.0,0.3722902824352679,
cssnbr3_cubic_chgnet_q1d2-0-0-b2,cssnbr3_cubic,chgnet,mode,300.0,True,True,False,True,0.0,0.9982852994749348,True,0.0,0.8780281937982022,True,0.0,0.5390807610516487,True,0.0,1.0072451933732942,True,0.0,0.9003475129430831,True,0.0,0.7955815977272499,True,0.0,0.5279288467911081,
cssnbr3_cubic_chgnet_q1d2-0-0-b2,cssnbr3_cubic,chgnet,mode,600.0,True,True,False,True,0.0,1.0372014170202486,True,0.0,0.9537625079335066,True,0.0,0.6698217746337444,True,0.0,1.053366962327741,True,0.0,0.9504183116970867,True,0.0,0.9037721762953561,True,0.0,0.6474575991030896,
cssnbr3_cubic_chgnet_q1d2-0-0-b2,cssnbr3_cubic,chgnet,mode,900.0,True,True,False,True,0.0,1.070543844021339,True,0.0,1.0113271646034951,True,0.0,0.7585919009971742,True,0.0,1.1210845282980975,True,0.0,0.9912790275393769,True,0.0,0.9798178589316864,True,0.0,0.7264632185258786,
cssnbr3_cubic_chgnet_q1d2-1d2-1d2-b0,cssnbr3_cubic,chgnet,decide,50.0,False,False,,False,0.45,0.03994737450812576,False,0.455,0.10677978373809606,False,0.525,0.10749994209559101,False,0.395,-0.2301794516328306,False,0.53,0.09241154377475902,False,0.455,0.106804706800509,False,0.525,0.10745574516491753,
cssnbr3_cubic_chgnet_q1d2-1d2-1d2-b0,cssnbr3_cubic,chgnet,decide,100.0,True,False,False,False,0.445,0.1504091522433273,False,0.45,0.14883076569785278,False,0.525,0.15122116347942727,False,0.39,0.16980447035889148,False,0.525,0.12925422361196806,False,0.45,0.1490826405126301,False,0.525,0.1511592812075404,True
cssnbr3_cubic_chgnet_q1d2-1d2-1d2-b0,cssnbr3_cubic,chgnet,decide,300.0,True,True,False,False,0.43,0.24887641110953895,False,0.43,0.24571390408434576,False,0.515,0.25707109752718904,False,0.37,0.2781092248879184,False,0.51,0.21555832852817466,False,0.435,0.24716173245723452,False,0.515,0.25696737273467257,True
cssnbr3_cubic_chgnet_q1d2-1d2-1d2-b0,cssnbr3_cubic,chgnet,decide,600.0,True,True,False,True,0.0,0.33405911213147793,True,0.0,0.3291587720774999,False,0.505,0.3550606808465713,True,0.0,0.37004172755694115,False,0.485,0.29144577182511816,False,0.405,0.3323406000401066,False,0.505,0.35491948051705907,True
cssnbr3_cubic_chgnet_q1d2-1d2-1d2-b0,cssnbr3_cubic,chgnet,decide,900.0,True,True,False,True,0.0,0.3927556077023911,True,0.0,0.38651108237838594,False,0.49,0.42623999902265913,True,0.0,0.4327238680468611,True,0.0,0.3442676038514637,True,0.0,0.3911712885924876,False,0.49,0.4260721718870197,True
cssnbr3_cubic_mace_mp0_q1d2-1d2-0-b0,cssnbr3_cubic,mace_mp0,decide,50.0,False,False,,False,0.46,0.14722248882618547,False,0.47000000000000003,0.1433999048832024,False,0.54,0.14777536123181176,False,0.42,0.15993374654525694,False,0.51,0.13328540194496738,False,0.47500000000000003,0.14283603414217508,False,0.47000000000000003,0.1433999047682215,
cssnbr3_cubic_mace_mp0_q1d2-1d2-0-b0,cssnbr3_cubic,mace_mp0,decide,100.0,True,False,False,False,0.455,0.20367649861057927,False,0.465,0.19810905091696254,False,0.535,0.2070853435312951,False,0.41000000000000003,0.22027273145652923,False,0.5,0.18464426252736724,False,0.47000000000000003,0.19783280301961095,False,0.465,0.1981090507629603,True
cssnbr3_cubic_mace_mp0_q1d2-1d2-0-b0,cssnbr3_cubic,mace_mp0,decide,300.0,True,True,False,False,0.41500000000000004,0.32983099755025885,False,0.42,0.31969806695136915,False,0.52,0.3480271903557276,True,0.0,0.3529515648046265,False,0.465,0.299980688753544,False,0.435,0.3212654487463006,False,0.42,0.31969806671790796,
cssnbr3_cubic_mace_mp0_q1d2-1d2-0-b0,cssnbr3_cubic,mace_mp0,decide,600.0,True,True,False,True,0.0,0.43497835180658495,True,0.0,0.4205138227376203,False,0.49,0.4752417157752119,True,0.0,0.46189851521353875,True,0.0,0.3965840997370652,True,0.0,0.42458595161931495,True,0.0,0.420513822450103,
cssnbr3_cubic_mace_mp0_q1d2-1d2-0-b0,cssnbr3_cubic,mace_mp0,decide,900.0,True,True,True,True,0.0,0.5060269160416472,True,0.0,0.4884742884961429,False,0.455,0.5661030901701896,True,0.0,0.5350330233410272,True,0.0,0.4620110544112153,True,0.0,0.49454118092686467,True,0.0,0.48847428816361155,
cssnbr3_cubic_mace_mp0_q1d2-1d2-1d2-b0,cssnbr3_cubic,mace_mp0,decide,50.0,False,False,,False,0.435,-0.444976848793512,False,0.44,0.1029595712564785,False,0.515,0.10396082851176193,False,0.39,0.1155961390246103,False,0.465,-0.5631532180043002,False,0.435,-0.45761257855845894,False,0.44,0.10295957112798097,
cssnbr3_cubic_mace_mp0_q1d2-1d2-1d2-b0,cssnbr3_cubic,mace_mp0,decide,100.0,True,False,False,False,0.43,0.146165854319337,False,0.435,0.1437886151330016,False,0.515,0.14120822147851075,False,0.385,0.16104367302182718,False,0.465,-0.3847490126974236,False,0.43,0.04007959790773126,False,0.435,0.14378861495666567,
cssnbr3_cubic_mace_mp0_q1d2-1d2-1d2-b0,cssnbr3_cubic,mace_mp0,decide,300.0,True,True,False,False,0.42,0.24338155061354855,False,0.425,0.23873185688764492,False,0.51,0.24036047974299143,False,0.37,0.2655486607764966,False,0.45,0.23285907029373443,False,0.41500000000000004,0.24351035235974225,False,0.425,0.2387318565946745,True
cssnbr3_cubic_mace_mp0_q1d2-1d2-1d2-b0,cssnbr3_cubic,mace_mp0,decide,600.0,True,True,False,False,0.395,0.32858104262218024,False,0.395,0.3214319323404754,False,0.495,0.33242050914134735,True,0.0,0.3553510098013509,False,0.43,0.3163526086251361,False,0.39,0.3282137077440988,False,0.395,0.3214319319499819,True
cssnbr3_cubic_mace_mp0_q1d2-1d2-1d2-b0,cssnbr3_cubic,mace_mp0,decide,900.0,True,True,True,True,0.0,0.38775821344682215,True,0.0,0.3786537374681498,False,0.485,0.39942030500340864,True,0.0,0.4169916397674708,True,0.0,0.37502517290071347,True,0.0,0.3869083616176559,True,0.0,0.37865373702009164,True
cssnbr3_cubic_mattersim_q0-0-0-b0,cssnbr3_cubic,mattersim,mode,50.0,False,False,,True,0.0,0.6217775936934664,True,0.0,0.5543281015392447,True,0.0,0.3813943747117364,True,0.0,0.8526675087548722,True,0.0,0.685534973557627,True,0.0,0.5164958914153084,True,0.0,0.516525624204431,
cssnbr3_cubic_mattersim_q0-0-0-b0,cssnbr3_cubic,mattersim,mode,100.0,True,False,False,True,0.0,0.6840023347514876,True,0.0,0.6285012383962506,True,0.0,0.48509907984021505,True,0.0,0.8388741825497961,True,0.0,0.7320600313040588,True,0.0,0.6268274612422565,True,0.0,0.6267586289622438,
cssnbr3_cubic_mattersim_q0-0-0-b0,cssnbr3_cubic,mattersim,mode,300.0,True,True,False,True,0.0,0.8295610905265144,True,0.0,0.7882538846708527,True,0.0,0.6901817131070128,True,0.0,1.0750238885118255,True,0.0,0.8964158836292611,True,0.0,0.8441761871385645,True,0.0,0.8439355068141323,
cssnbr3_cubic_mattersim_q0-0-0-b0,cssnbr3_cubic,mattersim,mode,600.0,True,True,False,True,0.0,0.9553576909350172,True,0.0,0.9195984299014409,True,0.0,0.8513411631214901,True,0.0,1.3356057139637982,True,0.0,1.0680208943847314,True,0.0,1.0136424812037426,True,0.0,1.0132814468660207,
cssnbr3_cubic_mattersim_q0-0-0-b0,cssnbr3_cubic,mattersim,mode,900.0,True,True,True,True,0.0,1.0430104270992921,True,0.0,1.0091096909483293,True,0.0,0.9598269412397462,True,0.0,1.5269100971722347,True,0.0,1.1956960680679292,True,0.0,1.1266502550041324,True,0.0,1.1262133649527248,
cssnbr3_cubic_mattersim_q0-1d2-1d2-b0,cssnbr3_cubic,mattersim,decide,50.0,False,False,,False,0.46,0.14711148944261224,False,0.47000000000000003,0.14325700113707648,False,0.54,0.10670879075243764,False,0.41500000000000004,0.15954883268227402,False,0.51,0.13328467661108873,False,0.47500000000000003,0.14272915407202652,False,0.47500000000000003,0.1427230346768276,
cssnbr3_cubic_mattersim_q0-1d2-1d2-b0,cssnbr3_cubic,mattersim,decide,100.0,True,False,False,False,0.455,0.20353721043342318,False,0.465,0.19792504934691746,False,0.535,0.20732826367845328,False,0.41000000000000003,0.21917267382337036,False,0.5,0.18465834276315712,False,0.47000000000000003,0.19769610192875914,False,0.47000000000000003,0.19768747290006372,True
cssnbr3_cubic_mattersim_q0-1d2-1d2-b0,cssnbr3_cubic,mattersim,decide,300.0,True,True,False,False,0.42,0.32966238705062767,False,0.42,0.31945314687099097,False,0.52,0.34844650993809007,True,0.0,0.34912765779201194,False,0.465,0.3000657006426527,False,0.435,0.3210896023422079,False,0.435,0.32107493830190287,
cssnbr3_cubic_mattersim_q0-1d2-1d2-b0,cssnbr3_cubic,mattersim,decide,600.0,True,True,False,True,0.0,0.43481279575646714,True,0.0,0.42024212359991514,False,0.49,0.4758310785585794,True,0.0,0.4550381672957038,True,0.0,0.3967601883168419,True,0.0,0.42440059948193865,True,0.0,0.4243805487026959,
cssnbr3_cubic_mattersim_q0-1d2-1d2-b0,cssnbr3_cubic,mattersim,decide,900.0,True,True,True,True,0.0,0.5058720516665361,True,0.0,0.4881916954125099,False,0.455,0.5668201158494302,True,0.0,0.5259194571547646,True,0.0,0.4622591321030233,True,0.0,0.4943569272737888,True,0.0,0.4943331208956574,
cssnbr3_cubic_mattersim_q1d2-0-0-b0,cssnbr3_cubic,mattersim,mode,50.0,False,False,,True,0.0,0.5181970792477408,True,0.0,0.45296538446637286,True,0.0,0.2580570519468581,True,0.0,0.8266255498299186,True,0.0,0.5952325356385842,True,0.0,0.381027015279056,True,0.0,0.38099953300530265,
cssnbr3_cubic_mattersim_q1d2-0-0-b0,cssnbr3_cubic,mattersim,mode,100.0,True,False,False,True,0.0,0.5588867958301129,True,0.0,0.5049234518370063,True,0.0,0.3396453435490465,True,0.0,0.7605288453392883,True,0.0,0.6082052965070539,True,0.0,0.47609009349173026,True,0.0,0.47608538761180985,
cssnbr3_cubic_mattersim_q1d2-0-0-b0,cssnbr3_cubic,mattersim,mode,300.0,True,True,False,True,0.0,0.6603795418957565,True,0.0,0.6208946547038151,True,0.0,0.5062341513930776,True,0.0,0.9193973422868672,True,0.0,0.6794930064741221,True,0.0,0.6608144586451073,True,0.0,0.6608534470130474,
cssnbr3_cubic_mattersim_q1d2-0-0-b0,cssnbr3_cubic,mattersim,mode,600.0,True,True,False,True,0.0,0.7518560194853237,True,0.0,0.7183074274758632,True,0.0,0.6399455620137725,True,0.0,1.137294053793486,True,0.0,0.7771423800113877,True,0.0,0.8031970430952556,True,0.0,0.8032674929126807,
cssnbr3_cubic_mattersim_q1d2-0-0-b0,cssnbr3_cubic,mattersim,mode,900.0,True,True,True,True,0.0,0.8167420132968066,True,0.0,0.7852561281370508,True,0.0,0.7309277220091078,True,0.0,1.299664168179301,True,0.0,0.8561977445145228,True,0.0,0.897587528006093,True,0.0,0.897677807613933,
cssnbr3_cubic_mattersim_q1d2-1d2-1d2-b0,cssnbr3_cubic,mattersim,decide,50.0,False,False,,False,0.47000000000000003,0.10398649855648369,False,0.48,-0.32621947529035045,False,0.54,-0.747963357803976,False,0.44,0.11049401594518513,False,0.53,-0.2463872771052006,False,0.48,-0.3893410496413221,False,0.47000000000000003,0.10256419199856374,
cssnbr3_cubic_mattersim_q1d2-1d2-1d2-b0,cssnbr3_cubic,mattersim,decide,100.0,True,False,False,False,0.465,0.14538092169389172,False,0.47500000000000003,0.1423203611627956,False,0.54,0.16976757046921595,False,0.435,0.15409253744111928,False,0.525,0.12985836291053493,False,0.47500000000000003,0.1426816794137159,False,0.465,0.1433817045536943,
cssnbr3_cubic_mattersim_q1d2-1d2-1d2-b0,cssnbr3_cubic,mattersim,decide,300.0,True,True,False,False,0.45,0.242161185333103,False,0.46,0.23629613154978768,False,0.53,0.251498428676229,False,0.42,0.25480861113887615,False,0.515,0.21773702991873845,False,0.46,0.2377209184797232,False,0.45,0.23877411597019427,True
cssnbr3_cubic_mattersim_q1d2-1d2-1d2-b0,cssnbr3_cubic,mattersim,decide,600.0,True,True,False,False,0.425,0.3270442093446246,False,0.425,0.318154335913605,False,0.52,0.3480238088748881,True,0.0,0.3418285186427302,False,0.495,0.29596272290577996,False,0.435,0.32111820375311106,False,0.425,0.3223959465132893,True
cssnbr3_cubic_mattersim_q1d2-1d2-1d2-b0,cssnbr3_cubic,mattersim,decide,900.0,True,True,True,True,0.0,0.38603046160675025,True,0.0,0.37479401892899405,False,0.505,0.41837829555267614,True,0.0,0.40174716644527786,False,0.465,0.35086296793932586,True,0.0,0.3790904141531638,True,0.0,0.38048633692775513,True
cssnbr3_cubic_orb_v2_q1d2-1d2-1d2-b1,cssnbr3_cubic,orb_v2,decide,50.0,False,False,,False,0.455,0.10160856105466944,False,0.46,-0.3941603967489573,False,0.545,-0.8790834150182523,False,0.4,0.11432749686903963,False,0.495,-0.2913556524535656,False,0.46,-1.3305392501194302,False,0.39,0.11832146461708745,
cssnbr3_cubic_orb_v2_q1d2-1d2-1d2-b1,cssnbr3_cubic,orb_v2,decide,100.0,True,False,False,False,0.455,0.14202924303636114,False,0.455,0.14015067879276044,False,0.545,-0.6961768285413943,False,0.395,0.15879317572934828,False,0.49,0.13118513510600197,False,0.455,-0.49787628610924856,False,0.385,0.16446281022122491,
cssnbr3_cubic_orb_v2_q1d2-1d2-1d2-b1,cssnbr3_cubic,orb_v2,decide,300.0,True,True,False,False,0.44,0.23643717708605122,False,0.44,0.23234815833212158,False,0.535,0.23381631356766344,False,0.375,0.2596762276102332,False,0.48,0.21907964110036657,False,0.44,0.23509904637672288,False,0.365,0.2694918796113322,
cssnbr3_cubic_orb_v2_q1d2-1d2-1d2-b1,cssnbr3_cubic,orb_v2,decide,600.0,True,True,True,False,0.41500000000000004,0.3191317266537038,False,0.41000000000000003,0.3124116245546151,False,0.525,0.3237360690419498,True,0.0,0.3450772348137738,False,0.455,0.2966020505205813,False,0.41500000000000004,0.31731855709675905,True,0.0,0.3587175436461129,True
cssnbr3_cubic_orb_v2_q1d2-1d2-1d2-b1,cssnbr3_cubic,orb_v2,decide,900.0,True,True,True,True,0.0,0.3765496077313152,True,0.0,0.3677063261091016,False,0.515,0.38932253717876186,True,0.0,0.40322427726873,True,0.0,0.3506699037497713,True,0.0,0.37440473779053896,True,0.0,0.41958058793757586,True
cssnbr3_cubic_orb_v2_q1d2-1d2-1d2-b2,cssnbr3_cubic,orb_v2,decide,50.0,False,False,,False,0.425,0.11970992362924868,False,0.43,0.10879996884132201,False,0.515,0.1505218104261835,False,0.39,0.11806626422456645,False,0.46,-0.4016775638642791,False,0.425,0.031540086957209244,False,0.405,0.127384648860442,
cssnbr3_cubic_orb_v2_q1d2-1d2-1d2-b2,cssnbr3_cubic,orb_v2,decide,100.0,True,False,False,False,0.42,0.15322211394030133,False,0.425,0.15165990936992374,False,0.515,0.14536177252616173,False,0.385,0.16403284716432498,False,0.455,0.14547149880447857,False,0.42,0.15325291131181742,False,0.4,0.17746914893026677,True
cssnbr3_cubic_orb_v2_q1d2-1d2-1d2-b2,cssnbr3_cubic,orb_v2,decide,300.0,True,True,False,False,0.405,0.25384081367416383,False,0.405,0.25045198200780916,False,0.505,0.24716526720290066,False,0.365,0.26845722193335847,False,0.445,0.2428983591382579,False,0.405,0.25362827529653,False,0.375,0.29314276625996094,True
cssnbr3_cubic_orb_v2_q1d2-1d2-1d2-b2,cssnbr3_cubic,orb_v2,decide,600.0,True,True,True,False,0.375,0.3410991194067535,True,0.0,0.3355864438258554,False,0.495,0.3414286298886212,True,0.0,0.3569790473184917,False,0.42,0.32900078775032493,False,0.37,0.34049453962871773,True,0.0,0.3939060525561321,
cssnbr3_cubic_orb_v2_q1d2-1d2-1d2-b2,cssnbr3_cubic,orb_v2,decide,900.0,True,True,True,True,0.0,0.4013136719264665,True,0.0,0.39411793410294654,False,0.48,0.409888427357066,True,0.0,0.41729424055664616,True,0.0,0.3892813790073912,True,0.0,0.40036443964321106,True,0.0,0.464261081091709,
cssnbr3_cubic_sevennet0_q1d2-1d2-1d2-b0,cssnbr3_cubic,sevennet0,decide,50.0,False,False,,False,0.47000000000000003,0.1040914758160063,False,0.47500000000000003,-0.33836645125809495,False,0.54,-0.6569364672785831,False,0.44,0.11686942843896339,False,0.53,-0.06733097594119797,False,0.47500000000000003,-0.40782843312197564,False,0.525,-0.44711631373479,
cssnbr3_cubic_sevennet0_q1d2-1d2-1d2-b0,cssnbr3_cubic,sevennet0,decide,100.0,True,False,False,False,0.465,0.14552026930621859,False,0.47500000000000003,0.1425087896994343,False,0.54,0.14757451483557865,False,0.435,0.15510566033941078,False,0.525,0.12976489875013633,False,0.47500000000000003,0.1429406714332412,False,0.52,0.1302638900860733,True
cssnbr3_cubic_sevennet0_q1d2-1d2-1d2-b0,cssnbr3_cubic,sevennet0,decide,300.0,True,True,False,False,0.45,0.24235635569137726,False,0.46,0.23656953695944608,False,0.53,0.2512969778181687,False,0.42,0.25730365874220906,False,0.515,0.21755349523924972,False,0.46,0.23811978797036984,False,0.51,0.2183532186312056,True
cssnbr3_cubic_sevennet0_q1d2-1d2-1d2-b0,cssnbr3_cubic,sevennet0,decide,600.0,True,True,False,False,0.425,0.3272604450890912,False,0.425,0.31847354031132247,False,0.52,0.3477341621156498,False,0.39,0.34617293667723714,False,0.495,0.29567631113323545,False,0.435,0.3216151314669256,False,0.49,0.29671279268766865,True
cssnbr3_cubic_sevennet0_q1d2-1d2-1d2-b0,cssnbr3_cubic,sevennet0,decide,900.0,True,True,False,True,0.0,0.3862489578524129,True,0.0,0.37513293692474337,False,0.505,0.4180196940912342,True,0.0,0.4075997760778158,False,0.465,0.3504932777408014,True,0.0,0.37964451252132153,False,0.46,0.35168084797214005,True
knbo3_cubic_chgnet_q0-0-0-b0,knbo3_cubic,chgnet,decide,50.0,False,False,,False,0.09,1.5821629500491101,False,0.075,1.871359098743153,False,0.075,1.8339484513100763,False,0.075,1.8500456209809686,False,0.075,1.8491237511496248,False,0.08,1.804199684220291,False,0.075,1.833962938311052,
knbo3_cubic_chgnet_q0-0-0-b0,knbo3_cubic,chgnet,decide,100.0,True,False,False,False,0.09,2.096975301237584,False,0.075,2.405697955788536,False,0.075,2.363318780400156,False,0.075,2.3853389830396092,False,0.075,2.3820932675828312,False,0.075,2.3373746542023426,False,0.075,2.3633481555971603,True
knbo3_cubic_chgnet_q0-0-0-b0,knbo3_cubic,chgnet,decide,300.0,True,False,True,False,0.085,3.3068847927253047,True,0.0,3.6459019339318894,True,0.0,3.591181316055176,True,0.0,3.6302587539177344,True,0.0,3.6188913708835493,True,0.0,3.57893405346472,True,0.0,3.5912593652679137,True
knbo3_cubic_chgnet_q0-0-0-b0,knbo3_cubic,chgnet,decide,600.0,True,False,True,True,0.0,4.3371297474729,True,0.0,4.671892360950389,True,0.0,4.611779715706848,True,0.0,4.662995034325882,True,0.0,4.643047196985067,True,0.0,4.612394057915265,True,0.0,4.611904520288304,True
knbo3_cubic_chgnet_q0-0-0-b0,knbo3_cubic,chgnet,decide,900.0,True,True,True,True,0.0,5.037845640218003,True,0.0,5.360412691344,True,0.0,5.300530751356534,True,0.0,5.356789509806539,True,0.0,5.330624564385343,True,0.0,5.3076876705122205,True,0.0,5.300686723151532,True
knbo3_cubic_mace_mp0_q0-0-0-b0,knbo3_cubic,mace_mp0,mode,50.0,False,False,,False,0.105,2.4585032041540265,True,0.0,3.195158400204654,True,0.0,3.3202114393719544,True,0.0,3.1642262215017927,True,0.0,3.130741551230395,True,0.0,3.0819058395232544,True,0.0,3.19515837952108,
knbo3_cubic_mace_mp0_q0-0-0-b0,knbo3_cubic,mace_mp0,mode,100.0,True,False,False,False,0.105,3.0718044953680983,True,0.0,3.759042158720788,True,0.0,3.880696599183172,True,0.0,3.73646427314793,True,0.0,3.7005410961863188,True,0.0,3.660272383592881,True,0.0,3.7590421381986006,
knbo3_cubic_mace_mp0_q0-0-0-b0,knbo3_cubic,mace_mp0,mode,300.0,True,False,True,True,0.0,4.612319630977144,True,0.0,5.313365009027709,True,0.0,5.491773899071142,True,0.0,5.306993885304337,True,0.0,5.253638508093096,True,0.0,5.225477162399726,True,0.0,5.3133649827454095,
knbo3_cubic_mace_mp0_q0-0-0-b0,knbo3_cubic,mace_mp0,mode,600.0,True,False,True,True,0.0,5.925450932467909,True,0.0,6.64250211380216,True,0.0,6.923001983855991,True,0.0,6.650696799028388,True,0.0,6.579316556422861,True,0.0,6.561446847874273,True,0.0,6.642502081216601,
knbo3_cubic_mace_mp0_q0-0-0-b0,knbo3_cubic,mace_mp0,mode,900.0,True,True,True,True,0.0,6.8144763912308495,True,0.0,7.539591798176093,True,0.0,7.9187668561023985,True,0.0,7.557889097110144,True,0.0,7.473818327447003,True,0.0,7.463084253941346,True,0.0,7.539591761132705,
knbo3_cubic_mace_mp0_q0-0-1d2-b0,knbo3_cubic,mace_mp0,mode,50.0,False,False,,False,0.08,1.7772532852138287,False,0.05,2.3649860525503685,True,0.0,2.8864697376150246,False,0.05,2.4543178162261947,True,0.0,2.3418581259264535,False,0.055,2.303611966693187,False,0.05,2.3649863082346996,
knbo3_cubic_mace_mp0_q0-0-1d2-b0,knbo3_cubic,mace_mp0,mode,100.0,True,False,False,False,0.08,2.317549008027411,True,0.0,2.9277754081312266,True,0.0,3.4836562563601676,True,0.0,3.0182238076239796,True,0.0,2.891781644521207,True,0.0,2.858022968045544,True,0.0,2.927775725980152,
knbo3_cubic_mace_mp0_q0-0-1d2-b0,knbo3_cubic,mace_mp0,mode,300.0,True,False,True,True,0.0,3.5899004405291417,True,0.0,4.297584683251191,True,0.0,5.113160087224553,True,0.0,4.39496216682071,True,0.0,4.209493380200238,True,0.0,4.183991032699172,True,0.0,4.297585280783693,
knbo3_cubic_mace_mp0_q0-0-1d2-b0,knbo3_cubic,mace_mp0,mode,600.0,True,False,True,True,0.0,4.6613719483218405,True,0.0,5.451217699531031,True,0.0,6.588250067233168,True,0.0,5.5387035475920126,True,0.0,5.29683963323131,True,0.0,5.279463450896486,True,0.0,5.4512186504880304,
knbo3_cubic_mace_mp0_q0-0-1d2-b0,knbo3_cubic,mace_mp0,mode,900.0,True,True,True,True,0.0,5.385764358318248,True,0.0,6.236651240309756,True,0.0,7.635402490448846,True,0.0,6.305927381617987,True,0.0,6.025009627696812,True,0.0,6.013377032542552,True,0.0,6.236652492288278,
knbo3_cubic_mace_mp0_q0-1d2-1d2-b0,knbo3_cubic,mace_mp0,decide,50.0,False,False,,False,0.09,-0.9219485151310444,False,0.065,1.3314282801287878,False,0.06,1.6701963400307127,False,0.065,1.3453952711864325,False,0.065,1.323828572795726,False,0.065,1.3079262214451564,False,0.065,1.3314279998410872,
knbo3_cubic_mace_mp0_q0-1d2-1d2-b0,knbo3_cubic,mace_mp0,decide,100.0,True,False,False,False,0.085,1.3648151423428865,False,0.065,1.768822568975382,False,0.06,2.1800577927272924,False,0.065,1.789636109216435,False,0.06,1.7524723542939595,False,0.065,1.7350176564038766,False,0.065,1.7688221791671632,True
knbo3_cubic_mace_mp0_q0-1d2-1d2-b0,knbo3_cubic,mace_mp0,decide,300.0,True,False,True,False,0.085,2.218224870768506,True,0.0,2.759568315213551,True,0.0,3.386287506081188,True,0.0,2.797712829168283,True,0.0,2.708305911162038,True,0.0,2.689869465930128,True,0.0,2.759567557359361,True
knbo3_cubic_mace_mp0_q0-1d2-1d2-b0,knbo3_cubic,mace_mp0,decide,600.0,True,False,True,True,0.0,2.9536921322834604,True,0.0,3.586915627117022,True,0.0,4.443663122980916,True,0.0,3.633584520924131,True,0.0,3.489876356582913,True,0.0,3.472598682038524,True,0.0,3.5869144258671124,True
knbo3_cubic_mace_mp0_q0-1d2-1d2-b0,knbo3_cubic,mace_mp0,decide,900.0,True,True,True,True,0.0,3.458377963726889,True,0.0,4.149900022098635,True,0.0,5.190019492943134,True,0.0,4.195933130430095,True,0.0,4.012914244680646,True,0.0,3.9969079517094106,True,0.0,4.149898444807372,True
knbo3_cubic_mattersim_q0-0-0-b0,knbo3_cubic,mattersim,decide,50.0,False,False,,False,0.115,2.01974006936164,False,0.075,2.6619195480453692,False,0.075,2.8088910022619844,False,0.08,2.649104896433602,False,0.08,2.6144049465217147,False,0.085,2.553210356621475,False,0.085,2.5530764171508986,
knbo3_cubic_mattersim_q0-0-0-b0,knbo3_cubic,mattersim,decide,100.0,True,False,False,False,0.115,2.606419406091931,True,0.0,3.249629156338825,True,0.0,3.409502500770839,True,0.0,3.241028579644472,True,0.0,3.2045360041908633,False,0.08,3.1487929010693527,False,0.08,3.148653320431727,True
knbo3_cubic_mattersim_q0-0-0-b0,knbo3_cubic,mattersim,decide,300.0,True,False,True,True,0.0,4.031958227462075,True,0.0,4.738688772883393,True,0.0,5.003065103087589,True,0.0,4.740937964151537,True,0.0,4.691804402177782,True,0.0,4.6425345398896045,True,0.0,4.642352951541077,
knbo3_cubic_mattersim_q0-0-0-b0,knbo3_cubic,mattersim,decide,600.0,True,False,True,True,0.0,5.251243358788049,True,0.0,5.992959945316396,True,0.0,6.410057225234647,True,0.0,6.006180071279422,True,0.0,5.944409520761641,True,0.0,5.902447218955855,True,0.0,5.902224415268242,
knbo3_cubic_mattersim_q0-0-0-b0,knbo3_cubic,mattersim,decide,900.0,True,True,True,True,0.0,6.0802584381538445,True,0.0,6.837400601687692,True,0.0,7.392904937560847,True,0.0,6.858476127489042,True,0.0,6.78786955610981,True,0.0,6.751511250993851,True,0.0,6.7512598249747375,
knbo3_cubic_mattersim_q0-0-1d2-b0,knbo3_cubic,mattersim,mode,50.0,False,False,,False,0.085,1.4955828476957784,False,0.06,2.003355172133164,False,0.055,2.548411453489653,False,0.06,2.122214823576951,False,0.06,1.995912518253784,False,0.06,1.947830213769597,False,0.06,1.9475097803780663,
knbo3_cubic_mattersim_q0-0-1d2-b0,knbo3_cubic,mattersim,mode,100.0,True,False,False,False,0.085,1.991056619605595,False,0.06,2.55069800382413,True,0.0,3.161752415518936,False,0.055,2.691612612435475,False,0.055,2.534357171650102,False,0.06,2.4869903827819977,False,0.06,2.4866201467778244,
knbo3_cubic_mattersim_q0-0-1d2-b0,knbo3_cubic,mattersim,mode,300.0,True,False,True,False,0.08,3.1559323540930273,True,0.0,3.8385205755654392,True,0.0,4.76219790076475,True,0.0,4.05029066346615,True,0.0,3.786394687144104,True,0.0,3.741127649326101,True,0.0,3.7405941538707084,
knbo3_cubic_mattersim_q0-0-1d2-b0,knbo3_cubic,mattersim,mode,600.0,True,False,True,True,0.0,4.149432891632514,True,0.0,4.916362865588545,True,0.0,6.204010376232184,True,0.0,5.18447052532375,True,0.0,4.81707572033846,True,0.0,4.776436212224206,True,0.0,4.775753677082188,
knbo3_cubic_mattersim_q0-0-1d2-b0,knbo3_cubic,mattersim,mode,900.0,True,True,True,True,0.0,4.825983771490721,True,0.0,5.648112665047007,True,0.0,7.228375460863825,True,0.0,5.947395144245725,True,0.0,5.507329752104888,True,0.0,5.470527026881808,True,0.0,5.469741961740832,
knbo3_cubic_mattersim_q0-1d2-1d2-b0,knbo3_cubic,mattersim,decide,50.0,False,False,,False,0.09,0.992968438911772,False,0.065,1.3248350621127485,False,0.06,1.655301762194284,False,0.065,1.3471521102936408,False,0.065,1.311742766059098,False,0.065,1.2952377180519419,False,0.065,1.295155948741042,
knbo3_cubic_mattersim_q0-1d2-1d2-b0,knbo3_cubic,mattersim,decide,100.0,True,False,False,False,0.09,1.3578021907874083,False,0.065,1.7636238899478813,False,0.06,2.166626792835995,False,0.065,1.7962471672278562,False,0.065,1.7399566340448582,False,0.065,1.7217809138912954,False,0.065,1.7216664449896668,
knbo3_cubic_mattersim_q0-1d2-1d2-b0,knbo3_cubic,mattersim,decide,300.0,True,False,True,False,0.085,2.2107727257413363,True,0.0,2.7624088997547815,True,0.0,3.37789994395895,True,0.0,2.8231654708252525,True,0.0,2.6978001647194865,True,0.0,2.678658633307077,True,0.0,2.678447417685743,True
knbo3_cubic_mattersim_q0-1d2-1d2-b0,knbo3_cubic,mattersim,decide,600.0,True,False,True,True,0.0,2.948025585045965,True,0.0,3.600881707378937,True,0.0,4.440788310355765,True,0.0,3.6805038161364907,True,0.0,3.483219939308544,True,0.0,3.465513775935015,True,0.0,3.4652088298385264,True
knbo3_cubic_mattersim_q0-1d2-1d2-b0,knbo3_cubic,mattersim,decide,900.0,True,True,True,True,0.0,3.454781229586906,True,0.0,4.173168329218596,True,0.0,5.191157913241974,True,0.0,4.258946519530995,True,0.0,4.009386122554778,True,0.0,3.993222833435202,True,0.0,3.992851501140918,True
knbo3_cubic_orb_v2_q0-0-0-b0,knbo3_cubic,orb_v2,mode,50.0,False,False,,False,0.085,1.4338269396413985,False,0.06,1.765375436799817,False,0.055,2.304725199615669,False,0.055,2.596022524472943,False,0.065,1.7170005758441336,False,0.07,1.6032353803448567,False,0.055,2.7172903280337235,
knbo3_cubic_orb_v2_q0-0-0-b0,knbo3_cubic,orb_v2,mode,100.0,True,False,False,False,0.085,1.8918161807911222,True,0.0,2.244643101215834,True,0.0,2.889870728467268,True,0.0,3.212410984694882,True,0.0,2.197799640158796,True,0.0,2.069750814560099,True,0.0,3.3373747731488015,
knbo3_cubic_orb_v2_q0-0-0-b0,knbo3_cubic,orb_v2,mode,300.0,True,False,False,True,0.0,2.9254760530553696,True,0.0,3.3127636072871374,True,0.0,4.364564708290151,True,0.0,4.843452032909372,True,0.0,3.2710635954063956,True,0.0,3.1051873861621684,True,0.0,5.008119522981679,
knbo3_cubic_orb_v2_q0-0-0-b0,knbo3_cubic,orb_v2,mode,600.0,True,False,True,True,0.0,3.7761935620615135,True,0.0,4.174135622907364,True,0.0,5.679731034006066,True,0.0,6.32901426632483,True,0.0,4.13889893729076,True,0.0,3.9422034240463395,True,0.0,6.537066443705254,
knbo3_cubic_orb_v2_q0-0-0-b0,knbo3_cubic,orb_v2,mode,900.0,True,True,True,True,0.0,4.346728756424003,True,0.0,4.747814655465761,True,0.0,6.6120811586939805,True,0.0,7.391157620502698,True,0.0,4.717276376033095,True,0.0,4.500041584898386,True,0.0,7.631558905441598,
knbo3_cubic_orb_v2_q0-0-0-b1,knbo3_cubic,orb_v2,mode,50.0,False,False,,False,0.08,1.6011947842000074,True,0.0,1.9365023039696385,True,0.0,2.4982209954404397,True,0.0,2.895623681314466,True,0.0,1.8978663149357098,False,0.06,1.8706418066230583,True,0.0,3.17131996315281,
knbo3_cubic_orb_v2_q0-0-0-b1,knbo3_cubic,orb_v2,mode,100.0,True,False,False,False,0.075,2.0813061779012605,True,0.0,2.421918679388427,True,0.0,3.0836576589648614,True,0.0,3.5154293745652545,True,0.0,2.3872250113655236,True,0.0,2.3651338162077944,True,0.0,3.7953444164920525,
knbo3_cubic_orb_v2_q0-0-0-b1,knbo3_cubic,orb_v2,mode,300.0,True,False,False,True,0.0,3.1611502061444603,True,0.0,3.514749667453597,True,0.0,4.593770251019965,True,0.0,5.229849771374271,True,0.0,3.4879954631394234,True,0.0,3.4793853336196245,True,0.0,5.607836226132757,
knbo3_cubic_orb_v2_q0-0-0-b1,knbo3_cubic,orb_v2,mode,600.0,True,False,True,True,0.0,4.042494204249174,True,0.0,4.39697241172316,True,0.0,5.9463613829620465,True,0.0,6.806187936647571,True,0.0,4.376846496444542,True,0.0,4.3810734086108605,True,0.0,7.297506342929343,
knbo3_cubic_orb_v2_q0-0-0-b1,knbo3_cubic,orb_v2,mode,900.0,True,True,True,True,0.0,4.631609463758247,True,0.0,4.985217267813394,True,0.0,6.9059166506990275,True,0.0,7.934997721933866,True,0.0,4.969044100314961,True,0.0,4.982108662511757,True,0.0,8.512295684293125,
knbo3_cubic_orb_v2_q0-0-0-b2,knbo3_cubic,orb_v2,mode,50.0,False,False,,False,0.075,1.716857463742431,True,0.0,2.100994768203829,True,0.0,2.6329626960358308,True,0.0,3.106318667250143,True,0.0,2.043936651189344,True,0.0,2.0198800292604533,True,0.0,3.124344178351161,
knbo3_cubic_orb_v2_q0-0-0-b2,knbo3_cubic,orb_v2,mode,100.0,True,False,False,False,0.075,2.2135876843636875,True,0.0,2.5977957205130036,True,0.0,3.216125728150237,True,0.0,3.7003716510885236,True,0.0,2.5439632149221643,True,0.0,2.525363704790105,True,0.0,3.718936125620373,
knbo3_cubic_orb_v2_q0-0-0-b2,knbo3_cubic,orb_v2,mode,300.0,True,False,False,True,0.0,3.3370617601648376,True,0.0,3.738379603032193,True,0.0,4.748746415669113,True,0.0,5.4081945062422845,True,0.0,3.6850128427406554,True,0.0,3.6794724965796175,True,0.0,5.434146310681216,
knbo3_cubic_orb_v2_q0-0-0-b2,knbo3_cubic,orb_v2,mode,600.0,True,False,True,True,0.0,4.254003150106082,True,0.0,4.666130785518005,True,0.0,6.126560770974992,True,0.0,6.992008175487605,True,0.0,4.609455785123522,True,0.0,4.615835382103174,True,0.0,7.026473439145684,
knbo3_cubic_orb_v2_q0-0-0-b2,knbo3_cubic,orb_v2,mode,900.0,True,True,True,True,0.0,4.866776958812902,True,0.0,5.287245131689204,True,0.0,7.104597675390245,True,0.0,8.128618852603754,True,0.0,5.225889840127538,True,0.0,5.240384398373699,True,0.0,8.16956281378682,
knbo3_cubic_orb_v2_q0-0-1d2-b0,knbo3_cubic,orb_v2,mode,50.0,False,False,,False,0.14,0.8017603624262073,False,0.115,0.9418405836543553,False,0.105,1.1631796099984983,False,0.105,0.9949984019564443,False,0.12,0.9165581223995182,False,0.115,0.928859508441282,False,0.105,1.0019034862629779,
knbo3_cubic_orb_v2_q0-0-1d2-b0,knbo3_cubic,orb_v2,mode,100.0,True,False,False,False,0.14,1.0975383774976342,False,0.11,1.2648879778368958,False,0.1,1.5513313974702487,False,0.105,1.3290620110832798,False,0.115,1.2361284626450681,False,0.115,1.250778716835583,False,0.105,1.3374393855505629,
knbo3_cubic_orb_v2_q0-0-1d2-b0,knbo3_cubic,orb_v2,mode,300.0,True,False,False,False,0.13,1.7699738202924082,True,0.0,1.9691162831921833,True,0.0,2.431261729914855,True,0.0,2.052430765254117,True,0.0,1.938609035179577,True,0.0,1.9564759231521112,True,0.0,2.06355384771104,
knbo3_cubic_orb_v2_q0-0-1d2-b0,knbo3_cubic,orb_v2,mode,600.0,True,False,True,True,0.0,2.3363573274351825,True,0.0,2.5394036238970616,True,0.0,3.1858388156647472,True,0.0,2.6348878590231815,True,0.0,2.511404129463924,True,0.0,2.5305268899761697,True,0.0,2.647910848250343,
knbo3_cubic_orb_v2_q0-0-1d2-b0,knbo3_cubic,orb_v2,mode,900.0,True,True,True,True,0.0,2.720654587586594,True,0.0,2.9199645767635145,True,0.0,3.7134341068857513,True,0.0,3.022813513213917,True,0.0,2.894594144655609,True,0.0,2.914215541458988,True,0.0,3.0370338485719692,
knbo3_cubic_orb_v2_q0-0-1d2-b1,knbo3_cubic,orb_v2,mode,50.0,False,False,,False,0.14,0.8099638208700849,False,0.115,0.9520000509677214,False,0.105,1.173720998149426,False,0.105,1.0114163034045305,False,0.12,0.9266079520596243,False,0.115,0.9387760466352718,False,0.105,1.0075074319605957,
knbo3_cubic_orb_v2_q0-0-1d2-b1,knbo3_cubic,orb_v2,mode,100.0,True,False,False,False,0.14,1.1082666895848023,False,0.11,1.277652934794721,False,0.1,1.5641031388840008,False,0.1,1.3468345079269295,False,0.115,1.2488399881270014,False,0.115,1.263278025464957,False,0.1,1.3420951407686057,
knbo3_cubic_orb_v2_q0-0-1d2-b1,knbo3_cubic,orb_v2,mode,300.0,True,False,False,False,0.13,1.7860842785059627,True,0.0,1.9872370410053801,True,0.0,2.4488927138293106,True,0.0,2.069398171027469,True,0.0,1.9567777794771466,True,0.0,1.974259106184542,True,0.0,2.0630744384067112,
knbo3_cubic_orb_v2_q0-0-1d2-b1,knbo3_cubic,orb_v2,mode,600.0,True,False,True,True,0.0,2.3566073563847576,True,0.0,2.561577545165168,True,0.0,3.207351423640449,True,0.0,2.6489838957970604,True,0.0,2.533674509316494,True,0.0,2.552278414357439,True,0.0,2.641532783907363,
knbo3_cubic_orb_v2_q0-0-1d2-b1,knbo3_cubic,orb_v2,mode,900.0,True,True,True,True,0.0,2.7435767942548672,True,0.0,2.9447739686852668,True,0.0,3.7375672563071403,True,0.0,3.034532691300067,True,0.0,2.9195170077216903,True,0.0,2.9385350372402526,True,0.0,3.0263613878792954,
knbo3_cubic_orb_v2_q0-1d2-0-b0,knbo3_cubic,orb_v2,mode,50.0,False,False,,False,0.14,0.7570166471257386,False,0.115,0.8909303917791843,False,0.105,1.0883447175437266,False,0.11,0.9278907774238514,False,0.12,0.865750923218456,False,0.115,0.8778285500584325,False,0.11,0.9230456904097158,
knbo3_cubic_orb_v2_q0-1d2-0-b0,knbo3_cubic,orb_v2,mode,100.0,True,False,False,False,0.14,1.0396422089555377,False,0.115,1.2019846980194737,False,0.105,1.4591680223491466,False,0.105,1.2478103072623075,False,0.115,1.1727598060042383,False,0.115,1.1874097925030642,False,0.105,1.2418606539210155,
knbo3_cubic_orb_v2_q0-1d2-0-b0,knbo3_cubic,orb_v2,mode,300.0,True,False,False,False,0.13,1.6862058233845616,True,0.0,1.884034015600088,True,0.0,2.2992160070123067,True,0.0,1.9464188591222877,True,0.0,1.851871740064999,True,0.0,1.8703072214001066,True,0.0,1.9384751090677563,
knbo3_cubic_orb_v2_q0-1d2-0-b0,knbo3_cubic,orb_v2,mode,600.0,True,False,True,True,0.0,2.234808415044759,True,0.0,2.439276991133644,True,0.0,3.019141034573208,True,0.0,2.513011094175892,True,0.0,2.4089216128390047,True,0.0,2.4290549021259897,True,0.0,2.50375103462978,
knbo3_cubic_orb_v2_q0-1d2-0-b0,knbo3_cubic,orb_v2,mode,900.0,True,True,True,True,0.0,2.608443197565783,True,0.0,2.8105166475275882,True,0.0,3.52202813321428,True,0.0,2.891311236042705,True,0.0,2.782457800068397,True,0.0,2.8033553366970962,True,0.0,2.881245317661471,
knbo3_cubic_orb_v2_q0-1d2-0-b1,knbo3_cubic,orb_v2,mode,50.0,False,False,,False,0.14,0.7587240007683641,False,0.115,0.8935129342316961,False,0.105,1.0922780124245528,False,0.11,0.9184909790091729,False,0.12,0.8682633617967019,False,0.115,0.8803645335577522,False,0.11,0.9129334481236093,
knbo3_cubic_orb_v2_q0-1d2-0-b1,knbo3_cubic,orb_v2,mode,100.0,True,False,False,False,0.14,1.0418103871715125,False,0.11,1.2050628650265198,False,0.105,1.4639812738360718,False,0.11,1.236838244443905,False,0.115,1.1757837829377906,False,0.115,1.1904494911519272,False,0.11,1.22951232167849,
knbo3_cubic_orb_v2_q0-1d2-0-b1,knbo3_cubic,orb_v2,mode,300.0,True,False,False,False,0.13,1.689143359257371,True,0.0,1.8877727624451506,True,0.0,2.306032744400231,True,0.0,1.9337408706310897,True,0.0,1.8555780823462455,True,0.0,1.874014004804469,True,0.0,1.9222688349315058,
knbo3_cubic_orb_v2_q0-1d2-0-b1,knbo3_cubic,orb_v2,mode,600.0,True,False,True,True,0.0,2.238124660898031,True,0.0,2.443257917401086,True,0.0,3.027753160720104,True,0.0,2.5001142581016644,True,0.0,2.412855700121642,True,0.0,2.4329859845717734,True,0.0,2.4851455611041366,
knbo3_cubic_orb_v2_q0-1d2-0-b1,knbo3_cubic,orb_v2,mode,900.0,True,True,True,True,0.0,2.6119206777477646,True,0.0,2.8145859472765746,True,0.0,3.5319629447941385,True,0.0,2.8785496034948714,True,0.0,2.7864555940270246,True,0.0,2.807352531198361,True,0.0,2.861216453990531,
knbo3_cubic_orb_v2_q0-1d2-1d2-b0,knbo3_cubic,orb_v2,decide,50.0,False,False,,False,0.135,0.6789268963629528,False,0.12,0.7487614436793394,False,0.105,0.8897611864508048,False,0.11,0.797363010878008,False,0.12,0.7384439844131104,False,0.115,0.7636812517392517,False,0.11,0.7968260304152784,
knbo3_cubic_orb_v2_q0-1d2-1d2-b0,knbo3_cubic,orb_v2,decide,100.0,True,False,False,False,0.135,0.9118720927560592,False,0.12,1.0250880579138497,False,0.105,1.20806641685476,False,0.11,1.0884810129279272,False,0.12,1.0128502400719026,False,0.115,1.0439536132321352,False,0.11,1.087856071032232,
knbo3_cubic_orb_v2_q0-1d2-1d2-b0,knbo3_cubic,orb_v2,decide,300.0,True,False,False,False,0.13,1.4976678179487148,False,0.11,1.648848810853518,True,0.0,1.9280876466345687,False,0.1,1.743075103938939,False,0.11,1.6358227550524496,False,0.105,1.674414672511136,False,0.1,1.7424372902960015,True
knbo3_cubic_orb_v2_q0-1d2-1d2-b0,knbo3_cubic,orb_v2,decide,600.0,True,False,True,True,0.0,2.003966359187638,True,0.0,2.1710097141328157,True,0.0,2.541709537600246,True,0.0,2.288551339273279,True,0.0,2.160392612930199,True,0.0,2.2002761904604844,True,0.0,2.288053961293227,
knbo3_cubic_orb_v2_q0-1d2-1d2-b0,knbo3_cubic,orb_v2,decide,900.0,True,True,True,True,0.0,2.3523513254116852,True,0.0,2.5243058784350056,True,0.0,2.967310173945976,True,0.0,2.6568162191652056,True,0.0,2.516319320684014,True,0.0,2.555473211285078,True,0.0,2.656459999096158,
knbo3_cubic_orb_v2_q1d2-0-0-b0,knbo3_cubic,orb_v2,mode,50.0,False,False,,False,0.14,0.7845171951905096,False,0.115,0.9214375303443845,False,0.105,1.13767297499374,False,0.11,0.9636014723783198,False,0.12,0.8961181755151518,False,0.12,0.9083274121589072,False,0.11,0.968081328297965,
knbo3_cubic_orb_v2_q1d2-0-0-b0,knbo3_cubic,orb_v2,mode,100.0,True,False,False,False,0.14,1.0753795898166947,False,0.115,1.2399608409724254,False,0.105,1.520588054357234,False,0.105,1.290508656632212,False,0.12,1.2109272896015226,False,0.115,1.2255808786168931,False,0.105,1.2963630978161689,
knbo3_cubic_orb_v2_q1d2-0-0-b0,knbo3_cubic,orb_v2,mode,300.0,True,False,False,False,0.13,1.738434756624167,True,0.0,1.9361983382402395,True,0.0,2.3889910422554443,True,0.0,2.000037156621077,True,0.0,1.9049902362164477,True,0.0,1.9230914208821797,True,0.0,2.0091040259915087,
knbo3_cubic_orb_v2_q1d2-0-0-b0,knbo3_cubic,orb_v2,mode,600.0,True,False,True,True,0.0,2.2986537779683833,True,0.0,2.501344986096443,True,0.0,3.133885099670372,True,0.0,2.572571797136432,True,0.0,2.4724637007008847,True,0.0,2.491987875430765,True,0.0,2.5843282800536955,
knbo3_cubic_orb_v2_q1d2-0-0-b0,knbo3_cubic,orb_v2,mode,900.0,True,True,True,True,0.0,2.679362906269641,True,0.0,2.8787955564564633,True,0.0,3.6546442494971134,True,0.0,2.9541639425998545,True,0.0,2.85249417031523,True,0.0,2.8726123099209224,True,0.0,2.9677330526648604,
knbo3_cubic_orb_v2_q1d2-0-0-b1,knbo3_cubic,orb_v2,mode,50.0,False,False,,False,0.14,0.7859167323957499,False,0.115,0.9227818338878313,False,0.105,1.1385403176863764,False,0.105,0.9759450883333902,False,0.12,0.8975225259092051,False,0.115,0.9098857788555839,False,0.105,0.9822220457238887,
knbo3_cubic_orb_v2_q1d2-0-0-b1,knbo3_cubic,orb_v2,mode,100.0,True,False,False,False,0.14,1.0770554609391472,False,0.11,1.2413794564749685,False,0.1,1.5213761453778345,False,0.105,1.3024987930161795,False,0.115,1.2124491347201791,False,0.115,1.2272826784640471,False,0.105,1.3104662876787048,
knbo3_cubic_orb_v2_q1d2-0-0-b1,knbo3_cubic,orb_v2,mode,300.0,True,False,False,False,0.13,1.7402890737602748,True,0.0,1.937298858444031,True,0.0,2.3893534728061283,True,0.0,2.0063364389254716,True,0.0,1.9062598099987116,True,0.0,1.9245923808260217,True,0.0,2.0180074482051533,
knbo3_cubic_orb_v2_q1d2-0-0-b1,knbo3_cubic,orb_v2,mode,600.0,True,False,True,True,0.0,2.300250378335955,True,0.0,2.501875960127153,True,0.0,3.1337949044043434,True,0.0,2.571378080104585,True,0.0,2.4731723603076152,True,0.0,2.4929737810479597,True,0.0,2.586007554353957,
knbo3_cubic_orb_v2_q1d2-0-0-b1,knbo3_cubic,orb_v2,mode,900.0,True,True,True,True,0.0,2.680645904454235,True,0.0,2.8788719073410833,True,0.0,3.6542447417532125,True,0.0,2.9473560792977533,True,0.0,2.8527359336558966,True,0.0,2.873165419089076,True,0.0,2.963949769518927,
knbo3_cubic_orb_v2_q1d2-1d2-0-b0,knbo3_cubic,orb_v2,decide,50.0,False,False,,False,0.135,0.6567982717947225,False,0.12,0.7454214954506033,False,0.105,0.8841151805782111,False,0.11,0.7945896807770632,False,0.12,0.7350736397020067,False,0.115,0.7596499985337389,False,0.11,0.7944088909061778,
knbo3_cubic_orb_v2_q1d2-1d2-0-b0,knbo3_cubic,orb_v2,decide,100.0,True,False,False,False,0.135,0.9083943571779259,False,0.12,1.0211083013401587,False,0.105,1.2011847960285869,False,0.11,1.083798700170247,False,0.12,1.008804096657423,False,0.115,1.0391686673766283,False,0.11,1.0835894674461768,True
knbo3_cubic_orb_v2_q1d2-1d2-0-b0,knbo3_cubic,orb_v2,decide,300.0,True,False,False,False,0.13,1.4933848881454668,False,0.11,1.644504019611695,True,0.0,1.9189403485443188,True,0.0,1.7319419117732822,False,0.115,1.6313459676510091,False,0.105,1.6692029449562105,True,0.0,1.731731510647956,
knbo3_cubic_orb_v2_q1d2-1d2-0-b0,knbo3_cubic,orb_v2,decide,600.0,True,False,True,True,0.0,1.9998661919814946,True,0.0,2.1672791019018818,True,0.0,2.5307002906665743,True,0.0,2.270385880268857,True,0.0,2.1565351443793705,True,0.0,2.1957628171371972,True,0.0,2.270224383737582,True
knbo3_cubic_orb_v2_q1d2-1d2-0-b0,knbo3_cubic,orb_v2,decide,900.0,True,True,True,True,0.0,2.348730458239847,True,0.0,2.5212856498803364,True,0.0,2.954845236809099,True,0.0,2.6334086767500997,True,0.0,2.5132110336477718,True,0.0,2.5517605177610765,True,0.0,2.6332950673384175,True
knbo3_cubic_sevennet0_q0-0-0-b0,knbo3_cubic,sevennet0,mode,50.0,False,False,,False,0.1,2.583395901232713,True,0.0,3.350472584714183,True,0.0,3.4877925470378313,True,0.0,3.1043566724838736,True,0.0,3.284636729183765,True,0.0,3.237316048769267,True,0.0,3.284488922725112,
knbo3_cubic_sevennet0_q0-0-0-b0,knbo3_cubic,sevennet0,mode,100.0,True,False,False,False,0.1,3.200296498876724,True,0.0,3.9050294180029677,True,0.0,4.034483585993967,True,0.0,3.6826510342557746,True,0.0,3.845879946923665,True,0.0,3.807479032703986,True,0.0,3.8457197832438887,
knbo3_cubic_sevennet0_q0-0-0-b0,knbo3_cubic,sevennet0,mode,300.0,True,False,True,True,0.0,4.77232648060675,True,0.0,5.479500341026928,True,0.0,5.65478607267725,True,0.0,5.254163194732237,True,0.0,5.419775729698816,True,0.0,5.393964847140045,True,0.0,5.419531360354582,
knbo3_cubic_sevennet0_q0-0-0-b0,knbo3_cubic,sevennet0,mode,600.0,True,False,True,True,0.0,6.114876733122102,True,0.0,6.834324475521194,True,0.0,7.097700859606619,True,0.0,6.596961677284402,True,0.0,6.77122519703675,True,0.0,6.755761004376823,True,0.0,6.770893822007959,
knbo3_cubic_sevennet0_q0-0-0-b0,knbo3_cubic,sevennet0,mode,900.0,True,True,True,True,0.0,7.023813697905836,True,0.0,7.7498737535701,True,0.0,8.09942999032003,True,0.0,7.503425817280235,True,0.0,7.684169061722415,True,0.0,7.675801330814797,True,0.0,7.683776480173369,
knbo3_cubic_sevennet0_q0-0-1d2-b0,knbo3_cubic,sevennet0,mode,50.0,False,False,,False,0.08,1.730126743086115,False,0.05,2.298632571950302,True,0.0,2.7670703159804484,False,0.055,2.346420740299088,False,0.05,2.2705645155856344,False,0.055,2.235608494189953,False,0.05,2.270718062887305,
knbo3_cubic_sevennet0_q0-0-1d2-b0,knbo3_cubic,sevennet0,mode,100.0,True,False,False,False,0.08,2.2641196521817886,True,0.0,2.8609454126178204,True,0.0,3.3647931135344176,False,0.055,2.926377448246654,True,0.0,2.8209442930746507,True,0.0,2.789486283486222,True,0.0,2.8211056078343666,
knbo3_cubic_sevennet0_q0-0-1d2-b0,knbo3_cubic,sevennet0,mode,300.0,True,False,True,True,0.0,3.5203990679158212,True,0.0,4.2199710474184275,True,0.0,4.96318732876759,True,0.0,4.338079121646579,True,0.0,4.13060685795448,True,0.0,4.1058614225145815,True,0.0,4.130810098780692,
knbo3_cubic_sevennet0_q0-0-1d2-b0,knbo3_cubic,sevennet0,mode,600.0,True,False,True,True,0.0,4.5800294420166505,True,0.0,5.363105401998477,True,0.0,6.401855679045499,True,0.0,5.518030837897583,True,0.0,5.210676703094581,True,0.0,5.192929059075024,True,0.0,5.210918719631879,
knbo3_cubic_sevennet0_q0-0-1d2-b0,knbo3_cubic,sevennet0,mode,900.0,True,True,True,True,0.0,5.297072796038984,True,0.0,6.141017009945677,True,0.0,7.421365201387823,True,0.0,6.311386101587501,True,0.0,5.933947162758786,True,0.0,5.921229116869211,True,0.0,5.934215733571435,
knbo3_cubic_sevennet0_q0-1d2-1d2-b0,knbo3_cubic,sevennet0,decide,50.0,False,False,,False,0.095,-2.6835572840118496,False,0.07,1.2573251819858293,False,0.065,1.6170755044944651,False,0.065,1.2970549899725405,False,0.07,1.2321973693916568,False,0.07,1.2221610865167534,False,0.07,1.2319884964499483,
knbo3_cubic_sevennet0_q0-1d2-1d2-b0,knbo3_cubic,sevennet0,decide,100.0,True,False,False,False,0.095,1.298016998028627,False,0.07,1.6818121595257773,False,0.065,2.125861192872512,False,0.065,1.7342295156877385,False,0.07,1.6442386368267983,False,0.07,1.632956217012767,False,0.07,1.643957889771313,True
knbo3_cubic_sevennet0_q0-1d2-1d2-b0,knbo3_cubic,sevennet0,decide,300.0,True,False,True,False,0.09,2.119219662066566,True,0.0,2.649451825860653,True,0.0,3.3323636419709457,True,0.0,2.7325356145577047,True,0.0,2.5679799535795085,True,0.0,2.555718979216875,True,0.0,2.5674999711889126,True
knbo3_cubic_sevennet0_q0-1d2-1d2-b0,knbo3_cubic,sevennet0,decide,600.0,True,False,True,True,0.0,2.830824256941649,True,0.0,3.4646106402822587,True,0.0,4.393171109060506,True,0.0,3.566336021009452,True,0.0,3.328468971457466,True,0.0,3.3168753529014436,True,0.0,3.327802722228135,True
knbo3_cubic_sevennet0_q0-1d2-1d2-b0,knbo3_cubic,sevennet0,decide,900.0,True,True,True,True,0.0,3.320749771808635,True,0.0,4.022023973258104,True,0.0,5.142682264206401,True,0.0,4.129092235750815,True,0.0,3.83879811203568,True,0.0,3.828053310464843,True,0.0,3.838001302861167,True
srtio3_cubic_chgnet_q0-0-0-b0,srtio3_cubic,chgnet,mode,50.0,False,False,,True,0.0,3.2886602447995013,True,0.0,4.118938966289566,True,0.0,4.0834317631099735,True,0.0,4.58945083813707,True,0.0,3.833133325933767,True,0.0,3.73699176926982,True,0.0,4.082952698439085,
srtio3_cubic_chgnet_q0-0-0-b0,srtio3_cubic,chgnet,mode,100.0,True,False,True,True,0.0,3.7712461295423525,True,0.0,4.421001311930202,True,0.0,4.4775123718672605,True,0.0,4.766647142802326,True,0.0,4.205472318791361,True,0.0,4.124645977812452,True,0.0,4.476933232423762,
srtio3_cubic_chgnet_q0-0-0-b0,srtio3_cubic,chgnet,mode,300.0,True,True,True,True,0.0,5.12377565280313,True,0.0,5.515057167014834,True,0.0,5.945625734827914,True,0.0,5.576018873719821,True,0.0,5.4185910551499274,True,0.0,5.352588676000026,True,0.0,5.944392893649293,
srtio3_cubic_chgnet_q0-0-0-b0,srtio3_cubic,chgnet,mode,600.0,True,True,True,True,0.0,6.274802899167442,True,0.0,6.513528534408812,True,0.0,7.38314412734869,True,0.0,6.38559104341104,True,0.0,6.490455190253556,True,0.0,6.4294789464200335,True,0.0,7.381129279855274,
srtio3_cubic_chgnet_q0-0-0-b0,srtio3_cubic,chgnet,mode,900.0,True,True,True,True,0.0,7.051074273575851,True,0.0,7.200478277249269,True,0.0,8.42328195857704,True,0.0,6.9596916344462825,True,0.0,7.220851391811644,True,0.0,7.161886955419038,True,0.0,8.420661152861735,
srtio3_cubic_chgnet_q0-0-1d2-b0,srtio3_cubic,chgnet,mode,50.0,False,False,,True,0.0,3.0656172824890544,True,0.0,3.950481167433451,True,0.0,3.5111622917259795,True,0.0,4.3394930483189516,True,0.0,3.9031848134796823,True,0.0,3.5926026418233663,True,0.0,3.5135804511802755,
srtio3_cubic_chgnet_q0-0-1d2-b0,srtio3_cubic,chgnet,mode,100.0,True,False,True,True,0.0,3.454859079053048,True,0.0,4.19704809204712,True,0.0,3.5464688197010865,True,0.0,4.45902028111272,True,0.0,4.133063813292054,True,0.0,3.86703535479168,True,0.0,3.5449914292270326,
srtio3_cubic_chgnet_q0-0-1d2-b0,srtio3_cubic,chgnet,mode,300.0,True,True,True,True,0.0,4.522470916836885,True,0.0,5.099635832832837,True,0.0,3.7208266430688632,True,0.0,5.026283502929669,True,0.0,4.980345164027114,True,0.0,4.772701942473388,True,0.0,3.70234627111457,
srtio3_cubic_chgnet_q0-0-1d2-b0,srtio3_cubic,chgnet,mode,600.0,True,True,True,True,0.0,5.427841266808472,True,0.0,5.937498780143798,True,0.0,3.9407421110296097,True,0.0,5.626558912013297,True,0.0,5.772811491240607,True,0.0,5.588617477217737,True,0.0,3.9043690362610195,
srtio3_cubic_chgnet_q0-0-1d2-b0,srtio3_cubic,chgnet,mode,900.0,True,True,True,True,0.0,6.040259808491765,True,0.0,6.519227623441543,True,0.0,4.119992992574415,True,0.0,6.064374042186104,True,0.0,6.325025478232002,True,0.0,6.150963505279198,True,0.0,4.071020117520926,
srtio3_cubic_chgnet_q1d2-1d2-1d2-b0,srtio3_cubic,chgnet,decide,50.0,False,False,,False,0.13,0.7096410758884939,False,0.13,0.708280154314474,True,0.0,0.8373722517483367,False,0.14,0.7571768965322143,False,0.13,0.7234744204439807,False,0.12,0.755842986131644,True,0.0,0.8166715896443385,
srtio3_cubic_chgnet_q1d2-1d2-1d2-b0,srtio3_cubic,chgnet,decide,100.0,True,False,True,False,0.125,0.9515776919491562,False,0.125,0.9491808779029017,True,0.0,1.0918739858294753,False,0.14,1.0320862887677285,False,0.12,0.96813932278647,True,0.0,1.0025606840456678,True,0.0,1.0711437753991233,True
srtio3_cubic_chgnet_q1d2-1d2-1d2-b0,srtio3_cubic,chgnet,decide,300.0,True,True,True,True,0.0,1.463093408744795,True,0.0,1.4577460899236332,True,0.0,1.6333199275887382,True,0.0,1.6506077400268968,True,0.0,1.4871411169895319,True,0.0,1.5188942836520458,True,0.0,1.614390445662525,True
srtio3_cubic_chgnet_q1d2-1d2-1d2-b0,srtio3_cubic,chgnet,decide,600.0,True,True,True,True,0.0,1.869601769406209,True,0.0,1.86153130778035,True,0.0,2.082584952169426,True,0.0,2.1760080925509873,True,0.0,1.9047056486537206,True,0.0,1.9312677310020405,True,0.0,2.0657439314793065,True
srtio3_cubic_chgnet_q1d2-1d2-1d2-b0,srtio3_cubic,chgnet,decide,900.0,True,True,True,True,0.0,2.1393032736273567,True,0.0,2.12935651111431,True,0.0,2.39364041653627,True,0.0,2.5398172074454575,True,0.0,2.1855248154445968,True,0.0,2.208215500925396,True,0.0,2.378284285736133,True
srtio3_cubic_mace_mp0_q0-0-0-b0,srtio3_cubic,mace_mp0,mode,50.0,False,False,,True,0.0,2.7578144491514105,True,0.0,3.4437493060136766,True,0.0,3.655121162559754,True,0.0,4.050673702689078,True,0.0,3.171390622877589,True,0.0,3.073420490747927,True,0.0,3.4437491721599707,
srtio3_cubic_mace_mp0_q0-0-0-b0,srtio3_cubic,mace_mp0,mode,100.0,True,False,False,True,0.0,3.268841689051802,True,0.0,3.8038611580793797,True,0.0,4.1312943784315665,True,0.0,4.512327154555277,True,0.0,3.5985233079766377,True,0.0,3.5149712805171602,True,0.0,3.8038610271474287,
srtio3_cubic_mace_mp0_q0-0-0-b0,srtio3_cubic,mace_mp0,mode,300.0,True,True,True,True,0.0,4.559960472692249,True,0.0,4.888609714990075,True,0.0,5.688904027791465,True,0.0,6.162928431697304,True,0.0,4.780284062333903,True,0.0,4.707803157023356,True,0.0,4.888609560001617,
srtio3_cubic_mace_mp0_q0-0-0-b0,srtio3_cubic,mace_mp0,mode,600.0,True,True,True,True,0.0,5.632153710660126,True,0.0,5.831540069212512,True,0.0,7.165789635805506,True,0.0,7.762304579965494,True,0.0,5.782499855021408,True,0.0,5.713193628788098,True,0.0,5.831539886521326,
srtio3_cubic_mace_mp0_q0-0-0-b0,srtio3_cubic,mace_mp0,mode,900.0,True,True,True,True,0.0,6.35131853590622,True,0.0,6.473105168394859,True,0.0,8.227383473964705,True,0.0,8.91756984934031,True,0.0,6.459185451331531,True,0.0,6.390868508260395,True,0.0,6.473104966033561,
srtio3_cubic_mace_mp0_q1d2-1d2-1d2-b0,srtio3_cubic,mace_mp0,decide,50.0,False,False,,False,0.14,0.685842994524443,False,0.14,0.6812996875838276,True,0.0,0.8175901932646955,False,0.17,-1.1308664512644628,False,0.135,0.7023538237841811,False,0.13,0.7317046686413429,False,0.14,0.6813037518652167,
srtio3_cubic_mace_mp0_q1d2-1d2-1d2-b0,srtio3_cubic,mace_mp0,decide,100.0,True,False,False,False,0.135,0.924678686923881,False,0.135,0.9184937748774076,True,0.0,1.0736139298915457,False,0.165,0.8843928748289277,False,0.13,0.9452730906989377,False,0.12,0.9782104987470076,False,0.135,0.9184989297936874,True
srtio3_cubic_mace_mp0_q1d2-1d2-1d2-b0,srtio3_cubic,mace_mp0,decide,300.0,True,True,True,True,0.0,1.4351239742710835,True,0.0,1.4251221706794195,True,0.0,1.6216803752150075,False,0.15,1.4366085524892016,True,0.0,1.466318345798387,True,0.0,1.5017453296201086,True,0.0,1.4251294015272717,True
srtio3_cubic_mace_mp0_q1d2-1d2-1d2-b0,srtio3_cubic,mace_mp0,decide,600.0,True,True,True,True,0.0,1.8437782198506947,True,0.0,1.8305649167121703,True,0.0,2.078089925704621,True,0.0,1.911713730996986,True,0.0,1.8887801867466398,True,0.0,1.9246801789757382,True,0.0,1.8305736558188488,True
srtio3_cubic_mace_mp0_q1d2-1d2-1d2-b0,srtio3_cubic,mace_mp0,decide,900.0,True,True,True,True,0.0,2.1154974049100224,True,0.0,2.1001167901859246,True,0.0,2.3944867721564833,True,0.0,2.2419094895836427,True,0.0,2.173679792404934,True,0.0,2.2102825450249175,True,0.0,2.100126499962566,True
srtio3_cubic_mattersim_q0-0-0-b0,srtio3_cubic,mattersim,mode,50.0,False,False,,True,0.0,2.5955128385114743,True,0.0,3.3290753939059043,True,0.0,3.3806753079388407,True,0.0,3.5581802388161763,True,0.0,3.03979847718029,True,0.0,2.9110136615370785,True,0.0,2.9107641733332614,
srtio3_cubic_mattersim_q0-0-0-b0,srtio3_cubic,mattersim,mode,100.0,True,False,False,True,0.0,3.1126733941657445,True,0.0,3.6922035464235483,True,0.0,3.8729051301753517,True,0.0,4.027881795679781,True,0.0,3.472986864405234,True,0.0,3.361861512325873,True,0.0,3.3617436876019835,
srtio3_cubic_mattersim_q0-0-0-b0,srtio3_cubic,mattersim,mode,300.0,True,True,True,True,0.0,4.384646484881408,True,0.0,4.757846352141442,True,0.0,5.3928974544364,True,0.0,5.549335285818368,True,0.0,4.637645688079114,True,0.0,4.538596886246398,True,0.0,4.538736602855561,
srtio3_cubic_mattersim_q0-0-0-b0,srtio3_cubic,mattersim,mode,600.0,True,True,True,True,0.0,5.434433956764584,True,0.0,5.678336998440666,True,0.0,6.816749218503632,True,0.0,6.992798845261128,True,0.0,5.618302229157098,True,0.0,5.521872201357376,True,0.0,5.522208249438572,
srtio3_cubic_mattersim_q0-0-0-b0,srtio3_cubic,mattersim,mode,900.0,True,True,True,True,0.0,6.1375344577626985,True,0.0,6.303897823309418,True,0.0,7.83820896443329,True,0.0,8.031523623369958,True,0.0,6.279399309757666,True,0.0,6.183311488731846,True,0.0,6.183773959117584,
srtio3_cubic_mattersim_q1d2-1d2-1d2-b0,srtio3_cubic,mattersim,decide,50.0,False,False,,False,0.12,0.6836012425953553,False,0.12,0.6845228429808397,False,0.1,0.8936579858311873,False,0.14,0.6833223267480821,False,0.12,0.6917411010537904,False,0.11,0.7213843886411963,False,0.11,0.7217909482441988,
srtio3_cubic_mattersim_q1d2-1d2-1d2-b0,srtio3_cubic,mattersim,decide,100.0,True,False,False,False,0.115,0.9213345181309388,False,0.115,0.921760171611946,True,0.0,1.1896414902345833,False,0.14,0.9393111704145267,False,0.115,0.9299127302981045,False,0.105,0.9624532017065218,False,0.105,0.9638083291576742,True
srtio3_cubic_mattersim_q1d2-1d2-1d2-b0,srtio3_cubic,mattersim,decide,300.0,True,True,True,True,0.0,1.4288617938462342,True,0.0,1.4271539528906403,True,0.0,1.8431383216061246,False,0.125,1.5259530202750218,True,0.0,1.436674004100749,True,0.0,1.4684987637544094,True,0.0,1.4736810552619652,True
srtio3_cubic_mattersim_q1d2-1d2-1d2-b0,srtio3_cubic,mattersim,decide,600.0,True,True,True,True,0.0,1.8348769583459246,True,0.0,1.8308743140246153,True,0.0,2.3990028605739853,True,0.0,2.0326975453270695,True,0.0,1.8426355508614773,True,0.0,1.8705862868355772,True,0.0,1.8808437744381608,True
srtio3_cubic_mattersim_q1d2-1d2-1d2-b0,srtio3_cubic,mattersim,decide,900.0,True,True,True,True,0.0,2.1047787496275303,True,0.0,2.0991306192707087,True,0.0,2.7878007350850713,True,0.0,2.386115767939557,True,0.0,2.1136504519354626,True,0.0,2.138513802028224,True,0.0,2.1532656879524783,True
srtio3_cubic_orb_v2_q1d2-1d2-1d2-b0-refmattersim,srtio3_cubic,orb_v2,ref,50.0,False,False,,False,0.12,0.6827743654307575,False,0.12,0.6836838664493072,False,0.1,0.9010426496560389,False,0.14,0.6803165071807864,False,0.12,0.6906045813731228,False,0.11,0.7208432723684466,,,,
srtio3_cubic_orb_v2_q1d2-1d2-1d2-b0-refmattersim,srtio3_cubic,orb_v2,ref,100.0,True,False,True,False,0.115,0.9203925266534034,False,0.115,0.9208067763105705,True,0.0,1.2000002154338314,False,0.14,0.9355637515091844,False,0.115,0.9284895534993607,False,0.105,0.9621854184045366,,,,
srtio3_cubic_orb_v2_q1d2-1d2-1d2-b0-refmattersim,srtio3_cubic,orb_v2,ref,300.0,True,True,True,True,0.0,1.4278736468366358,True,0.0,1.4261559907916055,True,0.0,1.8615748914466697,False,0.13,1.521017910950534,True,0.0,1.4345427308533831,True,0.0,1.4698435908043885,,,,
srtio3_cubic_orb_v2_q1d2-1d2-1d2-b0-refmattersim,srtio3_cubic,orb_v2,ref,600.0,True,True,True,True,0.0,1.8339644534725428,True,0.0,1.8299512061861307,True,0.0,2.425386296076735,True,0.0,2.0269913544452023,True,0.0,1.8396499147813135,True,0.0,1.8744213580352618,,,,
srtio3_cubic_orb_v2_q1d2-1d2-1d2-b0-refmattersim,srtio3_cubic,orb_v2,ref,900.0,True,True,True,True,0.0,2.1039398549199473,True,0.0,2.0982796651928624,True,0.0,2.8201123539171644,True,0.0,2.3798522746404416,True,0.0,2.1098768678966775,True,0.0,2.1446867349775,,,,
srtio3_cubic_sevennet0_q0-0-0-b0,srtio3_cubic,sevennet0,mode,50.0,False,False,,True,0.0,3.1872960377306563,True,0.0,3.8084318526217134,True,0.0,4.214149852996143,True,0.0,4.351542735439443,True,0.0,3.5697004225867035,True,0.0,3.523484974166585,True,0.0,3.5697480724275996,
srtio3_cubic_sevennet0_q0-0-0-b0,srtio3_cubic,sevennet0,mode,100.0,True,False,False,True,0.0,3.680463929222954,True,0.0,4.154249896918768,True,0.0,4.644839818906252,True,0.0,4.652223129498553,True,0.0,3.9772813797996904,True,0.0,3.941281254551515,True,0.0,3.9773494196883505,
srtio3_cubic_sevennet0_q0-0-0-b0,srtio3_cubic,sevennet0,mode,300.0,True,True,True,True,0.0,5.033017223384009,True,0.0,5.290755698365132,True,0.0,6.246841317796269,True,0.0,5.800304860958881,True,0.0,5.212250725567307,True,0.0,5.190142594094349,True,0.0,5.212383964717917,
srtio3_cubic_sevennet0_q0-0-0-b0,srtio3_cubic,sevennet0,mode,600.0,True,True,True,True,0.0,6.178450896507174,True,0.0,6.299703649536725,True,0.0,7.806383620836659,True,0.0,6.859703002829505,True,0.0,6.2831752017082305,True,0.0,6.2692630935908955,True,0.0,6.28336468609254,
srtio3_cubic_sevennet0_q0-0-0-b0,srtio3_cubic,sevennet0,mode,900.0,True,True,True,True,0.0,6.950068913318185,True,0.0,6.988913357479988,True,0.0,8.931854475707613,True,0.0,7.589460893051422,True,0.0,7.009568323172223,True,0.0,7.000467402391451,True,0.0,7.00979523092777,
srtio3_cubic_sevennet0_q1d2-1d2-1d2-b0,srtio3_cubic,sevennet0,decide,50.0,False,False,,False,0.145,0.6872319471278608,False,0.15,0.6820717739103249,True,0.0,0.860094414915932,False,0.185,0.6495600312668206,False,0.145,0.7100523026572092,False,0.135,0.741303000447237,False,0.145,0.7100565973180032,
srtio3_cubic_sevennet0_q1d2-1d2-1d2-b0,srtio3_cubic,sevennet0,decide,100.0,True,False,False,False,0.14,0.9253931086708427,False,0.145,0.9188488733465667,True,0.0,1.1267765805959804,False,0.18,0.8936953966492095,False,0.14,0.9543959389585018,False,0.125,0.990105408285721,False,0.14,0.9544033076488755,True
srtio3_cubic_sevennet0_q1d2-1d2-1d2-b0,srtio3_cubic,sevennet0,decide,300.0,True,True,True,True,0.0,1.4328687466954135,True,0.0,1.4236758509226326,True,0.0,1.702842016387389,False,0.165,1.4530746731152124,True,0.0,1.477711793505401,True,0.0,1.5180524173973882,True,0.0,1.4777306790031748,True
srtio3_cubic_sevennet0_q1d2-1d2-1d2-b0,srtio3_cubic,sevennet0,decide,600.0,True,True,True,True,0.0,1.8383056333172874,True,0.0,1.8271758930297222,True,0.0,2.1869233762955513,True,0.0,1.9367183092159646,True,0.0,1.9020541685124062,True,0.0,1.9443743872288335,True,0.0,1.9020881865258898,True
srtio3_cubic_sevennet0_q1d2-1d2-1d2-b0,srtio3_cubic,sevennet0,decide,900.0,True,True,True,True,0.0,2.1077132465537742,True,0.0,2.095333249448557,True,0.0,2.5241443721198777,True,0.0,2.2743703625211635,True,0.0,2.1885164466542864,True,0.0,2.232272427402578,True,0.0,2.1885637718365816,True
zr_bcc_chgnet_q1d3-2d3-0-b0-refmattersim,zr_bcc,chgnet,ref,50.0,False,False,,False,0.26,-0.6500257534799833,True,0.0,1.5899409465383911,True,0.0,1.007306251329222,False,0.27,0.2239270096228519,True,0.0,0.7633792051922786,False,0.31,-1.276061222983725,,,,
zr_bcc_chgnet_q1d3-2d3-0-b0-refmattersim,zr_bcc,chgnet,ref,100.0,True,False,True,False,0.26,0.3261147148682272,True,0.0,1.5931432998720174,True,0.0,0.9714660399874231,False,0.27,0.31290963626509494,True,0.0,0.7252491002458926,False,0.31,-0.9160264209562718,,,,
zr_bcc_chgnet_q1d3-2d3-0-b0-refmattersim,zr_bcc,chgnet,ref,300.0,True,False,True,False,0.255,0.5440567754063674,True,0.0,1.6066478989545805,True,0.0,1.0003943250890897,False,0.265,0.5213693646866927,True,0.0,0.9020359894034593,False,0.305,0.4654313269343272,,,,
zr_bcc_chgnet_q1d3-2d3-0-b0-refmattersim,zr_bcc,chgnet,ref,600.0,True,False,True,False,0.24,0.7361586012699813,True,0.0,1.6261698827285396,True,0.0,1.1631570458402178,False,0.25,0.7045759850682217,True,0.0,1.1168766581291032,False,0.295,0.6359492924338365,,,,
zr_bcc_chgnet_q1d3-2d3-0-b0-refmattersim,zr_bcc,chgnet,ref,900.0,True,False,True,True,0.0,0.8700684739037376,True,0.0,1.6446568817862128,True,0.0,1.3022687407619193,True,0.0,0.8320432691350655,True,0.0,1.2759006566704088,False,0.28500000000000003,0.7567078131166145,,,,
zr_bcc_mace_mp0_q1d3-2d3-0-b0-refmattersim,zr_bcc,mace_mp0,ref,50.0,False,False,,False,0.27,-0.7647979471708025,True,0.0,1.5706813858561803,True,0.0,0.7908215189466413,False,0.28,0.23407824011049394,True,0.0,0.49582581609368526,False,0.32,0.19315024448809978,,,,
zr_bcc_mace_mp0_q1d3-2d3-0-b0-refmattersim,zr_bcc,mace_mp0,ref,100.0,True,False,True,False,0.27,0.3168826677013014,True,0.0,1.5731448908451562,True,0.0,0.7900940995652841,False,0.28,0.30582595755258285,True,0.0,0.5215478360468486,False,0.315,0.2710159726804734,,,,
zr_bcc_mace_mp0_q1d3-2d3-0-b0-refmattersim,zr_bcc,mace_mp0,ref,300.0,True,False,True,False,0.265,0.5309022382168,True,0.0,1.5845346837617538,True,0.0,0.9202855444004459,False,0.27,0.5110629536563734,True,0.0,0.6975581572219474,False,0.31,0.4571888913298363,,,,
zr_bcc_mace_mp0_q1d3-2d3-0-b0-refmattersim,zr_bcc,mace_mp0,ref,600.0,True,False,True,False,0.25,0.721360104792244,True,0.0,1.6038067682664385,True,0.0,1.1007732739253666,False,0.26,0.6926028165984687,True,0.0,0.8719664471898801,False,0.3,0.6255923390368033,,,,
zr_bcc_mace_mp0_q1d3-2d3-0-b0-refmattersim,zr_bcc,mace_mp0,ref,900.0,True,False,True,False,0.23500000000000001,0.8549856008743547,True,0.0,1.6248927766782004,True,0.0,1.239570784381574,True,0.0,0.8194477079384911,True,0.0,0.9984000654782446,False,0.29,0.7451605552475833,,,,
zr_bcc_mattersim_q1d2-0-0-b0,zr_bcc,mattersim,mode,50.0,False,False,,False,0.215,0.4632444880964193,True,0.0,1.8292633647388994,True,0.0,1.060699124010781,False,0.21,0.946888271834061,True,0.0,0.8079172887392767,False,0.21,0.42116746491229684,False,0.21,0.42116757085757267,
zr_bcc_mattersim_q1d2-0-0-b0,zr_bcc,mattersim,mode,100.0,True,False,False,False,0.21,0.580002398702085,True,0.0,1.8344844858415998,True,0.0,1.079483258799235,False,0.21,0.5808264958318565,True,0.0,0.827688922668567,False,0.20500000000000002,0.5780145090727609,False,0.20500000000000002,0.5780145997177878,
zr_bcc_mattersim_q1d2-0-0-b0,zr_bcc,mattersim,mode,300.0,True,False,False,False,0.195,0.938420424199729,True,0.0,1.8568034100117272,True,0.0,1.3257997422858518,False,0.19,0.9352007850125521,True,0.0,1.0765126224701909,True,0.0,0.9232813950278885,True,0.0,0.9232813429610011,
zr_bcc_mattersim_q1d2-0-0-b0,zr_bcc,mattersim,mode,600.0,True,False,False,True,0.0,1.2380364583326537,True,0.0,1.8885534940476718,True,0.0,1.6129534432653048,True,0.0,1.229313807476481,True,0.0,1.3367643803673201,True,0.0,1.2067161755789813,True,0.0,1.2067159283143072,
zr_bcc_mattersim_q1d2-0-0-b0,zr_bcc,mattersim,mode,900.0,True,False,False,True,0.0,1.4407271503914558,True,0.0,1.918023805264505,True,0.0,1.8273170157228142,True,0.0,1.4276268073909273,True,0.0,1.5269528526547256,True,0.0,1.3969347990634198,True,0.0,1.3969343992795136,
zr_bcc_mattersim_q1d2-1d2-0-b0,zr_bcc,mattersim,mode,50.0,False,False,,False,0.215,-1.2150214243857183,True,0.0,1.823210794959049,True,0.0,1.087230637793456,False,0.215,0.30170911877079704,True,0.0,0.8841653708738688,False,0.215,0.30139196814011765,False,0.215,0.3013907571565944,
zr_bcc_mattersim_q1d2-1d2-0-b0,zr_bcc,mattersim,mode,100.0,True,False,False,False,0.215,0.42147535703982525,True,0.0,1.8272085729418905,True,0.0,1.0748164302429157,False,0.21,0.42036140165003466,True,0.0,0.8151175878766844,False,0.21,0.4191624724373553,False,0.21,0.4191610452712874,
zr_bcc_mattersim_q1d2-1d2-0-b0,zr_bcc,mattersim,mode,300.0,True,False,False,False,0.21,0.6943822545550711,True,0.0,1.8444311953159938,True,0.0,1.3003647824958056,False,0.20500000000000002,0.695613850236692,True,0.0,1.013395613407574,False,0.2,0.6900824269480289,False,0.2,0.6900812355443281,
zr_bcc_mattersim_q1d2-1d2-0-b0,zr_bcc,mattersim,mode,600.0,True,False,False,False,0.195,0.9369345698493219,True,0.0,1.8692968276611215,True,0.0,1.5856638953043354,False,0.19,0.9343997442959859,True,0.0,1.2601072663605388,True,0.0,0.9227722389388743,True,0.0,0.9227719810861205,
zr_bcc_mattersim_q1d2-1d2-0-b0,zr_bcc,mattersim,mode,900.0,True,False,False,True,0.0,1.105358142226168,True,0.0,1.892724127809201,True,0.0,1.7997661782545844,True,0.0,1.0991856617041256,True,0.0,1.4424978662140326,True,0.0,1.0824233462793984,True,0.0,1.0824240112602355,
zr_bcc_mattersim_q1d3-0-0-b0,zr_bcc,mattersim,mode,50.0,False,False,,False,0.26,0.39637240404915136,True,0.0,1.5962508865580445,True,0.0,0.9260023674812241,False,0.27,0.3780025137157907,True,0.0,0.6843976712188389,False,0.31,0.33602502991078465,False,0.31,0.3360278479523323,
zr_bcc_mattersim_q1d3-0-0-b0,zr_bcc,mattersim,mode,100.0,True,False,False,False,0.255,0.544138600800498,True,0.0,1.6012104845458506,True,0.0,0.9294791366344648,False,0.265,0.5187032234398592,True,0.0,0.7317070841180096,False,0.305,0.4648360972563556,False,0.305,0.464839437745155,
zr_bcc_mattersim_q1d3-0-0-b0,zr_bcc,mattersim,mode,300.0,True,False,False,True,0.0,0.8691564961609903,True,0.0,1.6218557145898864,True,0.0,1.1142519682977567,True,0.0,0.827362487209136,True,0.0,0.9431711393327189,False,0.28500000000000003,0.7551174337330523,False,0.28500000000000003,0.7551206073897812,
zr_bcc_mattersim_q1d3-0-0-b0,zr_bcc,mattersim,mode,600.0,True,False,False,True,0.0,1.1358278290524675,True,0.0,1.6509947791465915,True,0.0,1.3473465522141765,True,0.0,1.0800645565893408,True,0.0,1.1578975338779116,True,0.0,0.998873050247514,True,0.0,0.9988749341336661,
zr_bcc_mattersim_q1d3-0-0-b0,zr_bcc,mattersim,mode,900.0,True,False,False,True,0.0,1.3147607419558318,True,0.0,1.677932651384346,True,0.0,1.5233857146981133,True,0.0,1.2494775668190585,True,0.0,1.3148882294368225,True,0.0,1.1641445956360104,True,0.0,1.1641452256084412,
zr_bcc_mattersim_q1d3-1d2-0-b0,zr_bcc,mattersim,mode,50.0,False,False,,False,0.17,0.43965899591528645,True,0.0,2.185035216656898,True,0.0,1.444252788237746,False,0.21,0.537762793993041,True,0.0,1.4031593691163091,False,0.23,0.3408772090586213,False,0.23,0.34087332695944,
zr_bcc_mattersim_q1d3-1d2-0-b0,zr_bcc,mattersim,mode,100.0,True,False,False,False,0.17,0.5993826340479661,True,0.0,2.1858481618273653,True,0.0,1.4544290697935587,True,0.0,0.70960432591106,True,0.0,1.3766427985596696,False,0.225,0.47142292666141805,False,0.225,0.4714177536130952,
zr_bcc_mattersim_q1d3-1d2-0-b0,zr_bcc,mattersim,mode,300.0,True,False,False,True,0.0,0.9440620858082239,True,0.0,2.189594044548911,True,0.0,1.4943771731951332,True,0.0,1.1032427556637259,True,0.0,1.5203221291198952,False,0.21,0.7653939950058126,False,0.21,0.7653863269892296,
zr_bcc_mattersim_q1d3-1d2-0-b0,zr_bcc,mattersim,mode,600.0,True,False,False,True,0.0,1.2224310010894401,True,0.0,2.1952941595195155,True,0.0,1.5467982347543792,True,0.0,1.4499527814788726,True,0.0,1.7961991246468383,True,0.0,1.0120533208089835,True,0.0,1.0120439150395917,
zr_bcc_mattersim_q1d3-1d2-0-b0,zr_bcc,mattersim,mode,900.0,True,False,False,True,0.0,1.4080834364411883,True,0.0,2.2009407812203023,True,0.0,1.5923195621933854,True,0.0,1.6970659625838904,True,0.0,2.016829325978419,True,0.0,1.1792289174511978,True,0.0,1.1792184510763852,
zr_bcc_mattersim_q1d3-1d3-0-b0,zr_bcc,mattersim,mode,50.0,False,False,,True,0.0,1.4222103243806978,True,0.0,2.6088095457616065,True,0.0,1.6382920025358587,True,0.0,2.4032829546394443,True,0.0,1.9714071850566466,False,0.245,-0.7757200053853684,False,0.245,-0.7754573613401703,
zr_bcc_mattersim_q1d3-1d3-0-b0,zr_bcc,mattersim,mode,100.0,True,False,False,True,0.0,1.341990229990498,True,0.0,2.6065695698947877,True,0.0,1.6568831459377797,True,0.0,2.6106150204889795,True,0.0,1.9390342591903689,False,0.245,0.28384237495232756,False,0.245,0.2838404981886635,
zr_bcc_mattersim_q1d3-1d3-0-b0,zr_bcc,mattersim,mode,300.0,True,False,False,True,0.0,0.9723491278440793,True,0.0,2.5956167679496684,True,0.0,1.7313427494449534,True,0.0,3.331455294936952,True,0.0,1.7313983562526267,False,0.23500000000000001,0.4730886926947091,False,0.23500000000000001,0.4730861836954698,
zr_bcc_mattersim_q1d3-1d3-0-b0,zr_bcc,mattersim,mode,600.0,True,False,False,True,0.0,1.1483241615387325,True,0.0,2.578824203310838,True,0.0,1.8295177938773386,True,0.0,4.051618632791038,False,0.08,1.0092515041509267,False,0.225,0.639473165411305,False,0.225,0.6394705738880248,
zr_bcc_mattersim_q1d3-1d3-0-b0,zr_bcc,mattersim,mode,900.0,True,False,False,True,0.0,1.310860228070685,True,0.0,2.5623015619375424,True,0.0,1.914834170133176,True,0.0,4.578512056649687,False,0.08,0.5830566669313281,True,0.0,0.755267500339161,True,0.0,0.7552650648508832,
zr_bcc_mattersim_q1d3-2d3-0-b0,zr_bcc,mattersim,decide,50.0,False,False,,False,0.265,0.23363865316771015,True,0.0,1.58681953459169,True,0.0,0.9764768389423198,False,0.27,0.22391086264701757,True,0.0,0.7247759166254962,False,0.31,-1.2295486526566761,False,0.31,-1.229623035115697,
zr_bcc_mattersim_q1d3-2d3-0-b0,zr_bcc,mattersim,decide,100.0,True,False,False,False,0.26,0.3246944034712824,True,0.0,1.5899229971748727,True,0.0,0.9423261474386533,False,0.27,0.3128463396330738,True,0.0,0.6855890038410936,False,0.31,-0.7733538615120871,False,0.31,-0.7735353232720502,True
zr_bcc_mattersim_q1d3-2d3-0-b0,zr_bcc,mattersim,decide,300.0,True,False,False,False,0.255,0.5420550084020509,True,0.0,1.6030163444159644,True,0.0,0.9879473305630626,False,0.265,0.5210587955648397,True,0.0,0.7744464584443211,False,0.305,0.46404685071320256,False,0.305,0.464048431306264,True
zr_bcc_mattersim_q1d3-2d3-0-b0,zr_bcc,mattersim,decide,600.0,True,False,False,False,0.24,0.7339311446774777,True,0.0,1.6219685131957169,True,0.0,1.1561375804865859,False,0.25,0.7038912545891517,True,0.0,0.9377345344231152,False,0.295,0.634213144050278,False,0.295,0.6342157794623503,True
zr_bcc_mattersim_q1d3-2d3-0-b0,zr_bcc,mattersim,decide,900.0,True,False,False,True,0.0,0.8678159161500127,True,0.0,1.6399410857303616,True,0.0,1.2964818236923004,True,0.0,0.8310279614904362,True,0.0,1.0635036825373247,False,0.28500000000000003,0.7547746325892419,False,0.28500000000000003,0.7547781754813889,True
zr_bcc_mattersim_q1d6-1d2-0-b0,zr_bcc,mattersim,mode,50.0,False,False,,False,0.17500000000000002,0.31604426405768093,True,0.0,2.1843440472632136,True,0.0,1.4123753573182205,False,0.215,1.0764869931566576,True,0.0,1.43836325768742,False,0.23,-0.5425177818166996,False,0.23,-0.5403076366308718,
zr_bcc_mattersim_q1d6-1d2-0-b0,zr_bcc,mattersim,mode,100.0,True,False,False,False,0.17500000000000002,0.4375919531662342,True,0.0,2.1848326875525164,True,0.0,1.4397507876415019,False,0.215,0.5167876542648118,True,0.0,1.4064287810894909,False,0.23,0.339786517998047,False,0.23,0.3397853643683822,
zr_bcc_mattersim_q1d6-1d2-0-b0,zr_bcc,mattersim,mode,300.0,True,False,False,False,0.16,0.7121600851400384,True,0.0,2.1870888091795795,True,0.0,1.557826056463275,True,0.0,0.8213440060969195,True,0.0,1.159759637734401,False,0.225,0.5661218488271004,False,0.225,0.5661222332658167,
zr_bcc_mattersim_q1d6-1d2-0-b0,zr_bcc,mattersim,mode,600.0,True,False,False,True,0.0,0.9433162850541951,True,0.0,2.1905364991318637,True,0.0,1.7174331480100813,True,0.0,1.0907051475589107,False,0.11,0.10094952357098859,False,0.21,0.765079132488864,False,0.21,0.7650826363995251,
zr_bcc_mattersim_q1d6-1d2-0-b0,zr_bcc,mattersim,mode,900.0,True,False,False,True,0.0,1.1002464144401711,True,0.0,2.1939689576514096,True,0.0,1.8523869666463793,True,0.0,1.2832796765851462,False,0.11,3.080575735263761,True,0.0,0.9035202473714392,True,0.0,0.9035267171077198,
zr_bcc_orb_v2_q1d3-2d3-0-b0-refmattersim,zr_bcc,orb_v2,ref,50.0,False,False,,False,0.26,-0.8202992734820548,True,0.0,1.5915804429162335,True,0.0,1.025634326642646,False,0.27,0.22390559810512353,True,0.0,0.78171151268956,False,0.31,-1.2973488106567732,,,,
zr_bcc_orb_v2_q1d3-2d3-0-b0-refmattersim,zr_bcc,orb_v2,ref,100.0,True,False,True,False,0.26,0.3267812075468255,True,0.0,1.594843397074672,True,0.0,0.9894362412190547,False,0.27,0.312922452183936,True,0.0,0.7400283784683355,False,0.31,-0.9764189537349529,,,,
zr_bcc_orb_v2_q1d3-2d3-0-b0-refmattersim,zr_bcc,orb_v2,ref,300.0,True,False,True,False,0.25,0.5449915890197345,True,0.0,1.6085994439374596,True,0.0,1.0080639254017352,False,0.265,0.5216062240977729,True,0.0,0.9122385366122995,False,0.305,0.46626515373357613,,,,
zr_bcc_orb_v2_q1d3-2d3-0-b0-refmattersim,zr_bcc,orb_v2,ref,600.0,True,False,True,False,0.24,0.7371930833503915,True,0.0,1.62846892530595,True,0.0,1.166460364353183,False,0.25,0.7051757060626809,True,0.0,1.1277393747812174,False,0.295,0.6369945635986,,,,
zr_bcc_orb_v2_q1d3-2d3-0-b0-refmattersim,zr_bcc,orb_v2,ref,900.0,True,False,True,True,0.0,0.8711098699579296,True,0.0,1.6472688554212231,True,0.0,1.3043191776214964,True,0.0,0.8329702832838021,True,0.0,1.287683277172327,False,0.28500000000000003,0.7578715287760585,,,,
zr_bcc_sevennet0_q1d3-2d3-0-b0-refmattersim,zr_bcc,sevennet0,ref,50.0,False,False,,False,0.265,0.23177746184314496,True,0.0,1.585521676578424,True,0.0,0.9623280854118147,False,0.27,0.2235848935785152,True,0.0,0.7115372223529622,False,0.315,-1.2047359216567564,,,,
zr_bcc_sevennet0_q1d3-2d3-0-b0-refmattersim,zr_bcc,sevennet0,ref,100.0,True,False,True,False,0.26,0.32409793978942186,True,0.0,1.5885809193408056,True,0.0,0.9295714010671405,False,0.27,0.31239631335126367,True,0.0,0.6726403081222958,False,0.31,-0.6883398693188583,,,,
zr_bcc_sevennet0_q1d3-2d3-0-b0-refmattersim,zr_bcc,sevennet0,ref,300.0,True,False,True,False,0.255,0.5412118208416313,True,0.0,1.601490411355618,True,0.0,0.9820444848870078,False,0.265,0.520332972690986,True,0.0,0.7691272141093202,False,0.305,0.46347764583044304,,,,
zr_bcc_sevennet0_q1d3-2d3-0-b0-refmattersim,zr_bcc,sevennet0,ref,600.0,True,False,True,False,0.245,0.7329900427510884,True,0.0,1.6201874878591631,True,0.0,1.1515991047106107,False,0.25,0.7029404008328608,True,0.0,0.9342055169574301,False,0.295,0.6335002477035783,,,,
zr_bcc_sevennet0_q1d3-2d3-0-b0-refmattersim,zr_bcc,sevennet0,ref,900.0,True,False,True,True,0.0,0.8668621116495615,True,0.0,1.6379294136240583,True,0.0,1.2919463815195598,True,0.0,0.8299283374832886,True,0.0,1.0605242765595693,False,0.28500000000000003,0.7539817543263146,,,,
zro2_cubic_chgnet_q1d2-0-1d2-b0,zro2_cubic,chgnet,decide,50.0,False,False,,False,0.28500000000000003,-5.361466861809938,False,0.23,0.670919083770749,False,0.24,-3.798951014046146,False,0.24,0.6526127126168729,False,0.24,0.6542105462862463,False,0.25,-4.417973361597358,False,0.24,-3.7989615406333774,
zro2_cubic_chgnet_q1d2-0-1d2-b0,zro2_cubic,chgnet,decide,100.0,True,False,False,False,0.28500000000000003,-4.769544506407866,False,0.23,0.9331895787939656,False,0.24,1.1316265269913586,False,0.24,0.9093227706244627,False,0.24,0.9093251015723457,False,0.25,-3.522001719528149,False,0.24,1.1316111064809946,True
zro2_cubic_chgnet_q1d2-0-1d2-b0,zro2_cubic,chgnet,decide,300.0,True,False,False,False,0.28,1.3956132516946875,False,0.23,1.5616587912429871,False,0.23500000000000001,1.5452270904961933,False,0.23500000000000001,1.528613341893304,False,0.23500000000000001,1.526263326509316,False,0.245,1.4699822350392635,False,0.23500000000000001,1.545227209324778,True
zro2_cubic_chgnet_q1d2-0-1d2-b0,zro2_cubic,chgnet,decide,600.0,True,False,False,False,0.28,1.8224569748622805,False,0.22,2.127723632077112,False,0.23,2.1184524473517206,False,0.23,2.092303963146354,False,0.23,2.08559833209507,False,0.24,2.0137344919102116,False,0.23,2.118452723895312,True
zro2_cubic_chgnet_q1d2-0-1d2-b0,zro2_cubic,chgnet,decide,900.0,True,False,False,False,0.275,2.1905273854646916,False,0.21,2.5278471205133695,False,0.225,2.5281536684989536,False,0.225,2.4939547784094733,False,0.22,2.4829350687529614,False,0.23500000000000001,2.401680972423174,False,0.225,2.528154099449461,True
zro2_cubic_mace_mp0_q0-1d2-1d2-b0,zro2_cubic,mace_mp0,decide,50.0,False,False,,False,0.28500000000000003,-5.40610895619554,False,0.23,0.6734316058435048,False,0.23500000000000001,-4.155097545503513,False,0.24,-2.638638618698879,False,0.24,-1.432529444551312,False,0.25,-8.728619928184493,False,0.23,0.6734316067468513,
zro2_cubic_mace_mp0_q0-1d2-1d2-b0,zro2_cubic,mace_mp0,decide,100.0,True,False,False,False,0.28500000000000003,-4.884957476737288,False,0.23,0.936523717254266,False,0.23500000000000001,-2.072542665116678,False,0.24,0.9141772823613442,False,0.24,0.9121575508710522,False,0.25,-6.364189592396101,False,0.23,0.936523718476451,True
zro2_cubic_mace_mp0_q0-1d2-1d2-b0,zro2_cubic,mace_mp0,decide,300.0,True,False,False,False,0.28,-1.04793985953064,False,0.23,1.5666333080746424,False,0.23500000000000001,1.54916853664528,False,0.23500000000000001,1.5353858650142838,False,0.23500000000000001,1.530572347985035,False,0.245,1.474659848230984,False,0.23,1.5666333100521173,True
zro2_cubic_mace_mp0_q0-1d2-1d2-b0,zro2_cubic,mace_mp0,decide,600.0,True,False,False,False,0.275,1.826542350944061,False,0.22,2.1337096505252835,False,0.23,2.123361868969625,False,0.23,2.0996081427103905,False,0.23,2.090890797387466,False,0.24,2.0194933303307017,False,0.22,2.133709653139834,True
zro2_cubic_mace_mp0_q0-1d2-1d2-b0,zro2_cubic,mace_mp0,decide,900.0,True,False,False,False,0.275,2.19514638430868,False,0.21,2.5343034829464903,False,0.22,2.533582283349037,False,0.22,2.50096360380895,False,0.22,2.488731052897758,False,0.23,2.4079870475520297,False,0.21,2.53430348598943,True
zro2_cubic_mattersim_q1d2-0-1d2-b0,zro2_cubic,mattersim,decide,50.0,False,False,,False,0.28,-5.424446783323321,False,0.23,0.9457257273692027,False,0.23500000000000001,-4.282217930992735,False,0.24,-1.4549867180842417,False,0.24,-2.4119821252001015,False,0.25,0.6298263205004391,False,0.25,0.6298347861111188,
zro2_cubic_mattersim_q1d2-0-1d2-b0,zro2_cubic,mattersim,decide,100.0,True,False,False,False,0.28,-4.933352251043539,False,0.23,0.9382374627726274,False,0.23500000000000001,-2.5520868021330974,False,0.24,0.9125459431660734,False,0.24,0.9136094321262737,False,0.25,0.8781187283493989,False,0.25,0.8781298536787449,True
zro2_cubic_mattersim_q1d2-0-1d2-b0,zro2_cubic,mattersim,decide,300.0,True,False,False,False,0.28,-1.6379028010169772,False,0.225,1.5691869419276447,False,0.23500000000000001,1.5512025340175963,False,0.23500000000000001,1.5338862874829389,False,0.23500000000000001,1.532779903929044,False,0.245,1.4770433542838401,False,0.245,1.4770590864474633,True
zro2_cubic_mattersim_q1d2-0-1d2-b0,zro2_cubic,mattersim,decide,600.0,True,False,False,False,0.275,1.828632883858545,False,0.22,2.1367789676459137,False,0.23,2.1258883056677775,False,0.23,2.099371002892227,False,0.23,2.0936012118617096,False,0.24,2.0224291118868245,False,0.24,2.022446392154928,True
zro2_cubic_mattersim_q1d2-0-1d2-b0,zro2_cubic,mattersim,decide,900.0,True,False,False,False,0.27,2.1975090543796463,False,0.21,2.5376114859016385,False,0.22,2.5363694185990875,False,0.22,2.5022563730429197,False,0.22,2.491698951763887,False,0.23,2.411203789862185,False,0.23,2.411220686677718,True
zro2_cubic_orb_v2_q0-0-1d2-b0,zro2_cubic,orb_v2,mode,50.0,False,False,,False,0.28,-4.766595618741037,False,0.225,0.9738636750791565,False,0.23500000000000001,-2.3252210148700576,False,0.23500000000000001,0.9459748141987249,False,0.23500000000000001,0.9474219817791257,False,0.245,0.9085840104905785,False,0.23500000000000001,0.9458965779555558,
zro2_cubic_orb_v2_q0-0-1d2-b0,zro2_cubic,orb_v2,mode,100.0,True,False,False,False,0.28,-3.537984772358166,False,0.225,1.331549918877752,False,0.23,1.3104481894304185,False,0.23500000000000001,1.2983437599279708,False,0.23500000000000001,1.2986561222006634,False,0.245,1.2486640349011546,False,0.23500000000000001,1.2982198526095894,
zro2_cubic_orb_v2_q0-0-1d2-b0,zro2_cubic,orb_v2,mode,300.0,True,False,False,False,0.275,1.8496644700580696,False,0.215,2.164441878468131,False,0.225,2.1513040557526217,False,0.23,2.1282734442637783,False,0.225,2.1213612927242758,False,0.23500000000000001,2.0487754312126314,False,0.23,2.1279811242913182,
zro2_cubic_orb_v2_q0-0-1d2-b0,zro2_cubic,orb_v2,mode,600.0,True,False,False,False,0.265,2.5177433864320227,True,0.0,2.881403140126039,False,0.21,2.8881822451533212,False,0.21,2.853040628050921,True,0.0,2.8349915399566328,False,0.22,2.7473408755829913,False,0.21,2.8525373133599787,
zro2_cubic_orb_v2_q0-0-1d2-b0,zro2_cubic,orb_v2,mode,900.0,True,False,False,False,0.255,2.9898478094665,True,0.0,3.3731269486123443,True,0.0,3.3989030300839116,True,0.0,3.3543183409796007,True,0.0,3.3266009302600836,True,0.0,3.2305036291109848,True,0.0,3.3536426097178222,
zro2_cubic_orb_v2_q1d2-1d2-0-b0,zro2_cubic,orb_v2,mode,50.0,False,False,,False,0.28,-5.4190791304658985,False,0.23,0.5705870406906819,False,0.23500000000000001,-4.308697705000289,False,0.24,-3.4188488832936534,False,0.24,-2.734064975628856,False,0.25,0.6319770347573953,False,0.23500000000000001,-3.6636157131617964,
zro2_cubic_orb_v2_q1d2-1d2-0-b0,zro2_cubic,orb_v2,mode,100.0,True,False,False,False,0.28,-4.932529444812688,False,0.23,0.9413773903608829,False,0.23500000000000001,-2.665507313269489,False,0.23500000000000001,0.9774140000561093,False,0.23500000000000001,0.916685059899334,False,0.25,0.8810110898831968,False,0.23500000000000001,1.0110171345155117,
zro2_cubic_orb_v2_q1d2-1d2-0-b0,zro2_cubic,orb_v2,mode,300.0,True,False,False,False,0.28,-1.694813322105327,False,0.225,1.573901556192569,False,0.23500000000000001,1.555409557616882,False,0.23500000000000001,1.5440219178311827,False,0.23500000000000001,1.5374653369693907,False,0.245,1.4815188198366307,False,0.23500000000000001,1.5433845997611602,
zro2_cubic_orb_v2_q1d2-1d2-0-b0,zro2_cubic,orb_v2,mode,600.0,True,False,False,False,0.275,1.8331604638599495,False,0.22,2.142504738762067,False,0.23,2.1311397542512927,False,0.23,2.1122441787520034,False,0.23,2.0993704332938687,False,0.24,2.02802923351828,False,0.23,2.111673760962064,
zro2_cubic_orb_v2_q1d2-1d2-0-b0,zro2_cubic,orb_v2,mode,900.0,True,False,False,False,0.27,2.202685317240437,False,0.21,2.5438398485090254,False,0.22,2.542188796027012,False,0.22,2.5167476540238964,False,0.22,2.498033127922951,False,0.23,2.417426103739206,False,0.22,2.5163291514083164,
zro2_cubic_orb_v2_q1d2-1d2-1d2-b0,zro2_cubic,orb_v2,decide,50.0,False,False,,False,0.28,-3.3201183302688113,False,0.23,-4.22217705211257,False,0.23500000000000001,-5.120011450610153,False,0.23500000000000001,-4.884218252975374,False,0.24,-4.513557376329011,False,0.245,-4.001130197845198,False,0.23500000000000001,-4.889258271504068,
zro2_cubic_orb_v2_q1d2-1d2-1d2-b0,zro2_cubic,orb_v2,decide,100.0,True,False,False,False,0.28,0.7779334925457274,False,0.23,-3.384301021417412,False,0.23500000000000001,-4.689904521979422,False,0.23500000000000001,-4.412190893794831,False,0.24,-3.852046582144942,False,0.245,-2.368424829028965,False,0.23500000000000001,-4.419881438304016,True
zro2_cubic_orb_v2_q1d2-1d2-1d2-b0,zro2_cubic,orb_v2,decide,300.0,True,False,False,False,0.28,0.9504268190171951,False,0.23,1.1418138401923459,False,0.23500000000000001,-2.0710237454462166,False,0.23500000000000001,-1.0691792210475586,False,0.23500000000000001,1.112227869714902,False,0.245,1.0712088710179977,False,0.23500000000000001,-1.1338909675228939,True
zro2_cubic_orb_v2_q1d2-1d2-1d2-b0,zro2_cubic,orb_v2,decide,600.0,True,False,False,False,0.28,1.3277140858512535,False,0.225,1.5781763239018707,False,0.23500000000000001,1.5573500508644829,False,0.23,1.5521681595786143,False,0.23500000000000001,1.5406605616320757,False,0.245,1.4862193156075603,False,0.23,1.551607431590308,True
zro2_cubic_orb_v2_q1d2-1d2-1d2-b0,zro2_cubic,orb_v2,decide,900.0,True,False,False,False,0.275,1.6080225538894515,False,0.22,1.894681430675951,False,0.23,1.8765713584455535,False,0.23,1.8685998942014332,False,0.23,1.8528629911839134,False,0.24,1.7896806486599512,False,0.23,1.867971401605758,True
zro2_cubic_sevennet0_q1d2-0-1d2-b0,zro2_cubic,sevennet0,decide,50.0,False,False,,False,0.28,-5.435303816419448,False,0.23,-0.6555010677812855,False,0.23500000000000001,-4.352218814285774,False,0.24,-1.8590861804491412,False,0.24,-2.778578930382981,False,0.25,0.6306069424224254,False,0.24,-2.778569004647099,
zro2_cubic_sevennet0_q1d2-0-1d2-b0,zro2_cubic,sevennet0,decide,100.0,True,False,False,False,0.28,-4.962438329998822,False,0.23,0.939384204167685,False,0.23500000000000001,-2.786623925419724,False,0.24,0.912939391820475,False,0.24,0.9145821082366598,False,0.25,0.8791648630051182,False,0.24,0.9145820587924371,True
zro2_cubic_sevennet0_q1d2-0-1d2-b0,zro2_cubic,sevennet0,decide,300.0,True,False,False,False,0.28,-1.9111224645844955,False,0.225,1.5708944394044129,False,0.23500000000000001,1.5525405365048695,False,0.23500000000000001,1.5345361764499397,False,0.23500000000000001,1.5342591613114875,False,0.245,1.4786408628915344,False,0.23500000000000001,1.5342596280141598,True
zro2_cubic_sevennet0_q1d2-0-1d2-b0,zro2_cubic,sevennet0,decide,600.0,True,False,False,False,0.275,1.8300295751258864,False,0.22,2.1388299154580808,False,0.23,2.1275570325494977,False,0.23,2.1002515598749416,False,0.23,2.095418306398314,False,0.24,2.0243934921317837,False,0.23,2.0954197462321256,True
zro2_cubic_sevennet0_q1d2-0-1d2-b0,zro2_cubic,sevennet0,decide,900.0,True,False,False,False,0.27,2.199087154570338,False,0.21,2.5398209757109385,False,0.22,2.5382170962012496,False,0.22,2.503299265618458,False,0.22,2.493689707767822,False,0.23,2.4133532344848256,False,0.22,2.4936921097303446,True
