===== /root/env-mattersim/bin/python -u scripts/dft_reference.py geom --model mattersim --device cuda Sun Sep 27 06:58:47 UTC 2026
[32m2026-09-27 06:58:52.343[0m | [1mINFO    [0m | [36mmattersim.forcefield.potential[0m:[36mfrom_checkpoint[0m:[36m936[0m - [1mLoading the pre-trained mattersim-v1.0.0-5M.pth model[0m
/root/env-mattersim/lib/python3.12/site-packages/mattersim/forcefield/potential.py:941: UserWarning: Environment variable TORCH_FORCE_NO_WEIGHTS_ONLY_LOAD detected, since the`weights_only` argument was not explicitly passed to `torch.load`, forcing weights_only=False.
  checkpoint = torch.load(load_path, map_location=device)
/root/mlip-dynamic-stability/scripts/dft_reference.py:672: DeprecationWarning: get_modulations_and_supercell() is deprecated. Use the modulations and supercell attributes of the Modulation object returned by run_modulations() or of the modulation property.
  mods, _ = ph.get_modulations_and_supercell()
[geom] PASS (recovered in the degenerate span) srtio3_cubic_mattersim_q0-0-0-b0                 nat=  5 depth=    3.56 meV  max|diff|=0.0076 meV
[geom] !!! CACHE MISMATCH srtio3_cubic_mattersim_q1d2-1d2-1d2-b0: max|dE diff| 1.404 meV (tol 1.00; window 1.404); m_eff 387.48 vs 384.68; structures still written, flagged
[geom] FAIL (recovered in the degenerate span) srtio3_cubic_mattersim_q1d2-1d2-1d2-b0           nat= 40 depth=   17.15 meV  max|diff|=1.4038 meV
/root/mlip-dynamic-stability/scripts/dft_reference.py:672: DeprecationWarning: get_modulations_and_supercell() is deprecated. Use the modulations and supercell attributes of the Modulation object returned by run_modulations() or of the modulation property.
  mods, _ = ph.get_modulations_and_supercell()
[geom] PASS (recovered in the degenerate span) batio3_cubic_mattersim_q0-0-0-b0                 nat=  5 depth=   33.24 meV  max|diff|=0.0076 meV
[geom] !!! CACHE MISMATCH batio3_cubic_mattersim_q0-0-1d2-b0: max|dE diff| 3.170 meV (tol 1.00; window 0.023); m_eff 148.43 vs 148.42; structures still written, flagged
[geom] FAIL (recovered in the degenerate span) batio3_cubic_mattersim_q0-0-1d2-b0               nat= 10 depth=   37.66 meV  max|diff|=3.1700 meV
[geom] PASS (recovered in the degenerate span) batio3_cubic_mattersim_q1d2-0-1d2-b0             nat= 20 depth=   41.12 meV  max|diff|=0.6714 meV
[geom] PASS zr_bcc_mattersim_q1d2-1d2-0-b0                   nat=  4 depth=  100.13 meV  max|diff|=0.0076 meV
[geom] PASS zr_bcc_mattersim_q1d2-0-0-b0                     nat=  2 depth=   50.06 meV  max|diff|=0.0038 meV
[geom] PASS zr_bcc_mattersim_q2d3-2d3-2d3-b0                 nat= 27 depth=  618.79 meV  max|diff|=0.0458 meV
[geom] PASS zr_bcc_mattersim_q1d3-1d3-1d3-b0                 nat= 27 depth=  618.77 meV  max|diff|=0.0458 meV
[geom] PASS zr_bcc_mattersim_q1d3-1d3-0-b0                   nat=  9 depth=  206.27 meV  max|diff|=0.0153 meV
[geom] PASS zr_bcc_mattersim_q2d3-2d3-0-b0                   nat=  9 depth=  206.27 meV  max|diff|=0.0076 meV
[geom] PASS zr_bcc_mattersim_q1d6-1d3-1d3-b0                 nat= 54 depth=  259.83 meV  max|diff|=0.0610 meV
[geom] PASS zr_bcc_mattersim_q5d6-2d3-2d3-b0                 nat= 54 depth=  259.83 meV  max|diff|=0.0916 meV
[geom] PASS zr_bcc_mattersim_q2d3-5d6-5d6-b0                 nat=108 depth=  521.12 meV  max|diff|=0.0610 meV
[geom] PASS zr_bcc_mattersim_q1d3-1d6-1d6-b0                 nat=108 depth=  521.06 meV  max|diff|=0.1831 meV
[geom] PASS zr_bcc_mattersim_q1d3-2d3-0-b0                   nat=  9 depth=  190.86 meV  max|diff|=0.0153 meV
[geom] PASS zr_bcc_mattersim_q1d3-0-0-b0                     nat=  3 depth=   63.62 meV  max|diff|=0.0019 meV
[geom] PASS zr_bcc_mattersim_q2d3-0-0-b0                     nat=  3 depth=   63.61 meV  max|diff|=0.0038 meV
[geom] PASS zr_bcc_mattersim_q2d3-1d2-5d6-b0                 nat= 36 depth=  388.03 meV  max|diff|=0.2136 meV
[geom] PASS zr_bcc_mattersim_q1d3-1d2-1d6-b0                 nat= 36 depth=  388.03 meV  max|diff|=0.1831 meV
[geom] PASS zr_bcc_mattersim_q2d3-1d2-0-b0                   nat=  6 depth=   64.69 meV  max|diff|=0.0267 meV
[geom] PASS zr_bcc_mattersim_q1d3-1d2-0-b0                   nat=  6 depth=   64.69 meV  max|diff|=0.0305 meV
[geom] PASS zr_bcc_mattersim_q5d6-2d3-0-b0                   nat= 18 depth=  194.05 meV  max|diff|=0.1068 meV
[geom] PASS zr_bcc_mattersim_q1d6-1d3-0-b0                   nat= 18 depth=  194.03 meV  max|diff|=0.1068 meV
[geom] PASS zr_bcc_mattersim_q5d6-1d2-0-b0                   nat= 12 depth=  129.37 meV  max|diff|=0.0687 meV
[geom] PASS zr_bcc_mattersim_q1d6-1d2-0-b0                   nat= 12 depth=  129.35 meV  max|diff|=0.0687 meV
[geom] !!! CACHE MISMATCH zr_bcc_mattersim_q1d6-1d2-1d6-b0: max|dE diff| 182.068 meV (tol 1.35; window 11.047); m_eff 5113.63 vs 5044.02; structures still written, flagged
[geom] FAIL zr_bcc_mattersim_q1d6-1d2-1d6-b0                 nat= 72 depth=  133.54 meV  max|diff|=182.0679 meV
[geom] !!! CACHE MISMATCH zr_bcc_mattersim_q5d6-1d2-5d6-b0: max|dE diff| 182.129 meV (tol 1.35; window 11.047); m_eff 5113.63 vs 5044.02; structures still written, flagged
[geom] FAIL zr_bcc_mattersim_q5d6-1d2-5d6-b0                 nat= 72 depth=  133.61 meV  max|diff|=182.1289 meV
[geom] !!! CACHE MISMATCH zr_bcc_mattersim_q1d6-1d6-1d6-b0: max|dE diff| 7919.678 meV (tol 4.04; window 455.078); m_eff 17700.96 vs 14795.62; structures still written, flagged
[geom] FAIL zr_bcc_mattersim_q1d6-1d6-1d6-b0                 nat=216 depth=  359.62 meV  max|diff|=7919.6777 meV
[geom] PASS zro2_cubic_mattersim_q1d2-0-1d2-b0               nat= 12 depth=  234.86 meV  max|diff|=0.0305 meV
/root/mlip-dynamic-stability/scripts/dft_reference.py:672: DeprecationWarning: get_modulations_and_supercell() is deprecated. Use the modulations and supercell attributes of the Modulation object returned by run_modulations() or of the modulation property.
  mods, _ = ph.get_modulations_and_supercell()
[geom] PASS (recovered in the degenerate span) knbo3_cubic_mattersim_q0-0-0-b0                  nat=  5 depth=   25.44 meV  max|diff|=0.0038 meV
[geom] !!! CACHE MISMATCH knbo3_cubic_mattersim_q0-0-1d2-b0: max|dE diff| 1.038 meV (tol 1.00; window 0.008); m_eff 186.68 vs 186.72; structures still written, flagged
[geom] FAIL (recovered in the degenerate span) knbo3_cubic_mattersim_q0-0-1d2-b0                nat= 10 depth=   20.63 meV  max|diff|=1.0376 meV
[geom] !!! CACHE MISMATCH knbo3_cubic_mattersim_q0-1d2-1d2-b0: max|dE diff| 3.838 meV (tol 1.00; window 0.015); m_eff 399.51 vs 399.51; structures still written, flagged
[geom] FAIL knbo3_cubic_mattersim_q0-1d2-1d2-b0              nat= 20 depth=   28.88 meV  max|diff|=3.8376 meV
[geom] PASS cssnbr3_cubic_mattersim_q0-1d2-1d2-b0            nat= 20 depth=   64.33 meV  max|diff|=0.0191 meV
[geom] PASS cssnbr3_cubic_mattersim_q1d2-1d2-1d2-b0          nat= 40 depth=  128.58 meV  max|diff|=1.2665 meV
/root/mlip-dynamic-stability/scripts/dft_reference.py:672: DeprecationWarning: get_modulations_and_supercell() is deprecated. Use the modulations and supercell attributes of the Modulation object returned by run_modulations() or of the modulation property.
  mods, _ = ph.get_modulations_and_supercell()
[geom] PASS (recovered in the degenerate span) cssnbr3_cubic_mattersim_q0-0-0-b0                nat=  5 depth=    1.45 meV  max|diff|=0.0200 meV
[geom] !!! CACHE MISMATCH cssnbr3_cubic_mattersim_q1d2-1d2-1d2-b3: max|dE diff| 5.096 meV (tol 1.00; window 2.617); m_eff 1165.87 vs 1152.37; structures still written, flagged
[geom] FAIL cssnbr3_cubic_mattersim_q1d2-1d2-1d2-b3          nat= 40 depth=   13.37 meV  max|diff|=5.0964 meV
[geom] PASS (recovered in the degenerate span) cssnbr3_cubic_mattersim_q1d2-0-0-b0              nat= 10 depth=    2.47 meV  max|diff|=0.0114 meV
[geom] PASS cssnbr3_cubic_mattersim_q1d2-0-1d2-b1            nat= 20 depth=    5.50 meV  max|diff|=0.0114 meV
[geom] PASS cssnbr3_cubic_mattersim_q1d2-1d2-0-b2            nat= 20 depth=    1.88 meV  max|diff|=0.3662 meV
[geom] summary mattersim: 32 pass, 0 reference paths, 8 fail (2 of them deciding modes)
[geom]   FAIL srtio3_cubic_mattersim_q1d2-1d2-1d2-b0 role=decide nat=40
[geom]   FAIL batio3_cubic_mattersim_q0-0-1d2-b0 role=mode nat=10
[geom]   FAIL zr_bcc_mattersim_q1d6-1d2-1d6-b0 role=mode nat=72
[geom]   FAIL zr_bcc_mattersim_q5d6-1d2-5d6-b0 role=mode nat=72
[geom]   FAIL zr_bcc_mattersim_q1d6-1d6-1d6-b0 role=mode nat=216
[geom]   FAIL knbo3_cubic_mattersim_q0-0-1d2-b0 role=mode nat=10
[geom]   FAIL knbo3_cubic_mattersim_q0-1d2-1d2-b0 role=decide nat=20
[geom]   FAIL cssnbr3_cubic_mattersim_q1d2-1d2-1d2-b3 role=mode nat=40
[rc=4] /root/env-mattersim/bin/python -u scripts/dft_reference.py geom --model mattersim --device cuda
===== /root/env-mace/bin/python -u scripts/dft_reference.py geom --model mace_mp0 --device cuda Sun Sep 27 07:09:12 UTC 2026
/root/env-mace/lib/python3.11/site-packages/e3nn/o3/_wigner.py:10: UserWarning: Environment variable TORCH_FORCE_NO_WEIGHTS_ONLY_LOAD detected, since the`weights_only` argument was not explicitly passed to `torch.load`, forcing weights_only=False.
  _Jd, _W3j_flat, _W3j_indices = torch.load(os.path.join(os.path.dirname(__file__), 'constants.pt'))
cuequivariance or cuequivariance_torch is not available. Cuequivariance acceleration will be disabled.
Using Materials Project MACE for MACECalculator with /root/.cache/mace/20231203mace128L1_epoch199model
Using float64 for MACECalculator, which is slower but more accurate. Recommended for geometry optimization.
/root/env-mace/lib/python3.11/site-packages/mace/calculators/mace.py:226: UserWarning: Environment variable TORCH_FORCE_NO_WEIGHTS_ONLY_LOAD detected, since the`weights_only` argument was not explicitly passed to `torch.load`, forcing weights_only=False.
  torch.load(f=model_path, map_location=device)
/root/mlip-dynamic-stability/scripts/dft_reference.py:672: DeprecationWarning: get_modulations_and_supercell() is deprecated. Use the modulations and supercell attributes of the Modulation object returned by run_modulations() or of the modulation property.
  mods, _ = ph.get_modulations_and_supercell()
[geom] PASS (recovered in the degenerate span) srtio3_cubic_mace_mp0_q0-0-0-b0                  nat=  5 depth=    0.49 meV  max|diff|=0.0000 meV
[geom] PASS (recovered in the degenerate span) srtio3_cubic_mace_mp0_q1d2-1d2-1d2-b0            nat= 40 depth=   27.42 meV  max|diff|=0.0036 meV
[geom] PASS srtio3_cubic_mace_mp0_q0-1d2-1d2-b0              nat= 20 depth=    0.28 meV  max|diff|=0.0000 meV
/root/mlip-dynamic-stability/scripts/dft_reference.py:672: DeprecationWarning: get_modulations_and_supercell() is deprecated. Use the modulations and supercell attributes of the Modulation object returned by run_modulations() or of the modulation property.
  mods, _ = ph.get_modulations_and_supercell()
[geom] PASS (recovered in the degenerate span) batio3_cubic_mace_mp0_q0-0-0-b0                  nat=  5 depth=   20.85 meV  max|diff|=0.0000 meV
[geom] PASS (recovered in the degenerate span) batio3_cubic_mace_mp0_q1d2-0-0-b0                nat= 10 depth=   28.70 meV  max|diff|=0.0000 meV
[geom] PASS batio3_cubic_mace_mp0_q1d2-0-1d2-b0              nat= 20 depth=   42.57 meV  max|diff|=0.0000 meV
[geom] REF  zr_bcc_mace_mp0_q1d3-2d3-0-b0-refmattersim       nat=  9 depth=   -0.00 meV
[geom] PASS zro2_cubic_mace_mp0_q0-1d2-1d2-b0                nat= 12 depth=  173.40 meV  max|diff|=0.0000 meV
/root/mlip-dynamic-stability/scripts/dft_reference.py:672: DeprecationWarning: get_modulations_and_supercell() is deprecated. Use the modulations and supercell attributes of the Modulation object returned by run_modulations() or of the modulation property.
  mods, _ = ph.get_modulations_and_supercell()
[geom] PASS (recovered in the degenerate span) knbo3_cubic_mace_mp0_q0-0-0-b0                   nat=  5 depth=   16.30 meV  max|diff|=0.0000 meV
[geom] PASS (recovered in the degenerate span) knbo3_cubic_mace_mp0_q0-0-1d2-b0                 nat= 10 depth=   15.21 meV  max|diff|=0.0000 meV
[geom] PASS knbo3_cubic_mace_mp0_q0-1d2-1d2-b0               nat= 20 depth=   27.88 meV  max|diff|=0.0000 meV
/root/mlip-dynamic-stability/scripts/dft_reference.py:672: DeprecationWarning: get_modulations_and_supercell() is deprecated. Use the modulations and supercell attributes of the Modulation object returned by run_modulations() or of the modulation property.
  mods, _ = ph.get_modulations_and_supercell()
[geom] PASS (recovered in the degenerate span) cssnbr3_cubic_mace_mp0_q1d2-1d2-1d2-b0           nat= 40 depth=  116.83 meV  max|diff|=0.0000 meV
[geom] PASS cssnbr3_cubic_mace_mp0_q1d2-1d2-0-b0             nat= 20 depth=   55.74 meV  max|diff|=0.0000 meV
[geom] summary mace_mp0: 12 pass, 1 reference paths, 0 fail (0 of them deciding modes)
===== /root/env-chgnet/bin/python -u scripts/dft_reference.py geom --model chgnet --device cuda Sun Sep 27 07:12:25 UTC 2026
CHGNet v0.3.0 initialized with 412,525 parameters
CHGNet will run on cuda
/root/mlip-dynamic-stability/scripts/dft_reference.py:672: DeprecationWarning: get_modulations_and_supercell() is deprecated. Use the modulations and supercell attributes of the Modulation object returned by run_modulations() or of the modulation property.
  mods, _ = ph.get_modulations_and_supercell()
[geom] PASS (recovered in the degenerate span) srtio3_cubic_chgnet_q0-0-0-b0                    nat=  5 depth=    0.15 meV  max|diff|=0.0458 meV
[geom] !!! CACHE MISMATCH srtio3_cubic_chgnet_q0-0-1d2-b0: max|dE diff| 2.701 meV (tol 1.00; window 0.031); m_eff 231.97 vs 231.53; structures still written, flagged
[geom] FAIL (recovered in the degenerate span) srtio3_cubic_chgnet_q0-0-1d2-b0                  nat= 10 depth=    0.15 meV  max|diff|=2.7008 meV
[geom] !!! CACHE MISMATCH srtio3_cubic_chgnet_q1d2-1d2-1d2-b0: max|dE diff| 6.622 meV (tol 1.00; window 4.181); m_eff 295.61 vs 298.18; structures still written, flagged
[geom] FAIL (recovered in the degenerate span) srtio3_cubic_chgnet_q1d2-1d2-1d2-b0              nat= 40 depth=    5.80 meV  max|diff|=6.6223 meV
/root/mlip-dynamic-stability/mlip_dynstab/finite_t.py:462: PrimitiveMatrixAutoDefaultWarning: primitive_matrix defaulted to 'auto' and was resolved to a non-identity matrix:
  [-0.00000,  0.00000,  1.00000]
  [-0.00000, -1.00000,  0.00000]
  [ 1.00000,  0.00000,  0.00000]
This differs from phonopy v3, whose default was the identity matrix. Pass primitive_matrix='P' (or --pa P on the command line) to restore the v3 behaviour.
  ph = Phonopy(_ase_to_phonopy_atoms(prim), supercell_matrix=np.diag(supercell),
/root/mlip-dynamic-stability/scripts/dft_reference.py:672: DeprecationWarning: get_modulations_and_supercell() is deprecated. Use the modulations and supercell attributes of the Modulation object returned by run_modulations() or of the modulation property.
  mods, _ = ph.get_modulations_and_supercell()
[geom] !!! DRIFT batio3_cubic_chgnet_q0-0-0-b0: harmonic -6.9041 THz here vs -6.1349 in the cache
[geom] !!! CACHE MISMATCH batio3_cubic_chgnet_q0-0-0-b0: max|dE diff| 3835.285 meV (tol 1.00; window 13.813); m_eff 31.35 vs 64.84; structures still written, flagged
[geom] FAIL batio3_cubic_chgnet_q0-0-0-b0                    nat=  5 depth=   16.59 meV  max|diff|=3835.2852 meV
[geom] !!! CACHE MISMATCH batio3_cubic_chgnet_q0-0-0-b1: max|dE diff| 10.094 meV (tol 1.00; window 0.393); m_eff 64.83 vs 64.85; structures still written, flagged
[geom] FAIL (recovered in the degenerate span) batio3_cubic_chgnet_q0-0-0-b1                    nat=  5 depth=   30.29 meV  max|diff|=10.0937 meV
[geom] !!! CACHE MISMATCH batio3_cubic_chgnet_q0-0-0-b2: max|dE diff| 4.116 meV (tol 1.00; window 0.343); m_eff 32.71 vs 32.31; structures still written, flagged
[geom] FAIL (recovered in the degenerate span) batio3_cubic_chgnet_q0-0-0-b2                    nat=  5 depth=   17.76 meV  max|diff|=4.1161 meV
[geom] !!! DRIFT batio3_cubic_chgnet_q0-1d2-0-b0: harmonic -6.1125 THz here vs -5.2048 in the cache
[geom] !!! CACHE MISMATCH batio3_cubic_chgnet_q0-1d2-0-b0: max|dE diff| 2310.516 meV (tol 1.00; window 87.204); m_eff 211.04 vs 98.71; structures still written, flagged
[geom] FAIL (recovered in the degenerate span) batio3_cubic_chgnet_q0-1d2-0-b0                  nat= 10 depth=   24.89 meV  max|diff|=2310.5164 meV
[geom] PASS (recovered in the degenerate span) batio3_cubic_chgnet_q0-1d2-0-b1                  nat= 10 depth=   24.49 meV  max|diff|=0.6180 meV
[geom] !!! DRIFT batio3_cubic_chgnet_q1d2-0-0-b0: harmonic -5.2059 THz here vs -5.1710 in the cache
[geom] !!! CACHE MISMATCH batio3_cubic_chgnet_q1d2-0-0-b0: max|dE diff| 2.571 meV (tol 1.00; window 0.298); m_eff 198.08 vs 197.38; structures still written, flagged
[geom] FAIL (recovered in the degenerate span) batio3_cubic_chgnet_q1d2-0-0-b0                  nat= 10 depth=   29.37 meV  max|diff|=2.5711 meV
[geom] PASS (recovered in the degenerate span) batio3_cubic_chgnet_q1d2-0-0-b1                  nat= 10 depth=   29.14 meV  max|diff|=0.1984 meV
[geom] !!! DRIFT batio3_cubic_chgnet_q0-1d2-1d2-b0: harmonic -5.7539 THz here vs -4.9089 in the cache
[geom] !!! CACHE MISMATCH batio3_cubic_chgnet_q0-1d2-1d2-b0: max|dE diff| 6879.387 meV (tol 1.00; window 10.864); m_eff 236.29 vs 245.32; structures still written, flagged
[geom] FAIL batio3_cubic_chgnet_q0-1d2-1d2-b0                nat= 20 depth=   27.89 meV  max|diff|=6879.3869 meV
[geom] PASS (recovered in the degenerate span) batio3_cubic_chgnet_q1d2-1d2-0-b0                nat= 20 depth=   38.62 meV  max|diff|=0.6104 meV
[geom] REF  zr_bcc_chgnet_q1d3-2d3-0-b0-refmattersim         nat=  9 depth=   -0.00 meV
[geom] PASS zro2_cubic_chgnet_q1d2-0-1d2-b0                  nat= 12 depth=  226.73 meV  max|diff|=0.0153 meV
/root/mlip-dynamic-stability/scripts/dft_reference.py:672: DeprecationWarning: get_modulations_and_supercell() is deprecated. Use the modulations and supercell attributes of the Modulation object returned by run_modulations() or of the modulation property.
  mods, _ = ph.get_modulations_and_supercell()
[geom] PASS (recovered in the degenerate span) knbo3_cubic_chgnet_q0-0-0-b0                     nat=  5 depth=   30.31 meV  max|diff|=0.0954 meV
[geom] PASS cssnbr3_cubic_chgnet_q1d2-1d2-1d2-b0             nat= 40 depth=  228.29 meV  max|diff|=0.0153 meV
[geom] PASS cssnbr3_cubic_chgnet_q0-1d2-1d2-b0               nat= 20 depth=  114.12 meV  max|diff|=0.0305 meV
[geom] !!! CACHE MISMATCH cssnbr3_cubic_chgnet_q1d2-1d2-1d2-b1: max|dE diff| 80.872 meV (tol 2.53; window 80.872); m_eff 1275.41 vs 2550.51; structures still written, flagged
[geom] FAIL cssnbr3_cubic_chgnet_q1d2-1d2-1d2-b1             nat= 40 depth=  227.92 meV  max|diff|=80.8716 meV
[geom] PASS cssnbr3_cubic_chgnet_q1d2-1d2-0-b0               nat= 20 depth=  114.14 meV  max|diff|=0.0076 meV
[geom] !!! CACHE MISMATCH cssnbr3_cubic_chgnet_q1d2-1d2-1d2-b2: max|dE diff| 80.978 meV (tol 2.54; window 80.978); m_eff 1275.41 vs 2548.66; structures still written, flagged
[geom] FAIL cssnbr3_cubic_chgnet_q1d2-1d2-1d2-b2             nat= 40 depth=  227.92 meV  max|diff|=80.9784 meV
[geom] !!! CACHE MISMATCH cssnbr3_cubic_chgnet_q1d2-1d2-1d2-b3: max|dE diff| 735.703 meV (tol 1.00; window 220.306); m_eff 1395.38 vs 2787.21; structures still written, flagged
[geom] FAIL cssnbr3_cubic_chgnet_q1d2-1d2-1d2-b3             nat= 40 depth=   50.11 meV  max|diff|=735.7025 meV
[geom] !!! CACHE MISMATCH cssnbr3_cubic_chgnet_q1d2-1d2-1d2-b4: max|dE diff| 736.954 meV (tol 1.00; window 220.688); m_eff 1396.07 vs 2787.29; structures still written, flagged
[geom] FAIL cssnbr3_cubic_chgnet_q1d2-1d2-1d2-b4             nat= 40 depth=   50.11 meV  max|diff|=736.9537 meV
[geom] PASS cssnbr3_cubic_chgnet_q1d2-1d2-1d2-b5             nat= 40 depth=   50.11 meV  max|diff|=0.6714 meV
[geom] !!! CACHE MISMATCH cssnbr3_cubic_chgnet_q1d2-1d2-0-b1: max|dE diff| 297.455 meV (tol 1.00; window 297.455); m_eff 976.88 vs 652.95; structures still written, flagged
[geom] FAIL cssnbr3_cubic_chgnet_q1d2-1d2-0-b1               nat= 20 depth=   17.52 meV  max|diff|=297.4548 meV
[geom] !!! CACHE MISMATCH cssnbr3_cubic_chgnet_q0-1d2-1d2-b1: max|dE diff| 750.832 meV (tol 1.00; window 54.733); m_eff 652.06 vs 1305.39; structures still written, flagged
[geom] FAIL cssnbr3_cubic_chgnet_q0-1d2-1d2-b1               nat= 20 depth=   22.80 meV  max|diff|=750.8316 meV
[geom] !!! CACHE MISMATCH cssnbr3_cubic_chgnet_q0-1d2-1d2-b2: max|dE diff| 751.198 meV (tol 1.00; window 54.749); m_eff 650.66 vs 1305.45; structures still written, flagged
[geom] FAIL cssnbr3_cubic_chgnet_q0-1d2-1d2-b2               nat= 20 depth=   22.80 meV  max|diff|=751.1978 meV
/root/mlip-dynamic-stability/scripts/dft_reference.py:672: DeprecationWarning: get_modulations_and_supercell() is deprecated. Use the modulations and supercell attributes of the Modulation object returned by run_modulations() or of the modulation property.
  mods, _ = ph.get_modulations_and_supercell()
[geom] PASS (recovered in the degenerate span) cssnbr3_cubic_chgnet_q0-0-0-b0                   nat=  5 depth=    8.48 meV  max|diff|=0.2995 meV
[geom] PASS (recovered in the degenerate span) cssnbr3_cubic_chgnet_q0-0-0-b1                   nat=  5 depth=    8.39 meV  max|diff|=0.0992 meV
[geom] PASS (recovered in the degenerate span) cssnbr3_cubic_chgnet_q1d2-0-0-b0                 nat= 10 depth=    7.57 meV  max|diff|=0.4921 meV
[geom] PASS cssnbr3_cubic_chgnet_q0-0-1d2-b0                 nat= 10 depth=   13.76 meV  max|diff|=0.0572 meV
[geom] PASS cssnbr3_cubic_chgnet_q0-0-1d2-b1                 nat= 10 depth=   13.76 meV  max|diff|=0.0763 meV
[geom] PASS cssnbr3_cubic_chgnet_q0-0-0-b3                   nat=  5 depth=    2.59 meV  max|diff|=0.0038 meV
[geom] PASS (recovered in the degenerate span) cssnbr3_cubic_chgnet_q0-0-0-b4                   nat=  5 depth=    2.27 meV  max|diff|=0.0572 meV
[geom] PASS cssnbr3_cubic_chgnet_q0-0-1d2-b2                 nat= 10 depth=    5.57 meV  max|diff|=0.0114 meV
[geom] PASS cssnbr3_cubic_chgnet_q0-0-1d2-b3                 nat= 10 depth=    5.56 meV  max|diff|=0.0076 meV
[geom] PASS (recovered in the degenerate span) cssnbr3_cubic_chgnet_q1d2-0-0-b2                 nat= 10 depth=    3.61 meV  max|diff|=0.3891 meV
[geom] PASS cssnbr3_cubic_chgnet_q0-1d2-0-b4                 nat= 10 depth=    3.91 meV  max|diff|=0.1030 meV
[geom] PASS cssnbr3_cubic_chgnet_q1d2-0-0-b4                 nat= 10 depth=    3.91 meV  max|diff|=0.1144 meV
[geom] PASS cssnbr3_cubic_chgnet_q1d2-0-1d2-b3               nat= 20 depth=   25.45 meV  max|diff|=0.1373 meV
[geom] summary chgnet: 23 pass, 1 reference paths, 15 fail (2 of them deciding modes)
[geom]   FAIL srtio3_cubic_chgnet_q0-0-1d2-b0 role=mode nat=10
[geom]   FAIL srtio3_cubic_chgnet_q1d2-1d2-1d2-b0 role=decide nat=40
[geom]   FAIL batio3_cubic_chgnet_q0-0-0-b0 role=decide nat=5
[geom]   FAIL batio3_cubic_chgnet_q0-0-0-b1 role=mode nat=5
[geom]   FAIL batio3_cubic_chgnet_q0-0-0-b2 role=mode nat=5
[geom]   FAIL batio3_cubic_chgnet_q0-1d2-0-b0 role=mode nat=10
[geom]   FAIL batio3_cubic_chgnet_q1d2-0-0-b0 role=mode nat=10
[geom]   FAIL batio3_cubic_chgnet_q0-1d2-1d2-b0 role=mode nat=20
[geom]   FAIL cssnbr3_cubic_chgnet_q1d2-1d2-1d2-b1 role=mode nat=40
[geom]   FAIL cssnbr3_cubic_chgnet_q1d2-1d2-1d2-b2 role=mode nat=40
[geom]   FAIL cssnbr3_cubic_chgnet_q1d2-1d2-1d2-b3 role=mode nat=40
[geom]   FAIL cssnbr3_cubic_chgnet_q1d2-1d2-1d2-b4 role=mode nat=40
[geom]   FAIL cssnbr3_cubic_chgnet_q1d2-1d2-0-b1 role=mode nat=20
[geom]   FAIL cssnbr3_cubic_chgnet_q0-1d2-1d2-b1 role=mode nat=20
[geom]   FAIL cssnbr3_cubic_chgnet_q0-1d2-1d2-b2 role=mode nat=20
[rc=4] /root/env-chgnet/bin/python -u scripts/dft_reference.py geom --model chgnet --device cuda
===== /root/env-sevennet/bin/python -u scripts/dft_reference.py geom --model sevennet0 --device cuda Sun Sep 27 07:37:17 UTC 2026
/root/env-sevennet/lib/python3.11/site-packages/sevenn/calculator.py:93: UserWarning: No tensor product accelerator is enabled for SevenNetCalculator. SevenNet may run much slower without a TP accelerator. Please refer to the accelerator section of the documentation.
  util.warn_no_tp_accelerator('SevenNetCalculator')
/root/mlip-dynamic-stability/scripts/dft_reference.py:672: DeprecationWarning: get_modulations_and_supercell() is deprecated. Use the modulations and supercell attributes of the Modulation object returned by run_modulations() or of the modulation property.
  mods, _ = ph.get_modulations_and_supercell()
[geom] PASS (recovered in the degenerate span) srtio3_cubic_sevennet0_q0-0-0-b0                 nat=  5 depth=    2.11 meV  max|diff|=0.0458 meV
[geom] PASS (recovered in the degenerate span) srtio3_cubic_sevennet0_q1d2-1d2-1d2-b0           nat= 40 depth=   22.95 meV  max|diff|=0.0305 meV
[geom] PASS srtio3_cubic_sevennet0_q1d2-0-1d2-b0             nat= 20 depth=    0.08 meV  max|diff|=0.0153 meV
/root/mlip-dynamic-stability/scripts/dft_reference.py:672: DeprecationWarning: get_modulations_and_supercell() is deprecated. Use the modulations and supercell attributes of the Modulation object returned by run_modulations() or of the modulation property.
  mods, _ = ph.get_modulations_and_supercell()
[geom] PASS (recovered in the degenerate span) batio3_cubic_sevennet0_q0-0-0-b0                 nat=  5 depth=   21.16 meV  max|diff|=0.1335 meV
[geom] PASS (recovered in the degenerate span) batio3_cubic_sevennet0_q1d2-0-0-b0               nat= 10 depth=   28.21 meV  max|diff|=0.3052 meV
[geom] !!! CACHE MISMATCH batio3_cubic_sevennet0_q1d2-0-1d2-b0: max|dE diff| 5.264 meV (tol 1.00; window 0.031); m_eff 249.54 vs 249.54; structures still written, flagged
[geom] FAIL batio3_cubic_sevennet0_q1d2-0-1d2-b0             nat= 20 depth=   33.31 meV  max|diff|=5.2643 meV
[geom] REF  zr_bcc_sevennet0_q1d3-2d3-0-b0-refmattersim      nat=  9 depth=   -0.00 meV
[geom] PASS zro2_cubic_sevennet0_q1d2-0-1d2-b0               nat= 12 depth=  191.09 meV  max|diff|=0.0000 meV
/root/mlip-dynamic-stability/scripts/dft_reference.py:672: DeprecationWarning: get_modulations_and_supercell() is deprecated. Use the modulations and supercell attributes of the Modulation object returned by run_modulations() or of the modulation property.
  mods, _ = ph.get_modulations_and_supercell()
[geom] PASS (recovered in the degenerate span) knbo3_cubic_sevennet0_q0-0-0-b0                  nat=  5 depth=   16.11 meV  max|diff|=0.0153 meV
[geom] PASS (recovered in the degenerate span) knbo3_cubic_sevennet0_q0-0-1d2-b0                nat= 10 depth=   15.90 meV  max|diff|=0.2327 meV
[geom] PASS knbo3_cubic_sevennet0_q0-1d2-1d2-b0              nat= 20 depth=   31.63 meV  max|diff|=0.1602 meV
[geom] PASS cssnbr3_cubic_sevennet0_q1d2-1d2-1d2-b0          nat= 40 depth=  149.01 meV  max|diff|=0.6638 meV
[geom] PASS cssnbr3_cubic_sevennet0_q0-1d2-1d2-b0            nat= 20 depth=   61.81 meV  max|diff|=0.0000 meV
[geom] summary sevennet0: 11 pass, 1 reference paths, 1 fail (1 of them deciding modes)
[geom]   FAIL batio3_cubic_sevennet0_q1d2-0-1d2-b0 role=decide nat=20
[rc=4] /root/env-sevennet/bin/python -u scripts/dft_reference.py geom --model sevennet0 --device cuda
===== /root/env-orb/bin/python -u scripts/dft_reference.py geom --model orb_v2 --device cuda Sun Sep 27 07:41:32 UTC 2026
/root/env-orb/lib/python3.12/site-packages/orb_models/common/training/util.py:20: UserWarning: Setting global torch default dtype to torch.float32.
  warnings.warn(f"Setting global torch default dtype to {torch_dtype}.")
/root/mlip-dynamic-stability/mlip_dynstab/finite_t.py:462: PrimitiveMatrixAutoDefaultWarning: primitive_matrix defaulted to 'auto' and was resolved to a non-identity matrix:
  [ 0.00000,  1.00000, -0.00000]
  [-0.00000, -0.00000, -1.00000]
  [-1.00000, -0.00000, -0.00000]
This differs from phonopy v3, whose default was the identity matrix. Pass primitive_matrix='P' (or --pa P on the command line) to restore the v3 behaviour.
  ph = Phonopy(_ase_to_phonopy_atoms(prim), supercell_matrix=np.diag(supercell),
[geom] REF  srtio3_cubic_orb_v2_q1d2-1d2-1d2-b0-refmattersim nat= 40 depth=   57.27 meV
/root/mlip-dynamic-stability/mlip_dynstab/finite_t.py:462: PrimitiveMatrixAutoDefaultWarning: primitive_matrix defaulted to 'auto' and was resolved to a non-identity matrix:
  [-1.00000,  0.00000,  0.00000]
  [ 0.00000,  1.00000,  0.00000]
  [ 0.00000,  0.00000, -1.00000]
This differs from phonopy v3, whose default was the identity matrix. Pass primitive_matrix='P' (or --pa P on the command line) to restore the v3 behaviour.
  ph = Phonopy(_ase_to_phonopy_atoms(prim), supercell_matrix=np.diag(supercell),
/root/mlip-dynamic-stability/scripts/dft_reference.py:672: DeprecationWarning: get_modulations_and_supercell() is deprecated. Use the modulations and supercell attributes of the Modulation object returned by run_modulations() or of the modulation property.
  mods, _ = ph.get_modulations_and_supercell()
[geom] !!! CACHE MISMATCH batio3_cubic_orb_v2_q1d2-0-0-b0: max|dE diff| 11.678 meV (tol 1.00; window 0.261); m_eff 120.70 vs 120.69; structures still written, flagged
[geom] FAIL (recovered in the degenerate span) batio3_cubic_orb_v2_q1d2-0-0-b0                  nat= 10 depth=   20.28 meV  max|diff|=11.6777 meV
[geom] PASS (recovered in the degenerate span) batio3_cubic_orb_v2_q0-1d2-0-b0                  nat= 10 depth=   14.66 meV  max|diff|=0.9089 meV
[geom] PASS batio3_cubic_orb_v2_q1d2-1d2-0-b0                nat= 20 depth=   32.86 meV  max|diff|=0.5932 meV
[geom] !!! CACHE MISMATCH batio3_cubic_orb_v2_q1d2-0-1d2-b0: max|dE diff| 1.907 meV (tol 1.00; window 0.416); m_eff 191.59 vs 191.59; structures still written, flagged
[geom] FAIL batio3_cubic_orb_v2_q1d2-0-1d2-b0                nat= 20 depth=   32.28 meV  max|diff|=1.9073 meV
[geom] PASS (recovered in the degenerate span) batio3_cubic_orb_v2_q0-0-1d2-b0                  nat= 10 depth=   14.73 meV  max|diff|=0.2079 meV
[geom] !!! CACHE MISMATCH batio3_cubic_orb_v2_q1d2-0-0-b1: max|dE diff| 5.130 meV (tol 1.00; window 0.141); m_eff 120.74 vs 120.73; structures still written, flagged
[geom] FAIL (recovered in the degenerate span) batio3_cubic_orb_v2_q1d2-0-0-b1                  nat= 10 depth=   19.01 meV  max|diff|=5.1298 meV
[geom] !!! CACHE MISMATCH batio3_cubic_orb_v2_q0-1d2-1d2-b0: max|dE diff| 4.955 meV (tol 1.00; window 0.664); m_eff 191.54 vs 191.54; structures still written, flagged
[geom] FAIL batio3_cubic_orb_v2_q0-1d2-1d2-b0                nat= 20 depth=   21.10 meV  max|diff|=4.9553 meV
[geom] PASS (recovered in the degenerate span) batio3_cubic_orb_v2_q0-0-1d2-b1                  nat= 10 depth=    9.39 meV  max|diff|=0.3376 meV
[geom] !!! CACHE MISMATCH batio3_cubic_orb_v2_q0-1d2-0-b1: max|dE diff| 2.590 meV (tol 1.00; window 0.212); m_eff 96.62 vs 96.99; structures still written, flagged
[geom] FAIL (recovered in the degenerate span) batio3_cubic_orb_v2_q0-1d2-0-b1                  nat= 10 depth=    8.38 meV  max|diff|=2.5902 meV
[geom] !!! CACHE MISMATCH batio3_cubic_orb_v2_q0-0-0-b0: max|dE diff| 58.537 meV (tol 1.00; window 4.260); m_eff 83.10 vs 76.95; structures still written, flagged
[geom] FAIL batio3_cubic_orb_v2_q0-0-0-b0                    nat=  5 depth=    4.75 meV  max|diff|=58.5365 meV
[geom] !!! DRIFT batio3_cubic_orb_v2_q0-0-0-b1: harmonic -1.0209 THz here vs -1.0550 in the cache
[geom] !!! CACHE MISMATCH batio3_cubic_orb_v2_q0-0-0-b1: max|dE diff| 39.838 meV (tol 1.00; window 4.405); m_eff 83.42 vs 76.98; structures still written, flagged
[geom] FAIL batio3_cubic_orb_v2_q0-0-0-b1                    nat=  5 depth=   -0.00 meV  max|diff|=39.8383 meV
/root/mlip-dynamic-stability/mlip_dynstab/finite_t.py:462: PrimitiveMatrixAutoDefaultWarning: primitive_matrix defaulted to 'auto' and was resolved to a non-identity matrix:
  [ 1.00000, -1.00000, -0.00000]
  [ 1.00000,  0.00000, -1.00000]
  [ 1.00000,  0.00000,  0.00000]
This differs from phonopy v3, whose default was the identity matrix. Pass primitive_matrix='P' (or --pa P on the command line) to restore the v3 behaviour.
  ph = Phonopy(_ase_to_phonopy_atoms(prim), supercell_matrix=np.diag(supercell),
[geom] REF  zr_bcc_orb_v2_q1d3-2d3-0-b0-refmattersim         nat=  9 depth=  144.19 meV
/root/mlip-dynamic-stability/mlip_dynstab/finite_t.py:462: PrimitiveMatrixAutoDefaultWarning: primitive_matrix defaulted to 'auto' and was resolved to a non-identity matrix:
  [-0.00000,  1.00000, -1.00000]
  [ 1.00000,  0.00000, -0.00000]
  [ 0.00000, -1.00000,  0.00000]
This differs from phonopy v3, whose default was the identity matrix. Pass primitive_matrix='P' (or --pa P on the command line) to restore the v3 behaviour.
  ph = Phonopy(_ase_to_phonopy_atoms(prim), supercell_matrix=np.diag(supercell),
[geom] PASS zro2_cubic_orb_v2_q1d2-1d2-1d2-b0                nat= 24 depth=  408.24 meV  max|diff|=1.7052 meV
/root/mlip-dynamic-stability/scripts/dft_reference.py:672: DeprecationWarning: get_modulations_and_supercell() is deprecated. Use the modulations and supercell attributes of the Modulation object returned by run_modulations() or of the modulation property.
  mods, _ = ph.get_modulations_and_supercell()
[geom] PASS (recovered in the degenerate span) zro2_cubic_orb_v2_q0-0-1d2-b0                    nat=  6 depth=   99.97 meV  max|diff|=0.3319 meV
[geom] !!! DRIFT zro2_cubic_orb_v2_q1d2-1d2-0-b0: harmonic -5.7920 THz here vs -5.7463 in the cache
[geom] !!! CACHE MISMATCH zro2_cubic_orb_v2_q1d2-1d2-0-b0: max|dE diff| 12.459 meV (tol 2.06; window 3.563); m_eff 127.37 vs 127.87; structures still written, flagged
[geom] FAIL (recovered in the degenerate span) zro2_cubic_orb_v2_q1d2-1d2-0-b0                  nat= 12 depth=  204.12 meV  max|diff|=12.4588 meV
/root/mlip-dynamic-stability/mlip_dynstab/finite_t.py:462: PrimitiveMatrixAutoDefaultWarning: primitive_matrix defaulted to 'auto' and was resolved to a non-identity matrix:
  [-0.00000, -1.00000,  0.00000]
  [-1.00000,  0.00000, -0.00000]
  [ 0.00000, -0.00000, -1.00000]
This differs from phonopy v3, whose default was the identity matrix. Pass primitive_matrix='P' (or --pa P on the command line) to restore the v3 behaviour.
  ph = Phonopy(_ase_to_phonopy_atoms(prim), supercell_matrix=np.diag(supercell),
/root/mlip-dynamic-stability/scripts/dft_reference.py:672: DeprecationWarning: get_modulations_and_supercell() is deprecated. Use the modulations and supercell attributes of the Modulation object returned by run_modulations() or of the modulation property.
  mods, _ = ph.get_modulations_and_supercell()
[geom] !!! CACHE MISMATCH knbo3_cubic_orb_v2_q0-0-0-b0: max|dE diff| 360.549 meV (tol 1.00; window 0.607); m_eff 195.70 vs 183.09; structures still written, flagged
[geom] FAIL knbo3_cubic_orb_v2_q0-0-0-b0                     nat=  5 depth=    7.46 meV  max|diff|=360.5488 meV
[geom] !!! CACHE MISMATCH knbo3_cubic_orb_v2_q0-0-0-b1: max|dE diff| 397.397 meV (tol 1.00; window 0.918); m_eff 167.89 vs 150.52; structures still written, flagged
[geom] FAIL knbo3_cubic_orb_v2_q0-0-0-b1                     nat=  5 depth=    7.20 meV  max|diff|=397.3967 meV
[geom] !!! CACHE MISMATCH knbo3_cubic_orb_v2_q1d2-0-0-b0: max|dE diff| 26.957 meV (tol 1.00; window 0.410); m_eff 244.63 vs 242.10; structures still written, flagged
[geom] FAIL (recovered in the degenerate span) knbo3_cubic_orb_v2_q1d2-0-0-b0                   nat= 10 depth=   29.10 meV  max|diff|=26.9570 meV
[geom] !!! CACHE MISMATCH knbo3_cubic_orb_v2_q0-1d2-0-b0: max|dE diff| 30.285 meV (tol 1.00; window 0.884); m_eff 266.60 vs 269.29; structures still written, flagged
[geom] FAIL (recovered in the degenerate span) knbo3_cubic_orb_v2_q0-1d2-0-b0                   nat= 10 depth=   33.89 meV  max|diff|=30.2849 meV
[geom] !!! CACHE MISMATCH knbo3_cubic_orb_v2_q0-0-1d2-b0: max|dE diff| 3.750 meV (tol 1.00; window 0.315); m_eff 235.82 vs 233.47; structures still written, flagged
[geom] FAIL (recovered in the degenerate span) knbo3_cubic_orb_v2_q0-0-1d2-b0                   nat= 10 depth=   28.23 meV  max|diff|=3.7498 meV
[geom] !!! CACHE MISMATCH knbo3_cubic_orb_v2_q1d2-1d2-0-b0: max|dE diff| 2.705 meV (tol 1.00; window 0.357); m_eff 371.68 vs 371.68; structures still written, flagged
[geom] FAIL (recovered in the degenerate span) knbo3_cubic_orb_v2_q1d2-1d2-0-b0                 nat= 20 depth=   56.50 meV  max|diff|=2.7046 meV
[geom] PASS (recovered in the degenerate span) knbo3_cubic_orb_v2_q0-1d2-1d2-b0                 nat= 20 depth=   58.80 meV  max|diff|=0.5188 meV
[geom] !!! CACHE MISMATCH knbo3_cubic_orb_v2_q0-1d2-0-b1: max|dE diff| 3.310 meV (tol 1.00; window 0.151); m_eff 266.10 vs 269.28; structures still written, flagged
[geom] FAIL (recovered in the degenerate span) knbo3_cubic_orb_v2_q0-1d2-0-b1                   nat= 10 depth=   34.52 meV  max|diff|=3.3097 meV
[geom] !!! CACHE MISMATCH knbo3_cubic_orb_v2_q0-0-0-b2: max|dE diff| 139.715 meV (tol 1.00; window 0.432); m_eff 155.82 vs 154.46; structures still written, flagged
[geom] FAIL knbo3_cubic_orb_v2_q0-0-0-b2                     nat=  5 depth=    3.35 meV  max|diff|=139.7147 meV
[geom] PASS knbo3_cubic_orb_v2_q1d2-0-1d2-b0                 nat= 20 depth=   48.12 meV  max|diff|=0.2604 meV
[geom] !!! CACHE MISMATCH knbo3_cubic_orb_v2_q0-0-1d2-b1: max|dE diff| 2.200 meV (tol 1.00; window 0.313); m_eff 231.88 vs 233.47; structures still written, flagged
[geom] FAIL (recovered in the degenerate span) knbo3_cubic_orb_v2_q0-0-1d2-b1                   nat= 10 depth=   24.23 meV  max|diff|=2.1996 meV
[geom] !!! CACHE MISMATCH knbo3_cubic_orb_v2_q1d2-0-0-b1: max|dE diff| 22.706 meV (tol 1.00; window 0.416); m_eff 245.11 vs 242.07; structures still written, flagged
[geom] FAIL (recovered in the degenerate span) knbo3_cubic_orb_v2_q1d2-0-0-b1                   nat= 10 depth=   25.10 meV  max|diff|=22.7060 meV
/root/mlip-dynamic-stability/mlip_dynstab/finite_t.py:462: PrimitiveMatrixAutoDefaultWarning: primitive_matrix defaulted to 'auto' and was resolved to a non-identity matrix:
  [ 0.00000, -0.00000, -1.00000]
  [-0.00000,  1.00000,  0.00000]
  [ 1.00000,  0.00000,  0.00000]
This differs from phonopy v3, whose default was the identity matrix. Pass primitive_matrix='P' (or --pa P on the command line) to restore the v3 behaviour.
  ph = Phonopy(_ase_to_phonopy_atoms(prim), supercell_matrix=np.diag(supercell),
[geom] !!! CACHE MISMATCH cssnbr3_cubic_orb_v2_q1d2-1d2-1d2-b0: max|dE diff| 20.462 meV (tol 1.00; window 20.462); m_eff 1855.75 vs 1454.09; structures still written, flagged
[geom] FAIL cssnbr3_cubic_orb_v2_q1d2-1d2-1d2-b0             nat= 40 depth=   70.37 meV  max|diff|=20.4620 meV
[geom] PASS cssnbr3_cubic_orb_v2_q0-1d2-1d2-b0               nat= 20 depth=   26.25 meV  max|diff|=0.3586 meV
/root/mlip-dynamic-stability/scripts/dft_reference.py:672: DeprecationWarning: get_modulations_and_supercell() is deprecated. Use the modulations and supercell attributes of the Modulation object returned by run_modulations() or of the modulation property.
  mods, _ = ph.get_modulations_and_supercell()
[geom] !!! CACHE MISMATCH cssnbr3_cubic_orb_v2_q1d2-1d2-1d2-b1: max|dE diff| 5.417 meV (tol 1.00; window 5.417); m_eff 1417.80 vs 1396.79; structures still written, flagged
[geom] FAIL (recovered in the degenerate span) cssnbr3_cubic_orb_v2_q1d2-1d2-1d2-b1             nat= 40 depth=   72.62 meV  max|diff|=5.4169 meV
[geom] PASS cssnbr3_cubic_orb_v2_q1d2-0-1d2-b0               nat= 20 depth=   30.69 meV  max|diff|=0.8659 meV
[geom] !!! CACHE MISMATCH cssnbr3_cubic_orb_v2_q1d2-1d2-1d2-b2: max|dE diff| 6.561 meV (tol 1.00; window 6.561); m_eff 1390.68 vs 1311.40; structures still written, flagged
[geom] FAIL cssnbr3_cubic_orb_v2_q1d2-1d2-1d2-b2             nat= 40 depth=   73.82 meV  max|diff|=6.5613 meV
[geom] PASS cssnbr3_cubic_orb_v2_q1d2-1d2-0-b0               nat= 20 depth=   29.10 meV  max|diff|=0.6981 meV
[geom] summary orb_v2: 11 pass, 2 reference paths, 21 fail (3 of them deciding modes)
[geom]   FAIL batio3_cubic_orb_v2_q1d2-0-0-b0 role=mode nat=10
[geom]   FAIL batio3_cubic_orb_v2_q1d2-0-1d2-b0 role=mode nat=20
[geom]   FAIL batio3_cubic_orb_v2_q1d2-0-0-b1 role=mode nat=10
[geom]   FAIL batio3_cubic_orb_v2_q0-1d2-1d2-b0 role=mode nat=20
[geom]   FAIL batio3_cubic_orb_v2_q0-1d2-0-b1 role=mode nat=10
[geom]   FAIL batio3_cubic_orb_v2_q0-0-0-b0 role=mode nat=5
[geom]   FAIL batio3_cubic_orb_v2_q0-0-0-b1 role=mode nat=5
[geom]   FAIL zro2_cubic_orb_v2_q1d2-1d2-0-b0 role=mode nat=12
[geom]   FAIL knbo3_cubic_orb_v2_q0-0-0-b0 role=mode nat=5
[geom]   FAIL knbo3_cubic_orb_v2_q0-0-0-b1 role=mode nat=5
[geom]   FAIL knbo3_cubic_orb_v2_q1d2-0-0-b0 role=mode nat=10
[geom]   FAIL knbo3_cubic_orb_v2_q0-1d2-0-b0 role=mode nat=10
[geom]   FAIL knbo3_cubic_orb_v2_q0-0-1d2-b0 role=mode nat=10
[geom]   FAIL knbo3_cubic_orb_v2_q1d2-1d2-0-b0 role=decide nat=20
[geom]   FAIL knbo3_cubic_orb_v2_q0-1d2-0-b1 role=mode nat=10
[geom]   FAIL knbo3_cubic_orb_v2_q0-0-0-b2 role=mode nat=5
[geom]   FAIL knbo3_cubic_orb_v2_q0-0-1d2-b1 role=mode nat=10
[geom]   FAIL knbo3_cubic_orb_v2_q1d2-0-0-b1 role=mode nat=10
[geom]   FAIL cssnbr3_cubic_orb_v2_q1d2-1d2-1d2-b0 role=mode nat=40
[geom]   FAIL cssnbr3_cubic_orb_v2_q1d2-1d2-1d2-b1 role=decide nat=40
[geom]   FAIL cssnbr3_cubic_orb_v2_q1d2-1d2-1d2-b2 role=decide nat=40
[rc=4] /root/env-orb/bin/python -u scripts/dft_reference.py geom --model orb_v2 --device cuda
===== /root/env-mattersim/bin/python -u scripts/dft_reference.py mlip-eval --model mattersim --device cuda Sun Sep 27 07:46:47 UTC 2026
/root/env-mattersim/lib/python3.12/site-packages/mattersim/forcefield/potential.py:941: UserWarning: Environment variable TORCH_FORCE_NO_WEIGHTS_ONLY_LOAD detected, since the`weights_only` argument was not explicitly passed to `torch.load`, forcing weights_only=False.
  checkpoint = torch.load(load_path, map_location=device)
[32m2026-09-27 07:46:52.272[0m | [1mINFO    [0m | [36mmattersim.forcefield.potential[0m:[36mfrom_checkpoint[0m:[36m936[0m - [1mLoading the pre-trained mattersim-v1.0.0-5M.pth model[0m
[mlip-eval] mattersim geom/batio3_cubic_chgnet_q0-0-0-b0.extxyz (10 frames) 
[mlip-eval] mattersim geom/batio3_cubic_chgnet_q0-0-0-b1.extxyz (10 frames) 
[mlip-eval] mattersim geom/batio3_cubic_chgnet_q0-0-0-b2.extxyz (10 frames) 
[mlip-eval] mattersim geom/batio3_cubic_chgnet_q0-1d2-0-b0.extxyz (10 frames) 
[mlip-eval] mattersim geom/batio3_cubic_chgnet_q0-1d2-0-b1.extxyz (10 frames) 
[mlip-eval] mattersim geom/batio3_cubic_chgnet_q0-1d2-1d2-b0.extxyz (10 frames) 
[mlip-eval] mattersim geom/batio3_cubic_chgnet_q1d2-0-0-b0.extxyz (10 frames) 
[mlip-eval] mattersim geom/batio3_cubic_chgnet_q1d2-0-0-b1.extxyz (10 frames) 
[mlip-eval] mattersim geom/batio3_cubic_chgnet_q1d2-1d2-0-b0.extxyz (10 frames) 
[mlip-eval] mattersim geom/batio3_cubic_mace_mp0_q0-0-0-b0.extxyz (10 frames) 
[mlip-eval] mattersim geom/batio3_cubic_mace_mp0_q1d2-0-0-b0.extxyz (10 frames) 
[mlip-eval] mattersim geom/batio3_cubic_mace_mp0_q1d2-0-1d2-b0.extxyz (10 frames) 
[mlip-eval] mattersim geom/batio3_cubic_mattersim_q0-0-0-b0.extxyz (10 frames) max_abs_dE_vs_geom_meV=0.00381
[mlip-eval] mattersim geom/batio3_cubic_mattersim_q0-0-1d2-b0.extxyz (10 frames) max_abs_dE_vs_geom_meV=0.00763
[mlip-eval] mattersim geom/batio3_cubic_mattersim_q1d2-0-1d2-b0.extxyz (10 frames) max_abs_dE_vs_geom_meV=0.0153
[mlip-eval] mattersim geom/batio3_cubic_orb_v2_q0-0-0-b0.extxyz (10 frames) 
[mlip-eval] mattersim geom/batio3_cubic_orb_v2_q0-0-0-b1.extxyz (10 frames) 
[mlip-eval] mattersim geom/batio3_cubic_orb_v2_q0-0-1d2-b0.extxyz (10 frames) 
[mlip-eval] mattersim geom/batio3_cubic_orb_v2_q0-0-1d2-b1.extxyz (10 frames) 
[mlip-eval] mattersim geom/batio3_cubic_orb_v2_q0-1d2-0-b0.extxyz (10 frames) 
[mlip-eval] mattersim geom/batio3_cubic_orb_v2_q0-1d2-0-b1.extxyz (10 frames) 
[mlip-eval] mattersim geom/batio3_cubic_orb_v2_q0-1d2-1d2-b0.extxyz (10 frames) 
[mlip-eval] mattersim geom/batio3_cubic_orb_v2_q1d2-0-0-b0.extxyz (10 frames) 
[mlip-eval] mattersim geom/batio3_cubic_orb_v2_q1d2-0-0-b1.extxyz (10 frames) 
[mlip-eval] mattersim geom/batio3_cubic_orb_v2_q1d2-0-1d2-b0.extxyz (10 frames) 
[mlip-eval] mattersim geom/batio3_cubic_orb_v2_q1d2-1d2-0-b0.extxyz (10 frames) 
[mlip-eval] mattersim geom/batio3_cubic_sevennet0_q0-0-0-b0.extxyz (10 frames) 
[mlip-eval] mattersim geom/batio3_cubic_sevennet0_q1d2-0-0-b0.extxyz (10 frames) 
[mlip-eval] mattersim geom/batio3_cubic_sevennet0_q1d2-0-1d2-b0.extxyz (10 frames) 
[mlip-eval] mattersim geom/cssnbr3_cubic_chgnet_q0-0-0-b0.extxyz (10 frames) 
[mlip-eval] mattersim geom/cssnbr3_cubic_chgnet_q0-0-0-b1.extxyz (10 frames) 
[mlip-eval] mattersim geom/cssnbr3_cubic_chgnet_q0-0-0-b3.extxyz (10 frames) 
[mlip-eval] mattersim geom/cssnbr3_cubic_chgnet_q0-0-0-b4.extxyz (10 frames) 
[mlip-eval] mattersim geom/cssnbr3_cubic_chgnet_q0-0-1d2-b0.extxyz (10 frames) 
[mlip-eval] mattersim geom/cssnbr3_cubic_chgnet_q0-0-1d2-b1.extxyz (10 frames) 
[mlip-eval] mattersim geom/cssnbr3_cubic_chgnet_q0-0-1d2-b2.extxyz (10 frames) 
[mlip-eval] mattersim geom/cssnbr3_cubic_chgnet_q0-0-1d2-b3.extxyz (10 frames) 
[mlip-eval] mattersim geom/cssnbr3_cubic_chgnet_q0-1d2-0-b4.extxyz (10 frames) 
[mlip-eval] mattersim geom/cssnbr3_cubic_chgnet_q0-1d2-1d2-b0.extxyz (10 frames) 
[mlip-eval] mattersim geom/cssnbr3_cubic_chgnet_q0-1d2-1d2-b1.extxyz (10 frames) 
[mlip-eval] mattersim geom/cssnbr3_cubic_chgnet_q0-1d2-1d2-b2.extxyz (10 frames) 
[mlip-eval] mattersim geom/cssnbr3_cubic_chgnet_q1d2-0-0-b0.extxyz (10 frames) 
[mlip-eval] mattersim geom/cssnbr3_cubic_chgnet_q1d2-0-0-b2.extxyz (10 frames) 
[mlip-eval] mattersim geom/cssnbr3_cubic_chgnet_q1d2-0-0-b4.extxyz (10 frames) 
[mlip-eval] mattersim geom/cssnbr3_cubic_chgnet_q1d2-0-1d2-b3.extxyz (10 frames) 
[mlip-eval] mattersim geom/cssnbr3_cubic_chgnet_q1d2-1d2-0-b0.extxyz (10 frames) 
[mlip-eval] mattersim geom/cssnbr3_cubic_chgnet_q1d2-1d2-0-b1.extxyz (10 frames) 
[mlip-eval] mattersim geom/cssnbr3_cubic_chgnet_q1d2-1d2-1d2-b0.extxyz (10 frames) 
[mlip-eval] mattersim geom/cssnbr3_cubic_chgnet_q1d2-1d2-1d2-b1.extxyz (10 frames) 
[mlip-eval] mattersim geom/cssnbr3_cubic_chgnet_q1d2-1d2-1d2-b2.extxyz (10 frames) 
[mlip-eval] mattersim geom/cssnbr3_cubic_chgnet_q1d2-1d2-1d2-b3.extxyz (10 frames) 
[mlip-eval] mattersim geom/cssnbr3_cubic_chgnet_q1d2-1d2-1d2-b4.extxyz (10 frames) 
[mlip-eval] mattersim geom/cssnbr3_cubic_chgnet_q1d2-1d2-1d2-b5.extxyz (10 frames) 
[mlip-eval] mattersim geom/cssnbr3_cubic_mace_mp0_q1d2-1d2-0-b0.extxyz (10 frames) 
[mlip-eval] mattersim geom/cssnbr3_cubic_mace_mp0_q1d2-1d2-1d2-b0.extxyz (10 frames) 
[mlip-eval] mattersim geom/cssnbr3_cubic_mattersim_q0-0-0-b0.extxyz (10 frames) max_abs_dE_vs_geom_meV=0.00191
[mlip-eval] mattersim geom/cssnbr3_cubic_mattersim_q0-1d2-1d2-b0.extxyz (10 frames) max_abs_dE_vs_geom_meV=0.00763
[mlip-eval] mattersim geom/cssnbr3_cubic_mattersim_q1d2-0-0-b0.extxyz (10 frames) max_abs_dE_vs_geom_meV=0.00191
[mlip-eval] mattersim geom/cssnbr3_cubic_mattersim_q1d2-0-1d2-b1.extxyz (10 frames) max_abs_dE_vs_geom_meV=0.00381
[mlip-eval] mattersim geom/cssnbr3_cubic_mattersim_q1d2-1d2-0-b2.extxyz (10 frames) max_abs_dE_vs_geom_meV=0.00381
[mlip-eval] mattersim geom/cssnbr3_cubic_mattersim_q1d2-1d2-1d2-b0.extxyz (10 frames) max_abs_dE_vs_geom_meV=0.0305
[mlip-eval] mattersim geom/cssnbr3_cubic_mattersim_q1d2-1d2-1d2-b3.extxyz (10 frames) max_abs_dE_vs_geom_meV=0.0305
[mlip-eval] mattersim geom/cssnbr3_cubic_orb_v2_q0-1d2-1d2-b0.extxyz (10 frames) 
[mlip-eval] mattersim geom/cssnbr3_cubic_orb_v2_q1d2-0-1d2-b0.extxyz (10 frames) 
[mlip-eval] mattersim geom/cssnbr3_cubic_orb_v2_q1d2-1d2-0-b0.extxyz (10 frames) 
[mlip-eval] mattersim geom/cssnbr3_cubic_orb_v2_q1d2-1d2-1d2-b0.extxyz (10 frames) 
[mlip-eval] mattersim geom/cssnbr3_cubic_orb_v2_q1d2-1d2-1d2-b1.extxyz (10 frames) 
[mlip-eval] mattersim geom/cssnbr3_cubic_orb_v2_q1d2-1d2-1d2-b2.extxyz (10 frames) 
[mlip-eval] mattersim geom/cssnbr3_cubic_sevennet0_q0-1d2-1d2-b0.extxyz (10 frames) 
[mlip-eval] mattersim geom/cssnbr3_cubic_sevennet0_q1d2-1d2-1d2-b0.extxyz (10 frames) 
[mlip-eval] mattersim geom/knbo3_cubic_chgnet_q0-0-0-b0.extxyz (10 frames) 
[mlip-eval] mattersim geom/knbo3_cubic_mace_mp0_q0-0-0-b0.extxyz (10 frames) 
[mlip-eval] mattersim geom/knbo3_cubic_mace_mp0_q0-0-1d2-b0.extxyz (10 frames) 
[mlip-eval] mattersim geom/knbo3_cubic_mace_mp0_q0-1d2-1d2-b0.extxyz (10 frames) 
[mlip-eval] mattersim geom/knbo3_cubic_mattersim_q0-0-0-b0.extxyz (10 frames) max_abs_dE_vs_geom_meV=0.00381
[mlip-eval] mattersim geom/knbo3_cubic_mattersim_q0-0-1d2-b0.extxyz (10 frames) max_abs_dE_vs_geom_meV=0.00763
[mlip-eval] mattersim geom/knbo3_cubic_mattersim_q0-1d2-1d2-b0.extxyz (10 frames) max_abs_dE_vs_geom_meV=0.0153
[mlip-eval] mattersim geom/knbo3_cubic_orb_v2_q0-0-0-b0.extxyz (10 frames) 
[mlip-eval] mattersim geom/knbo3_cubic_orb_v2_q0-0-0-b1.extxyz (10 frames) 
[mlip-eval] mattersim geom/knbo3_cubic_orb_v2_q0-0-0-b2.extxyz (10 frames) 
[mlip-eval] mattersim geom/knbo3_cubic_orb_v2_q0-0-1d2-b0.extxyz (10 frames) 
[mlip-eval] mattersim geom/knbo3_cubic_orb_v2_q0-0-1d2-b1.extxyz (10 frames) 
[mlip-eval] mattersim geom/knbo3_cubic_orb_v2_q0-1d2-0-b0.extxyz (10 frames) 
[mlip-eval] mattersim geom/knbo3_cubic_orb_v2_q0-1d2-0-b1.extxyz (10 frames) 
[mlip-eval] mattersim geom/knbo3_cubic_orb_v2_q0-1d2-1d2-b0.extxyz (10 frames) 
[mlip-eval] mattersim geom/knbo3_cubic_orb_v2_q1d2-0-0-b0.extxyz (10 frames) 
[mlip-eval] mattersim geom/knbo3_cubic_orb_v2_q1d2-0-0-b1.extxyz (10 frames) 
[mlip-eval] mattersim geom/knbo3_cubic_orb_v2_q1d2-0-1d2-b0.extxyz (10 frames) 
[mlip-eval] mattersim geom/knbo3_cubic_orb_v2_q1d2-1d2-0-b0.extxyz (10 frames) 
[mlip-eval] mattersim geom/knbo3_cubic_sevennet0_q0-0-0-b0.extxyz (10 frames) 
[mlip-eval] mattersim geom/knbo3_cubic_sevennet0_q0-0-1d2-b0.extxyz (10 frames) 
[mlip-eval] mattersim geom/knbo3_cubic_sevennet0_q0-1d2-1d2-b0.extxyz (10 frames) 
[mlip-eval] mattersim geom/srtio3_cubic_chgnet_q0-0-0-b0.extxyz (10 frames) 
[mlip-eval] mattersim geom/srtio3_cubic_chgnet_q0-0-1d2-b0.extxyz (10 frames) 
[mlip-eval] mattersim geom/srtio3_cubic_chgnet_q1d2-1d2-1d2-b0.extxyz (10 frames) 
[mlip-eval] mattersim geom/srtio3_cubic_mace_mp0_q0-0-0-b0.extxyz (10 frames) 
[mlip-eval] mattersim geom/srtio3_cubic_mace_mp0_q0-1d2-1d2-b0.extxyz (10 frames) 
[mlip-eval] mattersim geom/srtio3_cubic_mace_mp0_q1d2-1d2-1d2-b0.extxyz (10 frames) 
[mlip-eval] mattersim geom/srtio3_cubic_mattersim_q0-0-0-b0.extxyz (10 frames) max_abs_dE_vs_geom_meV=0.00763
[mlip-eval] mattersim geom/srtio3_cubic_mattersim_q1d2-1d2-1d2-b0.extxyz (10 frames) max_abs_dE_vs_geom_meV=0.0305
[mlip-eval] mattersim geom/srtio3_cubic_orb_v2_q1d2-1d2-1d2-b0-refmattersim.extxyz (10 frames) 
[mlip-eval] mattersim geom/srtio3_cubic_sevennet0_q0-0-0-b0.extxyz (10 frames) 
[mlip-eval] mattersim geom/srtio3_cubic_sevennet0_q1d2-0-1d2-b0.extxyz (10 frames) 
[mlip-eval] mattersim geom/srtio3_cubic_sevennet0_q1d2-1d2-1d2-b0.extxyz (10 frames) 
[mlip-eval] mattersim geom/zr_bcc_chgnet_q1d3-2d3-0-b0-refmattersim.extxyz (10 frames) 
[mlip-eval] mattersim geom/zr_bcc_mace_mp0_q1d3-2d3-0-b0-refmattersim.extxyz (10 frames) 
[mlip-eval] mattersim geom/zr_bcc_mattersim_q1d2-0-0-b0.extxyz (10 frames) max_abs_dE_vs_geom_meV=0.00191
[mlip-eval] mattersim geom/zr_bcc_mattersim_q1d2-1d2-0-b0.extxyz (10 frames) max_abs_dE_vs_geom_meV=0.00381
[mlip-eval] mattersim geom/zr_bcc_mattersim_q1d3-0-0-b0.extxyz (10 frames) max_abs_dE_vs_geom_meV=0.00381
[mlip-eval] mattersim geom/zr_bcc_mattersim_q1d3-1d2-0-b0.extxyz (10 frames) max_abs_dE_vs_geom_meV=0.00763
[mlip-eval] mattersim geom/zr_bcc_mattersim_q1d3-1d2-1d6-b0.extxyz (10 frames) max_abs_dE_vs_geom_meV=0
[mlip-eval] mattersim geom/zr_bcc_mattersim_q1d3-1d3-0-b0.extxyz (10 frames) max_abs_dE_vs_geom_meV=0.00763
[mlip-eval] mattersim geom/zr_bcc_mattersim_q1d3-1d3-1d3-b0.extxyz (10 frames) max_abs_dE_vs_geom_meV=0.0153
[mlip-eval] mattersim geom/zr_bcc_mattersim_q1d3-1d6-1d6-b0.extxyz (10 frames) max_abs_dE_vs_geom_meV=0.122
[mlip-eval] mattersim geom/zr_bcc_mattersim_q1d3-2d3-0-b0.extxyz (10 frames) max_abs_dE_vs_geom_meV=0.00763
[mlip-eval] mattersim geom/zr_bcc_mattersim_q1d6-1d2-0-b0.extxyz (10 frames) max_abs_dE_vs_geom_meV=0.0153
[mlip-eval] mattersim geom/zr_bcc_mattersim_q1d6-1d2-1d6-b0.extxyz (10 frames) max_abs_dE_vs_geom_meV=0.061
[mlip-eval] mattersim geom/zr_bcc_mattersim_q1d6-1d3-0-b0.extxyz (10 frames) max_abs_dE_vs_geom_meV=0.0153
[mlip-eval] mattersim geom/zr_bcc_mattersim_q1d6-1d3-1d3-b0.extxyz (10 frames) max_abs_dE_vs_geom_meV=0
[mlip-eval] mattersim geom/zr_bcc_mattersim_q1d6-1d6-1d6-b0.extxyz (10 frames) max_abs_dE_vs_geom_meV=0.122
[mlip-eval] mattersim geom/zr_bcc_mattersim_q2d3-0-0-b0.extxyz (10 frames) max_abs_dE_vs_geom_meV=0.00381
[mlip-eval] mattersim geom/zr_bcc_mattersim_q2d3-1d2-0-b0.extxyz (10 frames) max_abs_dE_vs_geom_meV=0.00763
[mlip-eval] mattersim geom/zr_bcc_mattersim_q2d3-1d2-5d6-b0.extxyz (10 frames) max_abs_dE_vs_geom_meV=0.0305
[mlip-eval] mattersim geom/zr_bcc_mattersim_q2d3-2d3-0-b0.extxyz (10 frames) max_abs_dE_vs_geom_meV=0.00763
[mlip-eval] mattersim geom/zr_bcc_mattersim_q2d3-2d3-2d3-b0.extxyz (10 frames) max_abs_dE_vs_geom_meV=0.0305
[mlip-eval] mattersim geom/zr_bcc_mattersim_q2d3-5d6-5d6-b0.extxyz (10 frames) max_abs_dE_vs_geom_meV=0.122
[mlip-eval] mattersim geom/zr_bcc_mattersim_q5d6-1d2-0-b0.extxyz (10 frames) max_abs_dE_vs_geom_meV=0.00763
[mlip-eval] mattersim geom/zr_bcc_mattersim_q5d6-1d2-5d6-b0.extxyz (10 frames) max_abs_dE_vs_geom_meV=0.061
[mlip-eval] mattersim geom/zr_bcc_mattersim_q5d6-2d3-0-b0.extxyz (10 frames) max_abs_dE_vs_geom_meV=0
[mlip-eval] mattersim geom/zr_bcc_mattersim_q5d6-2d3-2d3-b0.extxyz (10 frames) max_abs_dE_vs_geom_meV=0.0305
[mlip-eval] mattersim geom/zr_bcc_orb_v2_q1d3-2d3-0-b0-refmattersim.extxyz (10 frames) 
[mlip-eval] mattersim geom/zr_bcc_sevennet0_q1d3-2d3-0-b0-refmattersim.extxyz (10 frames) 
[mlip-eval] mattersim geom/zro2_cubic_chgnet_q1d2-0-1d2-b0.extxyz (10 frames) 
[mlip-eval] mattersim geom/zro2_cubic_mace_mp0_q0-1d2-1d2-b0.extxyz (10 frames) 
[mlip-eval] mattersim geom/zro2_cubic_mattersim_q1d2-0-1d2-b0.extxyz (10 frames) max_abs_dE_vs_geom_meV=0
[mlip-eval] mattersim geom/zro2_cubic_orb_v2_q0-0-1d2-b0.extxyz (10 frames) 
[mlip-eval] mattersim geom/zro2_cubic_orb_v2_q1d2-1d2-0-b0.extxyz (10 frames) 
[mlip-eval] mattersim geom/zro2_cubic_orb_v2_q1d2-1d2-1d2-b0.extxyz (10 frames) 
[mlip-eval] mattersim geom/zro2_cubic_sevennet0_q1d2-0-1d2-b0.extxyz (10 frames) 
[mlip-eval] mattersim: 139 evaluated, 0 already current
===== /root/env-mace/bin/python -u scripts/dft_reference.py mlip-eval --model mace_mp0 --device cuda Sun Sep 27 07:48:13 UTC 2026
/root/env-mace/lib/python3.11/site-packages/e3nn/o3/_wigner.py:10: UserWarning: Environment variable TORCH_FORCE_NO_WEIGHTS_ONLY_LOAD detected, since the`weights_only` argument was not explicitly passed to `torch.load`, forcing weights_only=False.
  _Jd, _W3j_flat, _W3j_indices = torch.load(os.path.join(os.path.dirname(__file__), 'constants.pt'))
cuequivariance or cuequivariance_torch is not available. Cuequivariance acceleration will be disabled.
Using Materials Project MACE for MACECalculator with /root/.cache/mace/20231203mace128L1_epoch199model
Using float64 for MACECalculator, which is slower but more accurate. Recommended for geometry optimization.
/root/env-mace/lib/python3.11/site-packages/mace/calculators/mace.py:226: UserWarning: Environment variable TORCH_FORCE_NO_WEIGHTS_ONLY_LOAD detected, since the`weights_only` argument was not explicitly passed to `torch.load`, forcing weights_only=False.
  torch.load(f=model_path, map_location=device)
[mlip-eval] mace_mp0 geom/batio3_cubic_chgnet_q0-0-0-b0.extxyz (10 frames) 
[mlip-eval] mace_mp0 geom/batio3_cubic_chgnet_q0-0-0-b1.extxyz (10 frames) 
[mlip-eval] mace_mp0 geom/batio3_cubic_chgnet_q0-0-0-b2.extxyz (10 frames) 
[mlip-eval] mace_mp0 geom/batio3_cubic_chgnet_q0-1d2-0-b0.extxyz (10 frames) 
[mlip-eval] mace_mp0 geom/batio3_cubic_chgnet_q0-1d2-0-b1.extxyz (10 frames) 
[mlip-eval] mace_mp0 geom/batio3_cubic_chgnet_q0-1d2-1d2-b0.extxyz (10 frames) 
[mlip-eval] mace_mp0 geom/batio3_cubic_chgnet_q1d2-0-0-b0.extxyz (10 frames) 
[mlip-eval] mace_mp0 geom/batio3_cubic_chgnet_q1d2-0-0-b1.extxyz (10 frames) 
[mlip-eval] mace_mp0 geom/batio3_cubic_chgnet_q1d2-1d2-0-b0.extxyz (10 frames) 
[mlip-eval] mace_mp0 geom/batio3_cubic_mace_mp0_q0-0-0-b0.extxyz (10 frames) max_abs_dE_vs_geom_meV=0.000115
[mlip-eval] mace_mp0 geom/batio3_cubic_mace_mp0_q1d2-0-0-b0.extxyz (10 frames) max_abs_dE_vs_geom_meV=0.000141
[mlip-eval] mace_mp0 geom/batio3_cubic_mace_mp0_q1d2-0-1d2-b0.extxyz (10 frames) max_abs_dE_vs_geom_meV=0.00144
[mlip-eval] mace_mp0 geom/batio3_cubic_mattersim_q0-0-0-b0.extxyz (10 frames) 
[mlip-eval] mace_mp0 geom/batio3_cubic_mattersim_q0-0-1d2-b0.extxyz (10 frames) 
[mlip-eval] mace_mp0 geom/batio3_cubic_mattersim_q1d2-0-1d2-b0.extxyz (10 frames) 
[mlip-eval] mace_mp0 geom/batio3_cubic_orb_v2_q0-0-0-b0.extxyz (10 frames) 
[mlip-eval] mace_mp0 geom/batio3_cubic_orb_v2_q0-0-0-b1.extxyz (10 frames) 
[mlip-eval] mace_mp0 geom/batio3_cubic_orb_v2_q0-0-1d2-b0.extxyz (10 frames) 
[mlip-eval] mace_mp0 geom/batio3_cubic_orb_v2_q0-0-1d2-b1.extxyz (10 frames) 
[mlip-eval] mace_mp0 geom/batio3_cubic_orb_v2_q0-1d2-0-b0.extxyz (10 frames) 
[mlip-eval] mace_mp0 geom/batio3_cubic_orb_v2_q0-1d2-0-b1.extxyz (10 frames) 
[mlip-eval] mace_mp0 geom/batio3_cubic_orb_v2_q0-1d2-1d2-b0.extxyz (10 frames) 
[mlip-eval] mace_mp0 geom/batio3_cubic_orb_v2_q1d2-0-0-b0.extxyz (10 frames) 
[mlip-eval] mace_mp0 geom/batio3_cubic_orb_v2_q1d2-0-0-b1.extxyz (10 frames) 
[mlip-eval] mace_mp0 geom/batio3_cubic_orb_v2_q1d2-0-1d2-b0.extxyz (10 frames) 
[mlip-eval] mace_mp0 geom/batio3_cubic_orb_v2_q1d2-1d2-0-b0.extxyz (10 frames) 
[mlip-eval] mace_mp0 geom/batio3_cubic_sevennet0_q0-0-0-b0.extxyz (10 frames) 
[mlip-eval] mace_mp0 geom/batio3_cubic_sevennet0_q1d2-0-0-b0.extxyz (10 frames) 
[mlip-eval] mace_mp0 geom/batio3_cubic_sevennet0_q1d2-0-1d2-b0.extxyz (10 frames) 
[mlip-eval] mace_mp0 geom/cssnbr3_cubic_chgnet_q0-0-0-b0.extxyz (10 frames) 
[mlip-eval] mace_mp0 geom/cssnbr3_cubic_chgnet_q0-0-0-b1.extxyz (10 frames) 
[mlip-eval] mace_mp0 geom/cssnbr3_cubic_chgnet_q0-0-0-b3.extxyz (10 frames) 
[mlip-eval] mace_mp0 geom/cssnbr3_cubic_chgnet_q0-0-0-b4.extxyz (10 frames) 
[mlip-eval] mace_mp0 geom/cssnbr3_cubic_chgnet_q0-0-1d2-b0.extxyz (10 frames) 
[mlip-eval] mace_mp0 geom/cssnbr3_cubic_chgnet_q0-0-1d2-b1.extxyz (10 frames) 
[mlip-eval] mace_mp0 geom/cssnbr3_cubic_chgnet_q0-0-1d2-b2.extxyz (10 frames) 
[mlip-eval] mace_mp0 geom/cssnbr3_cubic_chgnet_q0-0-1d2-b3.extxyz (10 frames) 
[mlip-eval] mace_mp0 geom/cssnbr3_cubic_chgnet_q0-1d2-0-b4.extxyz (10 frames) 
[mlip-eval] mace_mp0 geom/cssnbr3_cubic_chgnet_q0-1d2-1d2-b0.extxyz (10 frames) 
[mlip-eval] mace_mp0 geom/cssnbr3_cubic_chgnet_q0-1d2-1d2-b1.extxyz (10 frames) 
[mlip-eval] mace_mp0 geom/cssnbr3_cubic_chgnet_q0-1d2-1d2-b2.extxyz (10 frames) 
[mlip-eval] mace_mp0 geom/cssnbr3_cubic_chgnet_q1d2-0-0-b0.extxyz (10 frames) 
[mlip-eval] mace_mp0 geom/cssnbr3_cubic_chgnet_q1d2-0-0-b2.extxyz (10 frames) 
[mlip-eval] mace_mp0 geom/cssnbr3_cubic_chgnet_q1d2-0-0-b4.extxyz (10 frames) 
[mlip-eval] mace_mp0 geom/cssnbr3_cubic_chgnet_q1d2-0-1d2-b3.extxyz (10 frames) 
[mlip-eval] mace_mp0 geom/cssnbr3_cubic_chgnet_q1d2-1d2-0-b0.extxyz (10 frames) 
[mlip-eval] mace_mp0 geom/cssnbr3_cubic_chgnet_q1d2-1d2-0-b1.extxyz (10 frames) 
[mlip-eval] mace_mp0 geom/cssnbr3_cubic_chgnet_q1d2-1d2-1d2-b0.extxyz (10 frames) 
[mlip-eval] mace_mp0 geom/cssnbr3_cubic_chgnet_q1d2-1d2-1d2-b1.extxyz (10 frames) 
[mlip-eval] mace_mp0 geom/cssnbr3_cubic_chgnet_q1d2-1d2-1d2-b2.extxyz (10 frames) 
[mlip-eval] mace_mp0 geom/cssnbr3_cubic_chgnet_q1d2-1d2-1d2-b3.extxyz (10 frames) 
[mlip-eval] mace_mp0 geom/cssnbr3_cubic_chgnet_q1d2-1d2-1d2-b4.extxyz (10 frames) 
[mlip-eval] mace_mp0 geom/cssnbr3_cubic_chgnet_q1d2-1d2-1d2-b5.extxyz (10 frames) 
[mlip-eval] mace_mp0 geom/cssnbr3_cubic_mace_mp0_q1d2-1d2-0-b0.extxyz (10 frames) max_abs_dE_vs_geom_meV=1.42e-07
[mlip-eval] mace_mp0 geom/cssnbr3_cubic_mace_mp0_q1d2-1d2-1d2-b0.extxyz (10 frames) max_abs_dE_vs_geom_meV=2.84e-07
[mlip-eval] mace_mp0 geom/cssnbr3_cubic_mattersim_q0-0-0-b0.extxyz (10 frames) 
[mlip-eval] mace_mp0 geom/cssnbr3_cubic_mattersim_q0-1d2-1d2-b0.extxyz (10 frames) 
[mlip-eval] mace_mp0 geom/cssnbr3_cubic_mattersim_q1d2-0-0-b0.extxyz (10 frames) 
[mlip-eval] mace_mp0 geom/cssnbr3_cubic_mattersim_q1d2-0-1d2-b1.extxyz (10 frames) 
[mlip-eval] mace_mp0 geom/cssnbr3_cubic_mattersim_q1d2-1d2-0-b2.extxyz (10 frames) 
[mlip-eval] mace_mp0 geom/cssnbr3_cubic_mattersim_q1d2-1d2-1d2-b0.extxyz (10 frames) 
[mlip-eval] mace_mp0 geom/cssnbr3_cubic_mattersim_q1d2-1d2-1d2-b3.extxyz (10 frames) 
[mlip-eval] mace_mp0 geom/cssnbr3_cubic_orb_v2_q0-1d2-1d2-b0.extxyz (10 frames) 
[mlip-eval] mace_mp0 geom/cssnbr3_cubic_orb_v2_q1d2-0-1d2-b0.extxyz (10 frames) 
[mlip-eval] mace_mp0 geom/cssnbr3_cubic_orb_v2_q1d2-1d2-0-b0.extxyz (10 frames) 
[mlip-eval] mace_mp0 geom/cssnbr3_cubic_orb_v2_q1d2-1d2-1d2-b0.extxyz (10 frames) 
[mlip-eval] mace_mp0 geom/cssnbr3_cubic_orb_v2_q1d2-1d2-1d2-b1.extxyz (10 frames) 
[mlip-eval] mace_mp0 geom/cssnbr3_cubic_orb_v2_q1d2-1d2-1d2-b2.extxyz (10 frames) 
[mlip-eval] mace_mp0 geom/cssnbr3_cubic_sevennet0_q0-1d2-1d2-b0.extxyz (10 frames) 
[mlip-eval] mace_mp0 geom/cssnbr3_cubic_sevennet0_q1d2-1d2-1d2-b0.extxyz (10 frames) 
[mlip-eval] mace_mp0 geom/knbo3_cubic_chgnet_q0-0-0-b0.extxyz (10 frames) 
[mlip-eval] mace_mp0 geom/knbo3_cubic_mace_mp0_q0-0-0-b0.extxyz (10 frames) max_abs_dE_vs_geom_meV=0.000228
[mlip-eval] mace_mp0 geom/knbo3_cubic_mace_mp0_q0-0-1d2-b0.extxyz (10 frames) max_abs_dE_vs_geom_meV=0.0006
[mlip-eval] mace_mp0 geom/knbo3_cubic_mace_mp0_q0-1d2-1d2-b0.extxyz (10 frames) max_abs_dE_vs_geom_meV=0.00089
[mlip-eval] mace_mp0 geom/knbo3_cubic_mattersim_q0-0-0-b0.extxyz (10 frames) 
[mlip-eval] mace_mp0 geom/knbo3_cubic_mattersim_q0-0-1d2-b0.extxyz (10 frames) 
[mlip-eval] mace_mp0 geom/knbo3_cubic_mattersim_q0-1d2-1d2-b0.extxyz (10 frames) 
[mlip-eval] mace_mp0 geom/knbo3_cubic_orb_v2_q0-0-0-b0.extxyz (10 frames) 
[mlip-eval] mace_mp0 geom/knbo3_cubic_orb_v2_q0-0-0-b1.extxyz (10 frames) 
[mlip-eval] mace_mp0 geom/knbo3_cubic_orb_v2_q0-0-0-b2.extxyz (10 frames) 
[mlip-eval] mace_mp0 geom/knbo3_cubic_orb_v2_q0-0-1d2-b0.extxyz (10 frames) 
[mlip-eval] mace_mp0 geom/knbo3_cubic_orb_v2_q0-0-1d2-b1.extxyz (10 frames) 
[mlip-eval] mace_mp0 geom/knbo3_cubic_orb_v2_q0-1d2-0-b0.extxyz (10 frames) 
[mlip-eval] mace_mp0 geom/knbo3_cubic_orb_v2_q0-1d2-0-b1.extxyz (10 frames) 
[mlip-eval] mace_mp0 geom/knbo3_cubic_orb_v2_q0-1d2-1d2-b0.extxyz (10 frames) 
[mlip-eval] mace_mp0 geom/knbo3_cubic_orb_v2_q1d2-0-0-b0.extxyz (10 frames) 
[mlip-eval] mace_mp0 geom/knbo3_cubic_orb_v2_q1d2-0-0-b1.extxyz (10 frames) 
[mlip-eval] mace_mp0 geom/knbo3_cubic_orb_v2_q1d2-0-1d2-b0.extxyz (10 frames) 
[mlip-eval] mace_mp0 geom/knbo3_cubic_orb_v2_q1d2-1d2-0-b0.extxyz (10 frames) 
[mlip-eval] mace_mp0 geom/knbo3_cubic_sevennet0_q0-0-0-b0.extxyz (10 frames) 
[mlip-eval] mace_mp0 geom/knbo3_cubic_sevennet0_q0-0-1d2-b0.extxyz (10 frames) 
[mlip-eval] mace_mp0 geom/knbo3_cubic_sevennet0_q0-1d2-1d2-b0.extxyz (10 frames) 
[mlip-eval] mace_mp0 geom/srtio3_cubic_chgnet_q0-0-0-b0.extxyz (10 frames) 
[mlip-eval] mace_mp0 geom/srtio3_cubic_chgnet_q0-0-1d2-b0.extxyz (10 frames) 
[mlip-eval] mace_mp0 geom/srtio3_cubic_chgnet_q1d2-1d2-1d2-b0.extxyz (10 frames) 
[mlip-eval] mace_mp0 geom/srtio3_cubic_mace_mp0_q0-0-0-b0.extxyz (10 frames) max_abs_dE_vs_geom_meV=0.00012
[mlip-eval] mace_mp0 geom/srtio3_cubic_mace_mp0_q0-1d2-1d2-b0.extxyz (10 frames) max_abs_dE_vs_geom_meV=1.97e-06
[mlip-eval] mace_mp0 geom/srtio3_cubic_mace_mp0_q1d2-1d2-1d2-b0.extxyz (10 frames) max_abs_dE_vs_geom_meV=6.57e-06
[mlip-eval] mace_mp0 geom/srtio3_cubic_mattersim_q0-0-0-b0.extxyz (10 frames) 
[mlip-eval] mace_mp0 geom/srtio3_cubic_mattersim_q1d2-1d2-1d2-b0.extxyz (10 frames) 
[mlip-eval] mace_mp0 geom/srtio3_cubic_orb_v2_q1d2-1d2-1d2-b0-refmattersim.extxyz (10 frames) 
[mlip-eval] mace_mp0 geom/srtio3_cubic_sevennet0_q0-0-0-b0.extxyz (10 frames) 
[mlip-eval] mace_mp0 geom/srtio3_cubic_sevennet0_q1d2-0-1d2-b0.extxyz (10 frames) 
[mlip-eval] mace_mp0 geom/srtio3_cubic_sevennet0_q1d2-1d2-1d2-b0.extxyz (10 frames) 
[mlip-eval] mace_mp0 geom/zr_bcc_chgnet_q1d3-2d3-0-b0-refmattersim.extxyz (10 frames) 
[mlip-eval] mace_mp0 geom/zr_bcc_mace_mp0_q1d3-2d3-0-b0-refmattersim.extxyz (10 frames) max_abs_dE_vs_geom_meV=9.69e-06
[mlip-eval] mace_mp0 geom/zr_bcc_mattersim_q1d2-0-0-b0.extxyz (10 frames) 
[mlip-eval] mace_mp0 geom/zr_bcc_mattersim_q1d2-1d2-0-b0.extxyz (10 frames) 
[mlip-eval] mace_mp0 geom/zr_bcc_mattersim_q1d3-0-0-b0.extxyz (10 frames) 
[mlip-eval] mace_mp0 geom/zr_bcc_mattersim_q1d3-1d2-0-b0.extxyz (10 frames) 
[mlip-eval] mace_mp0 geom/zr_bcc_mattersim_q1d3-1d2-1d6-b0.extxyz (10 frames) 
[mlip-eval] mace_mp0 geom/zr_bcc_mattersim_q1d3-1d3-0-b0.extxyz (10 frames) 
[mlip-eval] mace_mp0 geom/zr_bcc_mattersim_q1d3-1d3-1d3-b0.extxyz (10 frames) 
[mlip-eval] mace_mp0 geom/zr_bcc_mattersim_q1d3-1d6-1d6-b0.extxyz (10 frames) 
[mlip-eval] mace_mp0 geom/zr_bcc_mattersim_q1d3-2d3-0-b0.extxyz (10 frames) 
[mlip-eval] mace_mp0 geom/zr_bcc_mattersim_q1d6-1d2-0-b0.extxyz (10 frames) 
[mlip-eval] mace_mp0 geom/zr_bcc_mattersim_q1d6-1d2-1d6-b0.extxyz (10 frames) 
[mlip-eval] mace_mp0 geom/zr_bcc_mattersim_q1d6-1d3-0-b0.extxyz (10 frames) 
[mlip-eval] mace_mp0 geom/zr_bcc_mattersim_q1d6-1d3-1d3-b0.extxyz (10 frames) 
[mlip-eval] mace_mp0 geom/zr_bcc_mattersim_q1d6-1d6-1d6-b0.extxyz (10 frames) 
[mlip-eval] mace_mp0 geom/zr_bcc_mattersim_q2d3-0-0-b0.extxyz (10 frames) 
[mlip-eval] mace_mp0 geom/zr_bcc_mattersim_q2d3-1d2-0-b0.extxyz (10 frames) 
[mlip-eval] mace_mp0 geom/zr_bcc_mattersim_q2d3-1d2-5d6-b0.extxyz (10 frames) 
[mlip-eval] mace_mp0 geom/zr_bcc_mattersim_q2d3-2d3-0-b0.extxyz (10 frames) 
[mlip-eval] mace_mp0 geom/zr_bcc_mattersim_q2d3-2d3-2d3-b0.extxyz (10 frames) 
[mlip-eval] mace_mp0 geom/zr_bcc_mattersim_q2d3-5d6-5d6-b0.extxyz (10 frames) 
[mlip-eval] mace_mp0 geom/zr_bcc_mattersim_q5d6-1d2-0-b0.extxyz (10 frames) 
[mlip-eval] mace_mp0 geom/zr_bcc_mattersim_q5d6-1d2-5d6-b0.extxyz (10 frames) 
[mlip-eval] mace_mp0 geom/zr_bcc_mattersim_q5d6-2d3-0-b0.extxyz (10 frames) 
[mlip-eval] mace_mp0 geom/zr_bcc_mattersim_q5d6-2d3-2d3-b0.extxyz (10 frames) 
[mlip-eval] mace_mp0 geom/zr_bcc_orb_v2_q1d3-2d3-0-b0-refmattersim.extxyz (10 frames) 
[mlip-eval] mace_mp0 geom/zr_bcc_sevennet0_q1d3-2d3-0-b0-refmattersim.extxyz (10 frames) 
[mlip-eval] mace_mp0 geom/zro2_cubic_chgnet_q1d2-0-1d2-b0.extxyz (10 frames) 
[mlip-eval] mace_mp0 geom/zro2_cubic_mace_mp0_q0-1d2-1d2-b0.extxyz (10 frames) max_abs_dE_vs_geom_meV=3e-06
[mlip-eval] mace_mp0 geom/zro2_cubic_mattersim_q1d2-0-1d2-b0.extxyz (10 frames) 
[mlip-eval] mace_mp0 geom/zro2_cubic_orb_v2_q0-0-1d2-b0.extxyz (10 frames) 
[mlip-eval] mace_mp0 geom/zro2_cubic_orb_v2_q1d2-1d2-0-b0.extxyz (10 frames) 
[mlip-eval] mace_mp0 geom/zro2_cubic_orb_v2_q1d2-1d2-1d2-b0.extxyz (10 frames) 
[mlip-eval] mace_mp0 geom/zro2_cubic_sevennet0_q1d2-0-1d2-b0.extxyz (10 frames) 
[mlip-eval] mace_mp0: 139 evaluated, 0 already current
===== /root/env-chgnet/bin/python -u scripts/dft_reference.py mlip-eval --model chgnet --device cuda Sun Sep 27 07:49:46 UTC 2026
CHGNet v0.3.0 initialized with 412,525 parameters
CHGNet will run on cuda
[mlip-eval] chgnet geom/batio3_cubic_chgnet_q0-0-0-b0.extxyz (10 frames) max_abs_dE_vs_geom_meV=0.00381
[mlip-eval] chgnet geom/batio3_cubic_chgnet_q0-0-0-b1.extxyz (10 frames) max_abs_dE_vs_geom_meV=0
[mlip-eval] chgnet geom/batio3_cubic_chgnet_q0-0-0-b2.extxyz (10 frames) max_abs_dE_vs_geom_meV=0.00381
[mlip-eval] chgnet geom/batio3_cubic_chgnet_q0-1d2-0-b0.extxyz (10 frames) max_abs_dE_vs_geom_meV=0.0153
[mlip-eval] chgnet geom/batio3_cubic_chgnet_q0-1d2-0-b1.extxyz (10 frames) max_abs_dE_vs_geom_meV=0.00763
[mlip-eval] chgnet geom/batio3_cubic_chgnet_q0-1d2-1d2-b0.extxyz (10 frames) max_abs_dE_vs_geom_meV=0
[mlip-eval] chgnet geom/batio3_cubic_chgnet_q1d2-0-0-b0.extxyz (10 frames) max_abs_dE_vs_geom_meV=0
[mlip-eval] chgnet geom/batio3_cubic_chgnet_q1d2-0-0-b1.extxyz (10 frames) max_abs_dE_vs_geom_meV=0.00763
[mlip-eval] chgnet geom/batio3_cubic_chgnet_q1d2-1d2-0-b0.extxyz (10 frames) max_abs_dE_vs_geom_meV=0.0153
[mlip-eval] chgnet geom/batio3_cubic_mace_mp0_q0-0-0-b0.extxyz (10 frames) 
[mlip-eval] chgnet geom/batio3_cubic_mace_mp0_q1d2-0-0-b0.extxyz (10 frames) 
[mlip-eval] chgnet geom/batio3_cubic_mace_mp0_q1d2-0-1d2-b0.extxyz (10 frames) 
[mlip-eval] chgnet geom/batio3_cubic_mattersim_q0-0-0-b0.extxyz (10 frames) 
[mlip-eval] chgnet geom/batio3_cubic_mattersim_q0-0-1d2-b0.extxyz (10 frames) 
[mlip-eval] chgnet geom/batio3_cubic_mattersim_q1d2-0-1d2-b0.extxyz (10 frames) 
[mlip-eval] chgnet geom/batio3_cubic_orb_v2_q0-0-0-b0.extxyz (10 frames) 
[mlip-eval] chgnet geom/batio3_cubic_orb_v2_q0-0-0-b1.extxyz (10 frames) 
[mlip-eval] chgnet geom/batio3_cubic_orb_v2_q0-0-1d2-b0.extxyz (10 frames) 
[mlip-eval] chgnet geom/batio3_cubic_orb_v2_q0-0-1d2-b1.extxyz (10 frames) 
[mlip-eval] chgnet geom/batio3_cubic_orb_v2_q0-1d2-0-b0.extxyz (10 frames) 
[mlip-eval] chgnet geom/batio3_cubic_orb_v2_q0-1d2-0-b1.extxyz (10 frames) 
[mlip-eval] chgnet geom/batio3_cubic_orb_v2_q0-1d2-1d2-b0.extxyz (10 frames) 
[mlip-eval] chgnet geom/batio3_cubic_orb_v2_q1d2-0-0-b0.extxyz (10 frames) 
[mlip-eval] chgnet geom/batio3_cubic_orb_v2_q1d2-0-0-b1.extxyz (10 frames) 
[mlip-eval] chgnet geom/batio3_cubic_orb_v2_q1d2-0-1d2-b0.extxyz (10 frames) 
[mlip-eval] chgnet geom/batio3_cubic_orb_v2_q1d2-1d2-0-b0.extxyz (10 frames) 
[mlip-eval] chgnet geom/batio3_cubic_sevennet0_q0-0-0-b0.extxyz (10 frames) 
[mlip-eval] chgnet geom/batio3_cubic_sevennet0_q1d2-0-0-b0.extxyz (10 frames) 
[mlip-eval] chgnet geom/batio3_cubic_sevennet0_q1d2-0-1d2-b0.extxyz (10 frames) 
[mlip-eval] chgnet geom/cssnbr3_cubic_chgnet_q0-0-0-b0.extxyz (10 frames) max_abs_dE_vs_geom_meV=0.00191
[mlip-eval] chgnet geom/cssnbr3_cubic_chgnet_q0-0-0-b1.extxyz (10 frames) max_abs_dE_vs_geom_meV=0.00191
[mlip-eval] chgnet geom/cssnbr3_cubic_chgnet_q0-0-0-b3.extxyz (10 frames) max_abs_dE_vs_geom_meV=0.00191
[mlip-eval] chgnet geom/cssnbr3_cubic_chgnet_q0-0-0-b4.extxyz (10 frames) max_abs_dE_vs_geom_meV=0
[mlip-eval] chgnet geom/cssnbr3_cubic_chgnet_q0-0-1d2-b0.extxyz (10 frames) max_abs_dE_vs_geom_meV=0.00381
[mlip-eval] chgnet geom/cssnbr3_cubic_chgnet_q0-0-1d2-b1.extxyz (10 frames) max_abs_dE_vs_geom_meV=0.00381
[mlip-eval] chgnet geom/cssnbr3_cubic_chgnet_q0-0-1d2-b2.extxyz (10 frames) max_abs_dE_vs_geom_meV=0.00381
[mlip-eval] chgnet geom/cssnbr3_cubic_chgnet_q0-0-1d2-b3.extxyz (10 frames) max_abs_dE_vs_geom_meV=0.00381
[mlip-eval] chgnet geom/cssnbr3_cubic_chgnet_q0-1d2-0-b4.extxyz (10 frames) max_abs_dE_vs_geom_meV=0.00381
[mlip-eval] chgnet geom/cssnbr3_cubic_chgnet_q0-1d2-1d2-b0.extxyz (10 frames) max_abs_dE_vs_geom_meV=0.00763
[mlip-eval] chgnet geom/cssnbr3_cubic_chgnet_q0-1d2-1d2-b1.extxyz (10 frames) max_abs_dE_vs_geom_meV=0
[mlip-eval] chgnet geom/cssnbr3_cubic_chgnet_q0-1d2-1d2-b2.extxyz (10 frames) max_abs_dE_vs_geom_meV=0.00763
[mlip-eval] chgnet geom/cssnbr3_cubic_chgnet_q1d2-0-0-b0.extxyz (10 frames) max_abs_dE_vs_geom_meV=0.00381
[mlip-eval] chgnet geom/cssnbr3_cubic_chgnet_q1d2-0-0-b2.extxyz (10 frames) max_abs_dE_vs_geom_meV=0
[mlip-eval] chgnet geom/cssnbr3_cubic_chgnet_q1d2-0-0-b4.extxyz (10 frames) max_abs_dE_vs_geom_meV=0.00381
[mlip-eval] chgnet geom/cssnbr3_cubic_chgnet_q1d2-0-1d2-b3.extxyz (10 frames) max_abs_dE_vs_geom_meV=0.00763
[mlip-eval] chgnet geom/cssnbr3_cubic_chgnet_q1d2-1d2-0-b0.extxyz (10 frames) max_abs_dE_vs_geom_meV=0.00763
[mlip-eval] chgnet geom/cssnbr3_cubic_chgnet_q1d2-1d2-0-b1.extxyz (10 frames) max_abs_dE_vs_geom_meV=0.00763
[mlip-eval] chgnet geom/cssnbr3_cubic_chgnet_q1d2-1d2-1d2-b0.extxyz (10 frames) max_abs_dE_vs_geom_meV=0.0153
[mlip-eval] chgnet geom/cssnbr3_cubic_chgnet_q1d2-1d2-1d2-b1.extxyz (10 frames) max_abs_dE_vs_geom_meV=0.0153
[mlip-eval] chgnet geom/cssnbr3_cubic_chgnet_q1d2-1d2-1d2-b2.extxyz (10 frames) max_abs_dE_vs_geom_meV=0
[mlip-eval] chgnet geom/cssnbr3_cubic_chgnet_q1d2-1d2-1d2-b3.extxyz (10 frames) max_abs_dE_vs_geom_meV=0.0153
[mlip-eval] chgnet geom/cssnbr3_cubic_chgnet_q1d2-1d2-1d2-b4.extxyz (10 frames) max_abs_dE_vs_geom_meV=0
[mlip-eval] chgnet geom/cssnbr3_cubic_chgnet_q1d2-1d2-1d2-b5.extxyz (10 frames) max_abs_dE_vs_geom_meV=0
[mlip-eval] chgnet geom/cssnbr3_cubic_mace_mp0_q1d2-1d2-0-b0.extxyz (10 frames) 
[mlip-eval] chgnet geom/cssnbr3_cubic_mace_mp0_q1d2-1d2-1d2-b0.extxyz (10 frames) 
[mlip-eval] chgnet geom/cssnbr3_cubic_mattersim_q0-0-0-b0.extxyz (10 frames) 
[mlip-eval] chgnet geom/cssnbr3_cubic_mattersim_q0-1d2-1d2-b0.extxyz (10 frames) 
[mlip-eval] chgnet geom/cssnbr3_cubic_mattersim_q1d2-0-0-b0.extxyz (10 frames) 
[mlip-eval] chgnet geom/cssnbr3_cubic_mattersim_q1d2-0-1d2-b1.extxyz (10 frames) 
[mlip-eval] chgnet geom/cssnbr3_cubic_mattersim_q1d2-1d2-0-b2.extxyz (10 frames) 
[mlip-eval] chgnet geom/cssnbr3_cubic_mattersim_q1d2-1d2-1d2-b0.extxyz (10 frames) 
[mlip-eval] chgnet geom/cssnbr3_cubic_mattersim_q1d2-1d2-1d2-b3.extxyz (10 frames) 
[mlip-eval] chgnet geom/cssnbr3_cubic_orb_v2_q0-1d2-1d2-b0.extxyz (10 frames) 
[mlip-eval] chgnet geom/cssnbr3_cubic_orb_v2_q1d2-0-1d2-b0.extxyz (10 frames) 
[mlip-eval] chgnet geom/cssnbr3_cubic_orb_v2_q1d2-1d2-0-b0.extxyz (10 frames) 
[mlip-eval] chgnet geom/cssnbr3_cubic_orb_v2_q1d2-1d2-1d2-b0.extxyz (10 frames) 
[mlip-eval] chgnet geom/cssnbr3_cubic_orb_v2_q1d2-1d2-1d2-b1.extxyz (10 frames) 
[mlip-eval] chgnet geom/cssnbr3_cubic_orb_v2_q1d2-1d2-1d2-b2.extxyz (10 frames) 
[mlip-eval] chgnet geom/cssnbr3_cubic_sevennet0_q0-1d2-1d2-b0.extxyz (10 frames) 
[mlip-eval] chgnet geom/cssnbr3_cubic_sevennet0_q1d2-1d2-1d2-b0.extxyz (10 frames) 
[mlip-eval] chgnet geom/knbo3_cubic_chgnet_q0-0-0-b0.extxyz (10 frames) max_abs_dE_vs_geom_meV=0.00381
[mlip-eval] chgnet geom/knbo3_cubic_mace_mp0_q0-0-0-b0.extxyz (10 frames) 
[mlip-eval] chgnet geom/knbo3_cubic_mace_mp0_q0-0-1d2-b0.extxyz (10 frames) 
[mlip-eval] chgnet geom/knbo3_cubic_mace_mp0_q0-1d2-1d2-b0.extxyz (10 frames) 
[mlip-eval] chgnet geom/knbo3_cubic_mattersim_q0-0-0-b0.extxyz (10 frames) 
[mlip-eval] chgnet geom/knbo3_cubic_mattersim_q0-0-1d2-b0.extxyz (10 frames) 
[mlip-eval] chgnet geom/knbo3_cubic_mattersim_q0-1d2-1d2-b0.extxyz (10 frames) 
[mlip-eval] chgnet geom/knbo3_cubic_orb_v2_q0-0-0-b0.extxyz (10 frames) 
[mlip-eval] chgnet geom/knbo3_cubic_orb_v2_q0-0-0-b1.extxyz (10 frames) 
[mlip-eval] chgnet geom/knbo3_cubic_orb_v2_q0-0-0-b2.extxyz (10 frames) 
[mlip-eval] chgnet geom/knbo3_cubic_orb_v2_q0-0-1d2-b0.extxyz (10 frames) 
[mlip-eval] chgnet geom/knbo3_cubic_orb_v2_q0-0-1d2-b1.extxyz (10 frames) 
[mlip-eval] chgnet geom/knbo3_cubic_orb_v2_q0-1d2-0-b0.extxyz (10 frames) 
[mlip-eval] chgnet geom/knbo3_cubic_orb_v2_q0-1d2-0-b1.extxyz (10 frames) 
[mlip-eval] chgnet geom/knbo3_cubic_orb_v2_q0-1d2-1d2-b0.extxyz (10 frames) 
[mlip-eval] chgnet geom/knbo3_cubic_orb_v2_q1d2-0-0-b0.extxyz (10 frames) 
[mlip-eval] chgnet geom/knbo3_cubic_orb_v2_q1d2-0-0-b1.extxyz (10 frames) 
[mlip-eval] chgnet geom/knbo3_cubic_orb_v2_q1d2-0-1d2-b0.extxyz (10 frames) 
[mlip-eval] chgnet geom/knbo3_cubic_orb_v2_q1d2-1d2-0-b0.extxyz (10 frames) 
[mlip-eval] chgnet geom/knbo3_cubic_sevennet0_q0-0-0-b0.extxyz (10 frames) 
[mlip-eval] chgnet geom/knbo3_cubic_sevennet0_q0-0-1d2-b0.extxyz (10 frames) 
[mlip-eval] chgnet geom/knbo3_cubic_sevennet0_q0-1d2-1d2-b0.extxyz (10 frames) 
[mlip-eval] chgnet geom/srtio3_cubic_chgnet_q0-0-0-b0.extxyz (10 frames) max_abs_dE_vs_geom_meV=0.00763
[mlip-eval] chgnet geom/srtio3_cubic_chgnet_q0-0-1d2-b0.extxyz (10 frames) max_abs_dE_vs_geom_meV=0.00763
[mlip-eval] chgnet geom/srtio3_cubic_chgnet_q1d2-1d2-1d2-b0.extxyz (10 frames) max_abs_dE_vs_geom_meV=0.0305
[mlip-eval] chgnet geom/srtio3_cubic_mace_mp0_q0-0-0-b0.extxyz (10 frames) 
[mlip-eval] chgnet geom/srtio3_cubic_mace_mp0_q0-1d2-1d2-b0.extxyz (10 frames) 
[mlip-eval] chgnet geom/srtio3_cubic_mace_mp0_q1d2-1d2-1d2-b0.extxyz (10 frames) 
[mlip-eval] chgnet geom/srtio3_cubic_mattersim_q0-0-0-b0.extxyz (10 frames) 
[mlip-eval] chgnet geom/srtio3_cubic_mattersim_q1d2-1d2-1d2-b0.extxyz (10 frames) 
[mlip-eval] chgnet geom/srtio3_cubic_orb_v2_q1d2-1d2-1d2-b0-refmattersim.extxyz (10 frames) 
[mlip-eval] chgnet geom/srtio3_cubic_sevennet0_q0-0-0-b0.extxyz (10 frames) 
[mlip-eval] chgnet geom/srtio3_cubic_sevennet0_q1d2-0-1d2-b0.extxyz (10 frames) 
[mlip-eval] chgnet geom/srtio3_cubic_sevennet0_q1d2-1d2-1d2-b0.extxyz (10 frames) 
[mlip-eval] chgnet geom/zr_bcc_chgnet_q1d3-2d3-0-b0-refmattersim.extxyz (10 frames) max_abs_dE_vs_geom_meV=0.0153
[mlip-eval] chgnet geom/zr_bcc_mace_mp0_q1d3-2d3-0-b0-refmattersim.extxyz (10 frames) 
[mlip-eval] chgnet geom/zr_bcc_mattersim_q1d2-0-0-b0.extxyz (10 frames) 
[mlip-eval] chgnet geom/zr_bcc_mattersim_q1d2-1d2-0-b0.extxyz (10 frames) 
[mlip-eval] chgnet geom/zr_bcc_mattersim_q1d3-0-0-b0.extxyz (10 frames) 
[mlip-eval] chgnet geom/zr_bcc_mattersim_q1d3-1d2-0-b0.extxyz (10 frames) 
[mlip-eval] chgnet geom/zr_bcc_mattersim_q1d3-1d2-1d6-b0.extxyz (10 frames) 
[mlip-eval] chgnet geom/zr_bcc_mattersim_q1d3-1d3-0-b0.extxyz (10 frames) 
[mlip-eval] chgnet geom/zr_bcc_mattersim_q1d3-1d3-1d3-b0.extxyz (10 frames) 
[mlip-eval] chgnet geom/zr_bcc_mattersim_q1d3-1d6-1d6-b0.extxyz (10 frames) 
[mlip-eval] chgnet geom/zr_bcc_mattersim_q1d3-2d3-0-b0.extxyz (10 frames) 
[mlip-eval] chgnet geom/zr_bcc_mattersim_q1d6-1d2-0-b0.extxyz (10 frames) 
[mlip-eval] chgnet geom/zr_bcc_mattersim_q1d6-1d2-1d6-b0.extxyz (10 frames) 
[mlip-eval] chgnet geom/zr_bcc_mattersim_q1d6-1d3-0-b0.extxyz (10 frames) 
[mlip-eval] chgnet geom/zr_bcc_mattersim_q1d6-1d3-1d3-b0.extxyz (10 frames) 
[mlip-eval] chgnet geom/zr_bcc_mattersim_q1d6-1d6-1d6-b0.extxyz (10 frames) 
[mlip-eval] chgnet geom/zr_bcc_mattersim_q2d3-0-0-b0.extxyz (10 frames) 
[mlip-eval] chgnet geom/zr_bcc_mattersim_q2d3-1d2-0-b0.extxyz (10 frames) 
[mlip-eval] chgnet geom/zr_bcc_mattersim_q2d3-1d2-5d6-b0.extxyz (10 frames) 
[mlip-eval] chgnet geom/zr_bcc_mattersim_q2d3-2d3-0-b0.extxyz (10 frames) 
[mlip-eval] chgnet geom/zr_bcc_mattersim_q2d3-2d3-2d3-b0.extxyz (10 frames) 
[mlip-eval] chgnet geom/zr_bcc_mattersim_q2d3-5d6-5d6-b0.extxyz (10 frames) 
[mlip-eval] chgnet geom/zr_bcc_mattersim_q5d6-1d2-0-b0.extxyz (10 frames) 
[mlip-eval] chgnet geom/zr_bcc_mattersim_q5d6-1d2-5d6-b0.extxyz (10 frames) 
[mlip-eval] chgnet geom/zr_bcc_mattersim_q5d6-2d3-0-b0.extxyz (10 frames) 
[mlip-eval] chgnet geom/zr_bcc_mattersim_q5d6-2d3-2d3-b0.extxyz (10 frames) 
[mlip-eval] chgnet geom/zr_bcc_orb_v2_q1d3-2d3-0-b0-refmattersim.extxyz (10 frames) 
[mlip-eval] chgnet geom/zr_bcc_sevennet0_q1d3-2d3-0-b0-refmattersim.extxyz (10 frames) 
[mlip-eval] chgnet geom/zro2_cubic_chgnet_q1d2-0-1d2-b0.extxyz (10 frames) max_abs_dE_vs_geom_meV=0.0153
[mlip-eval] chgnet geom/zro2_cubic_mace_mp0_q0-1d2-1d2-b0.extxyz (10 frames) 
[mlip-eval] chgnet geom/zro2_cubic_mattersim_q1d2-0-1d2-b0.extxyz (10 frames) 
[mlip-eval] chgnet geom/zro2_cubic_orb_v2_q0-0-1d2-b0.extxyz (10 frames) 
[mlip-eval] chgnet geom/zro2_cubic_orb_v2_q1d2-1d2-0-b0.extxyz (10 frames) 
[mlip-eval] chgnet geom/zro2_cubic_orb_v2_q1d2-1d2-1d2-b0.extxyz (10 frames) 
[mlip-eval] chgnet geom/zro2_cubic_sevennet0_q1d2-0-1d2-b0.extxyz (10 frames) 
[mlip-eval] chgnet: 139 evaluated, 0 already current
===== /root/env-sevennet/bin/python -u scripts/dft_reference.py mlip-eval --model sevennet0 --device cuda Sun Sep 27 07:51:15 UTC 2026
/root/env-sevennet/lib/python3.11/site-packages/sevenn/calculator.py:93: UserWarning: No tensor product accelerator is enabled for SevenNetCalculator. SevenNet may run much slower without a TP accelerator. Please refer to the accelerator section of the documentation.
  util.warn_no_tp_accelerator('SevenNetCalculator')
[mlip-eval] sevennet0 geom/batio3_cubic_chgnet_q0-0-0-b0.extxyz (10 frames) 
[mlip-eval] sevennet0 geom/batio3_cubic_chgnet_q0-0-0-b1.extxyz (10 frames) 
[mlip-eval] sevennet0 geom/batio3_cubic_chgnet_q0-0-0-b2.extxyz (10 frames) 
[mlip-eval] sevennet0 geom/batio3_cubic_chgnet_q0-1d2-0-b0.extxyz (10 frames) 
[mlip-eval] sevennet0 geom/batio3_cubic_chgnet_q0-1d2-0-b1.extxyz (10 frames) 
[mlip-eval] sevennet0 geom/batio3_cubic_chgnet_q0-1d2-1d2-b0.extxyz (10 frames) 
[mlip-eval] sevennet0 geom/batio3_cubic_chgnet_q1d2-0-0-b0.extxyz (10 frames) 
[mlip-eval] sevennet0 geom/batio3_cubic_chgnet_q1d2-0-0-b1.extxyz (10 frames) 
[mlip-eval] sevennet0 geom/batio3_cubic_chgnet_q1d2-1d2-0-b0.extxyz (10 frames) 
[mlip-eval] sevennet0 geom/batio3_cubic_mace_mp0_q0-0-0-b0.extxyz (10 frames) 
[mlip-eval] sevennet0 geom/batio3_cubic_mace_mp0_q1d2-0-0-b0.extxyz (10 frames) 
[mlip-eval] sevennet0 geom/batio3_cubic_mace_mp0_q1d2-0-1d2-b0.extxyz (10 frames) 
[mlip-eval] sevennet0 geom/batio3_cubic_mattersim_q0-0-0-b0.extxyz (10 frames) 
[mlip-eval] sevennet0 geom/batio3_cubic_mattersim_q0-0-1d2-b0.extxyz (10 frames) 
[mlip-eval] sevennet0 geom/batio3_cubic_mattersim_q1d2-0-1d2-b0.extxyz (10 frames) 
[mlip-eval] sevennet0 geom/batio3_cubic_orb_v2_q0-0-0-b0.extxyz (10 frames) 
[mlip-eval] sevennet0 geom/batio3_cubic_orb_v2_q0-0-0-b1.extxyz (10 frames) 
[mlip-eval] sevennet0 geom/batio3_cubic_orb_v2_q0-0-1d2-b0.extxyz (10 frames) 
[mlip-eval] sevennet0 geom/batio3_cubic_orb_v2_q0-0-1d2-b1.extxyz (10 frames) 
[mlip-eval] sevennet0 geom/batio3_cubic_orb_v2_q0-1d2-0-b0.extxyz (10 frames) 
[mlip-eval] sevennet0 geom/batio3_cubic_orb_v2_q0-1d2-0-b1.extxyz (10 frames) 
[mlip-eval] sevennet0 geom/batio3_cubic_orb_v2_q0-1d2-1d2-b0.extxyz (10 frames) 
[mlip-eval] sevennet0 geom/batio3_cubic_orb_v2_q1d2-0-0-b0.extxyz (10 frames) 
[mlip-eval] sevennet0 geom/batio3_cubic_orb_v2_q1d2-0-0-b1.extxyz (10 frames) 
[mlip-eval] sevennet0 geom/batio3_cubic_orb_v2_q1d2-0-1d2-b0.extxyz (10 frames) 
[mlip-eval] sevennet0 geom/batio3_cubic_orb_v2_q1d2-1d2-0-b0.extxyz (10 frames) 
[mlip-eval] sevennet0 geom/batio3_cubic_sevennet0_q0-0-0-b0.extxyz (10 frames) max_abs_dE_vs_geom_meV=0.00381
[mlip-eval] sevennet0 geom/batio3_cubic_sevennet0_q1d2-0-0-b0.extxyz (10 frames) max_abs_dE_vs_geom_meV=0
[mlip-eval] sevennet0 geom/batio3_cubic_sevennet0_q1d2-0-1d2-b0.extxyz (10 frames) max_abs_dE_vs_geom_meV=0.0153
[mlip-eval] sevennet0 geom/cssnbr3_cubic_chgnet_q0-0-0-b0.extxyz (10 frames) 
[mlip-eval] sevennet0 geom/cssnbr3_cubic_chgnet_q0-0-0-b1.extxyz (10 frames) 
[mlip-eval] sevennet0 geom/cssnbr3_cubic_chgnet_q0-0-0-b3.extxyz (10 frames) 
[mlip-eval] sevennet0 geom/cssnbr3_cubic_chgnet_q0-0-0-b4.extxyz (10 frames) 
[mlip-eval] sevennet0 geom/cssnbr3_cubic_chgnet_q0-0-1d2-b0.extxyz (10 frames) 
[mlip-eval] sevennet0 geom/cssnbr3_cubic_chgnet_q0-0-1d2-b1.extxyz (10 frames) 
[mlip-eval] sevennet0 geom/cssnbr3_cubic_chgnet_q0-0-1d2-b2.extxyz (10 frames) 
[mlip-eval] sevennet0 geom/cssnbr3_cubic_chgnet_q0-0-1d2-b3.extxyz (10 frames) 
[mlip-eval] sevennet0 geom/cssnbr3_cubic_chgnet_q0-1d2-0-b4.extxyz (10 frames) 
[mlip-eval] sevennet0 geom/cssnbr3_cubic_chgnet_q0-1d2-1d2-b0.extxyz (10 frames) 
[mlip-eval] sevennet0 geom/cssnbr3_cubic_chgnet_q0-1d2-1d2-b1.extxyz (10 frames) 
[mlip-eval] sevennet0 geom/cssnbr3_cubic_chgnet_q0-1d2-1d2-b2.extxyz (10 frames) 
[mlip-eval] sevennet0 geom/cssnbr3_cubic_chgnet_q1d2-0-0-b0.extxyz (10 frames) 
[mlip-eval] sevennet0 geom/cssnbr3_cubic_chgnet_q1d2-0-0-b2.extxyz (10 frames) 
[mlip-eval] sevennet0 geom/cssnbr3_cubic_chgnet_q1d2-0-0-b4.extxyz (10 frames) 
[mlip-eval] sevennet0 geom/cssnbr3_cubic_chgnet_q1d2-0-1d2-b3.extxyz (10 frames) 
[mlip-eval] sevennet0 geom/cssnbr3_cubic_chgnet_q1d2-1d2-0-b0.extxyz (10 frames) 
[mlip-eval] sevennet0 geom/cssnbr3_cubic_chgnet_q1d2-1d2-0-b1.extxyz (10 frames) 
[mlip-eval] sevennet0 geom/cssnbr3_cubic_chgnet_q1d2-1d2-1d2-b0.extxyz (10 frames) 
[mlip-eval] sevennet0 geom/cssnbr3_cubic_chgnet_q1d2-1d2-1d2-b1.extxyz (10 frames) 
[mlip-eval] sevennet0 geom/cssnbr3_cubic_chgnet_q1d2-1d2-1d2-b2.extxyz (10 frames) 
[mlip-eval] sevennet0 geom/cssnbr3_cubic_chgnet_q1d2-1d2-1d2-b3.extxyz (10 frames) 
[mlip-eval] sevennet0 geom/cssnbr3_cubic_chgnet_q1d2-1d2-1d2-b4.extxyz (10 frames) 
[mlip-eval] sevennet0 geom/cssnbr3_cubic_chgnet_q1d2-1d2-1d2-b5.extxyz (10 frames) 
[mlip-eval] sevennet0 geom/cssnbr3_cubic_mace_mp0_q1d2-1d2-0-b0.extxyz (10 frames) 
[mlip-eval] sevennet0 geom/cssnbr3_cubic_mace_mp0_q1d2-1d2-1d2-b0.extxyz (10 frames) 
[mlip-eval] sevennet0 geom/cssnbr3_cubic_mattersim_q0-0-0-b0.extxyz (10 frames) 
[mlip-eval] sevennet0 geom/cssnbr3_cubic_mattersim_q0-1d2-1d2-b0.extxyz (10 frames) 
[mlip-eval] sevennet0 geom/cssnbr3_cubic_mattersim_q1d2-0-0-b0.extxyz (10 frames) 
[mlip-eval] sevennet0 geom/cssnbr3_cubic_mattersim_q1d2-0-1d2-b1.extxyz (10 frames) 
[mlip-eval] sevennet0 geom/cssnbr3_cubic_mattersim_q1d2-1d2-0-b2.extxyz (10 frames) 
[mlip-eval] sevennet0 geom/cssnbr3_cubic_mattersim_q1d2-1d2-1d2-b0.extxyz (10 frames) 
[mlip-eval] sevennet0 geom/cssnbr3_cubic_mattersim_q1d2-1d2-1d2-b3.extxyz (10 frames) 
[mlip-eval] sevennet0 geom/cssnbr3_cubic_orb_v2_q0-1d2-1d2-b0.extxyz (10 frames) 
[mlip-eval] sevennet0 geom/cssnbr3_cubic_orb_v2_q1d2-0-1d2-b0.extxyz (10 frames) 
[mlip-eval] sevennet0 geom/cssnbr3_cubic_orb_v2_q1d2-1d2-0-b0.extxyz (10 frames) 
[mlip-eval] sevennet0 geom/cssnbr3_cubic_orb_v2_q1d2-1d2-1d2-b0.extxyz (10 frames) 
[mlip-eval] sevennet0 geom/cssnbr3_cubic_orb_v2_q1d2-1d2-1d2-b1.extxyz (10 frames) 
[mlip-eval] sevennet0 geom/cssnbr3_cubic_orb_v2_q1d2-1d2-1d2-b2.extxyz (10 frames) 
[mlip-eval] sevennet0 geom/cssnbr3_cubic_sevennet0_q0-1d2-1d2-b0.extxyz (10 frames) max_abs_dE_vs_geom_meV=0.00381
[mlip-eval] sevennet0 geom/cssnbr3_cubic_sevennet0_q1d2-1d2-1d2-b0.extxyz (10 frames) max_abs_dE_vs_geom_meV=0.00763
[mlip-eval] sevennet0 geom/knbo3_cubic_chgnet_q0-0-0-b0.extxyz (10 frames) 
[mlip-eval] sevennet0 geom/knbo3_cubic_mace_mp0_q0-0-0-b0.extxyz (10 frames) 
[mlip-eval] sevennet0 geom/knbo3_cubic_mace_mp0_q0-0-1d2-b0.extxyz (10 frames) 
[mlip-eval] sevennet0 geom/knbo3_cubic_mace_mp0_q0-1d2-1d2-b0.extxyz (10 frames) 
[mlip-eval] sevennet0 geom/knbo3_cubic_mattersim_q0-0-0-b0.extxyz (10 frames) 
[mlip-eval] sevennet0 geom/knbo3_cubic_mattersim_q0-0-1d2-b0.extxyz (10 frames) 
[mlip-eval] sevennet0 geom/knbo3_cubic_mattersim_q0-1d2-1d2-b0.extxyz (10 frames) 
[mlip-eval] sevennet0 geom/knbo3_cubic_orb_v2_q0-0-0-b0.extxyz (10 frames) 
[mlip-eval] sevennet0 geom/knbo3_cubic_orb_v2_q0-0-0-b1.extxyz (10 frames) 
[mlip-eval] sevennet0 geom/knbo3_cubic_orb_v2_q0-0-0-b2.extxyz (10 frames) 
[mlip-eval] sevennet0 geom/knbo3_cubic_orb_v2_q0-0-1d2-b0.extxyz (10 frames) 
[mlip-eval] sevennet0 geom/knbo3_cubic_orb_v2_q0-0-1d2-b1.extxyz (10 frames) 
[mlip-eval] sevennet0 geom/knbo3_cubic_orb_v2_q0-1d2-0-b0.extxyz (10 frames) 
[mlip-eval] sevennet0 geom/knbo3_cubic_orb_v2_q0-1d2-0-b1.extxyz (10 frames) 
[mlip-eval] sevennet0 geom/knbo3_cubic_orb_v2_q0-1d2-1d2-b0.extxyz (10 frames) 
[mlip-eval] sevennet0 geom/knbo3_cubic_orb_v2_q1d2-0-0-b0.extxyz (10 frames) 
[mlip-eval] sevennet0 geom/knbo3_cubic_orb_v2_q1d2-0-0-b1.extxyz (10 frames) 
[mlip-eval] sevennet0 geom/knbo3_cubic_orb_v2_q1d2-0-1d2-b0.extxyz (10 frames) 
[mlip-eval] sevennet0 geom/knbo3_cubic_orb_v2_q1d2-1d2-0-b0.extxyz (10 frames) 
[mlip-eval] sevennet0 geom/knbo3_cubic_sevennet0_q0-0-0-b0.extxyz (10 frames) max_abs_dE_vs_geom_meV=0.00381
[mlip-eval] sevennet0 geom/knbo3_cubic_sevennet0_q0-0-1d2-b0.extxyz (10 frames) max_abs_dE_vs_geom_meV=0.00763
[mlip-eval] sevennet0 geom/knbo3_cubic_sevennet0_q0-1d2-1d2-b0.extxyz (10 frames) max_abs_dE_vs_geom_meV=0.0153
[mlip-eval] sevennet0 geom/srtio3_cubic_chgnet_q0-0-0-b0.extxyz (10 frames) 
[mlip-eval] sevennet0 geom/srtio3_cubic_chgnet_q0-0-1d2-b0.extxyz (10 frames) 
[mlip-eval] sevennet0 geom/srtio3_cubic_chgnet_q1d2-1d2-1d2-b0.extxyz (10 frames) 
[mlip-eval] sevennet0 geom/srtio3_cubic_mace_mp0_q0-0-0-b0.extxyz (10 frames) 
[mlip-eval] sevennet0 geom/srtio3_cubic_mace_mp0_q0-1d2-1d2-b0.extxyz (10 frames) 
[mlip-eval] sevennet0 geom/srtio3_cubic_mace_mp0_q1d2-1d2-1d2-b0.extxyz (10 frames) 
[mlip-eval] sevennet0 geom/srtio3_cubic_mattersim_q0-0-0-b0.extxyz (10 frames) 
[mlip-eval] sevennet0 geom/srtio3_cubic_mattersim_q1d2-1d2-1d2-b0.extxyz (10 frames) 
[mlip-eval] sevennet0 geom/srtio3_cubic_orb_v2_q1d2-1d2-1d2-b0-refmattersim.extxyz (10 frames) 
[mlip-eval] sevennet0 geom/srtio3_cubic_sevennet0_q0-0-0-b0.extxyz (10 frames) max_abs_dE_vs_geom_meV=0.00381
[mlip-eval] sevennet0 geom/srtio3_cubic_sevennet0_q1d2-0-1d2-b0.extxyz (10 frames) max_abs_dE_vs_geom_meV=0
[mlip-eval] sevennet0 geom/srtio3_cubic_sevennet0_q1d2-1d2-1d2-b0.extxyz (10 frames) max_abs_dE_vs_geom_meV=0.0305
[mlip-eval] sevennet0 geom/zr_bcc_chgnet_q1d3-2d3-0-b0-refmattersim.extxyz (10 frames) 
[mlip-eval] sevennet0 geom/zr_bcc_mace_mp0_q1d3-2d3-0-b0-refmattersim.extxyz (10 frames) 
[mlip-eval] sevennet0 geom/zr_bcc_mattersim_q1d2-0-0-b0.extxyz (10 frames) 
[mlip-eval] sevennet0 geom/zr_bcc_mattersim_q1d2-1d2-0-b0.extxyz (10 frames) 
[mlip-eval] sevennet0 geom/zr_bcc_mattersim_q1d3-0-0-b0.extxyz (10 frames) 
[mlip-eval] sevennet0 geom/zr_bcc_mattersim_q1d3-1d2-0-b0.extxyz (10 frames) 
[mlip-eval] sevennet0 geom/zr_bcc_mattersim_q1d3-1d2-1d6-b0.extxyz (10 frames) 
[mlip-eval] sevennet0 geom/zr_bcc_mattersim_q1d3-1d3-0-b0.extxyz (10 frames) 
[mlip-eval] sevennet0 geom/zr_bcc_mattersim_q1d3-1d3-1d3-b0.extxyz (10 frames) 
[mlip-eval] sevennet0 geom/zr_bcc_mattersim_q1d3-1d6-1d6-b0.extxyz (10 frames) 
[mlip-eval] sevennet0 geom/zr_bcc_mattersim_q1d3-2d3-0-b0.extxyz (10 frames) 
[mlip-eval] sevennet0 geom/zr_bcc_mattersim_q1d6-1d2-0-b0.extxyz (10 frames) 
[mlip-eval] sevennet0 geom/zr_bcc_mattersim_q1d6-1d2-1d6-b0.extxyz (10 frames) 
[mlip-eval] sevennet0 geom/zr_bcc_mattersim_q1d6-1d3-0-b0.extxyz (10 frames) 
[mlip-eval] sevennet0 geom/zr_bcc_mattersim_q1d6-1d3-1d3-b0.extxyz (10 frames) 
[mlip-eval] sevennet0 geom/zr_bcc_mattersim_q1d6-1d6-1d6-b0.extxyz (10 frames) 
[mlip-eval] sevennet0 geom/zr_bcc_mattersim_q2d3-0-0-b0.extxyz (10 frames) 
[mlip-eval] sevennet0 geom/zr_bcc_mattersim_q2d3-1d2-0-b0.extxyz (10 frames) 
[mlip-eval] sevennet0 geom/zr_bcc_mattersim_q2d3-1d2-5d6-b0.extxyz (10 frames) 
[mlip-eval] sevennet0 geom/zr_bcc_mattersim_q2d3-2d3-0-b0.extxyz (10 frames) 
[mlip-eval] sevennet0 geom/zr_bcc_mattersim_q2d3-2d3-2d3-b0.extxyz (10 frames) 
[mlip-eval] sevennet0 geom/zr_bcc_mattersim_q2d3-5d6-5d6-b0.extxyz (10 frames) 
[mlip-eval] sevennet0 geom/zr_bcc_mattersim_q5d6-1d2-0-b0.extxyz (10 frames) 
[mlip-eval] sevennet0 geom/zr_bcc_mattersim_q5d6-1d2-5d6-b0.extxyz (10 frames) 
[mlip-eval] sevennet0 geom/zr_bcc_mattersim_q5d6-2d3-0-b0.extxyz (10 frames) 
[mlip-eval] sevennet0 geom/zr_bcc_mattersim_q5d6-2d3-2d3-b0.extxyz (10 frames) 
[mlip-eval] sevennet0 geom/zr_bcc_orb_v2_q1d3-2d3-0-b0-refmattersim.extxyz (10 frames) 
[mlip-eval] sevennet0 geom/zr_bcc_sevennet0_q1d3-2d3-0-b0-refmattersim.extxyz (10 frames) max_abs_dE_vs_geom_meV=0.00763
[mlip-eval] sevennet0 geom/zro2_cubic_chgnet_q1d2-0-1d2-b0.extxyz (10 frames) 
[mlip-eval] sevennet0 geom/zro2_cubic_mace_mp0_q0-1d2-1d2-b0.extxyz (10 frames) 
[mlip-eval] sevennet0 geom/zro2_cubic_mattersim_q1d2-0-1d2-b0.extxyz (10 frames) 
[mlip-eval] sevennet0 geom/zro2_cubic_orb_v2_q0-0-1d2-b0.extxyz (10 frames) 
[mlip-eval] sevennet0 geom/zro2_cubic_orb_v2_q1d2-1d2-0-b0.extxyz (10 frames) 
[mlip-eval] sevennet0 geom/zro2_cubic_orb_v2_q1d2-1d2-1d2-b0.extxyz (10 frames) 
[mlip-eval] sevennet0 geom/zro2_cubic_sevennet0_q1d2-0-1d2-b0.extxyz (10 frames) max_abs_dE_vs_geom_meV=0.00763
[mlip-eval] sevennet0: 139 evaluated, 0 already current
===== /root/env-orb/bin/python -u scripts/dft_reference.py mlip-eval --model orb_v2 --device cuda Sun Sep 27 07:53:10 UTC 2026
/root/env-orb/lib/python3.12/site-packages/orb_models/common/training/util.py:20: UserWarning: Setting global torch default dtype to torch.float32.
  warnings.warn(f"Setting global torch default dtype to {torch_dtype}.")
[mlip-eval] orb_v2 geom/batio3_cubic_chgnet_q0-0-0-b0.extxyz (10 frames) 
[mlip-eval] orb_v2 geom/batio3_cubic_chgnet_q0-0-0-b1.extxyz (10 frames) 
[mlip-eval] orb_v2 geom/batio3_cubic_chgnet_q0-0-0-b2.extxyz (10 frames) 
[mlip-eval] orb_v2 geom/batio3_cubic_chgnet_q0-1d2-0-b0.extxyz (10 frames) 
[mlip-eval] orb_v2 geom/batio3_cubic_chgnet_q0-1d2-0-b1.extxyz (10 frames) 
[mlip-eval] orb_v2 geom/batio3_cubic_chgnet_q0-1d2-1d2-b0.extxyz (10 frames) 
[mlip-eval] orb_v2 geom/batio3_cubic_chgnet_q1d2-0-0-b0.extxyz (10 frames) 
[mlip-eval] orb_v2 geom/batio3_cubic_chgnet_q1d2-0-0-b1.extxyz (10 frames) 
[mlip-eval] orb_v2 geom/batio3_cubic_chgnet_q1d2-1d2-0-b0.extxyz (10 frames) 
[mlip-eval] orb_v2 geom/batio3_cubic_mace_mp0_q0-0-0-b0.extxyz (10 frames) 
[mlip-eval] orb_v2 geom/batio3_cubic_mace_mp0_q1d2-0-0-b0.extxyz (10 frames) 
[mlip-eval] orb_v2 geom/batio3_cubic_mace_mp0_q1d2-0-1d2-b0.extxyz (10 frames) 
[mlip-eval] orb_v2 geom/batio3_cubic_mattersim_q0-0-0-b0.extxyz (10 frames) 
[mlip-eval] orb_v2 geom/batio3_cubic_mattersim_q0-0-1d2-b0.extxyz (10 frames) 
[mlip-eval] orb_v2 geom/batio3_cubic_mattersim_q1d2-0-1d2-b0.extxyz (10 frames) 
[mlip-eval] orb_v2 geom/batio3_cubic_orb_v2_q0-0-0-b0.extxyz (10 frames) max_abs_dE_vs_geom_meV=0.241
[mlip-eval] orb_v2 geom/batio3_cubic_orb_v2_q0-0-0-b1.extxyz (10 frames) max_abs_dE_vs_geom_meV=0.0858
[mlip-eval] orb_v2 geom/batio3_cubic_orb_v2_q0-0-1d2-b0.extxyz (10 frames) max_abs_dE_vs_geom_meV=0.0763
[mlip-eval] orb_v2 geom/batio3_cubic_orb_v2_q0-0-1d2-b1.extxyz (10 frames) max_abs_dE_vs_geom_meV=0.113
[mlip-eval] orb_v2 geom/batio3_cubic_orb_v2_q0-1d2-0-b0.extxyz (10 frames) max_abs_dE_vs_geom_meV=0.126
[mlip-eval] orb_v2 geom/batio3_cubic_orb_v2_q0-1d2-0-b1.extxyz (10 frames) max_abs_dE_vs_geom_meV=0.248
[mlip-eval] orb_v2 geom/batio3_cubic_orb_v2_q0-1d2-1d2-b0.extxyz (10 frames) max_abs_dE_vs_geom_meV=0.221
[mlip-eval] orb_v2 geom/batio3_cubic_orb_v2_q1d2-0-0-b0.extxyz (10 frames) max_abs_dE_vs_geom_meV=0.648
[mlip-eval] orb_v2 geom/batio3_cubic_orb_v2_q1d2-0-0-b1.extxyz (10 frames) max_abs_dE_vs_geom_meV=0.792
[mlip-eval] orb_v2 geom/batio3_cubic_orb_v2_q1d2-0-1d2-b0.extxyz (10 frames) max_abs_dE_vs_geom_meV=0.206
[mlip-eval] orb_v2 geom/batio3_cubic_orb_v2_q1d2-1d2-0-b0.extxyz (10 frames) max_abs_dE_vs_geom_meV=0.134
[mlip-eval] orb_v2 geom/batio3_cubic_sevennet0_q0-0-0-b0.extxyz (10 frames) 
[mlip-eval] orb_v2 geom/batio3_cubic_sevennet0_q1d2-0-0-b0.extxyz (10 frames) 
[mlip-eval] orb_v2 geom/batio3_cubic_sevennet0_q1d2-0-1d2-b0.extxyz (10 frames) 
[mlip-eval] orb_v2 geom/cssnbr3_cubic_chgnet_q0-0-0-b0.extxyz (10 frames) 
[mlip-eval] orb_v2 geom/cssnbr3_cubic_chgnet_q0-0-0-b1.extxyz (10 frames) 
[mlip-eval] orb_v2 geom/cssnbr3_cubic_chgnet_q0-0-0-b3.extxyz (10 frames) 
[mlip-eval] orb_v2 geom/cssnbr3_cubic_chgnet_q0-0-0-b4.extxyz (10 frames) 
[mlip-eval] orb_v2 geom/cssnbr3_cubic_chgnet_q0-0-1d2-b0.extxyz (10 frames) 
[mlip-eval] orb_v2 geom/cssnbr3_cubic_chgnet_q0-0-1d2-b1.extxyz (10 frames) 
[mlip-eval] orb_v2 geom/cssnbr3_cubic_chgnet_q0-0-1d2-b2.extxyz (10 frames) 
[mlip-eval] orb_v2 geom/cssnbr3_cubic_chgnet_q0-0-1d2-b3.extxyz (10 frames) 
[mlip-eval] orb_v2 geom/cssnbr3_cubic_chgnet_q0-1d2-0-b4.extxyz (10 frames) 
[mlip-eval] orb_v2 geom/cssnbr3_cubic_chgnet_q0-1d2-1d2-b0.extxyz (10 frames) 
[mlip-eval] orb_v2 geom/cssnbr3_cubic_chgnet_q0-1d2-1d2-b1.extxyz (10 frames) 
[mlip-eval] orb_v2 geom/cssnbr3_cubic_chgnet_q0-1d2-1d2-b2.extxyz (10 frames) 
[mlip-eval] orb_v2 geom/cssnbr3_cubic_chgnet_q1d2-0-0-b0.extxyz (10 frames) 
[mlip-eval] orb_v2 geom/cssnbr3_cubic_chgnet_q1d2-0-0-b2.extxyz (10 frames) 
[mlip-eval] orb_v2 geom/cssnbr3_cubic_chgnet_q1d2-0-0-b4.extxyz (10 frames) 
[mlip-eval] orb_v2 geom/cssnbr3_cubic_chgnet_q1d2-0-1d2-b3.extxyz (10 frames) 
[mlip-eval] orb_v2 geom/cssnbr3_cubic_chgnet_q1d2-1d2-0-b0.extxyz (10 frames) 
[mlip-eval] orb_v2 geom/cssnbr3_cubic_chgnet_q1d2-1d2-0-b1.extxyz (10 frames) 
[mlip-eval] orb_v2 geom/cssnbr3_cubic_chgnet_q1d2-1d2-1d2-b0.extxyz (10 frames) 
[mlip-eval] orb_v2 geom/cssnbr3_cubic_chgnet_q1d2-1d2-1d2-b1.extxyz (10 frames) 
[mlip-eval] orb_v2 geom/cssnbr3_cubic_chgnet_q1d2-1d2-1d2-b2.extxyz (10 frames) 
[mlip-eval] orb_v2 geom/cssnbr3_cubic_chgnet_q1d2-1d2-1d2-b3.extxyz (10 frames) 
[mlip-eval] orb_v2 geom/cssnbr3_cubic_chgnet_q1d2-1d2-1d2-b4.extxyz (10 frames) 
[mlip-eval] orb_v2 geom/cssnbr3_cubic_chgnet_q1d2-1d2-1d2-b5.extxyz (10 frames) 
[mlip-eval] orb_v2 geom/cssnbr3_cubic_mace_mp0_q1d2-1d2-0-b0.extxyz (10 frames) 
[mlip-eval] orb_v2 geom/cssnbr3_cubic_mace_mp0_q1d2-1d2-1d2-b0.extxyz (10 frames) 
[mlip-eval] orb_v2 geom/cssnbr3_cubic_mattersim_q0-0-0-b0.extxyz (10 frames) 
[mlip-eval] orb_v2 geom/cssnbr3_cubic_mattersim_q0-1d2-1d2-b0.extxyz (10 frames) 
[mlip-eval] orb_v2 geom/cssnbr3_cubic_mattersim_q1d2-0-0-b0.extxyz (10 frames) 
[mlip-eval] orb_v2 geom/cssnbr3_cubic_mattersim_q1d2-0-1d2-b1.extxyz (10 frames) 
[mlip-eval] orb_v2 geom/cssnbr3_cubic_mattersim_q1d2-1d2-0-b2.extxyz (10 frames) 
[mlip-eval] orb_v2 geom/cssnbr3_cubic_mattersim_q1d2-1d2-1d2-b0.extxyz (10 frames) 
[mlip-eval] orb_v2 geom/cssnbr3_cubic_mattersim_q1d2-1d2-1d2-b3.extxyz (10 frames) 
[mlip-eval] orb_v2 geom/cssnbr3_cubic_orb_v2_q0-1d2-1d2-b0.extxyz (10 frames) max_abs_dE_vs_geom_meV=0.168
[mlip-eval] orb_v2 geom/cssnbr3_cubic_orb_v2_q1d2-0-1d2-b0.extxyz (10 frames) max_abs_dE_vs_geom_meV=0.0572
[mlip-eval] orb_v2 geom/cssnbr3_cubic_orb_v2_q1d2-1d2-0-b0.extxyz (10 frames) max_abs_dE_vs_geom_meV=0.107
[mlip-eval] orb_v2 geom/cssnbr3_cubic_orb_v2_q1d2-1d2-1d2-b0.extxyz (10 frames) max_abs_dE_vs_geom_meV=0.114
[mlip-eval] orb_v2 geom/cssnbr3_cubic_orb_v2_q1d2-1d2-1d2-b1.extxyz (10 frames) max_abs_dE_vs_geom_meV=0.267
[mlip-eval] orb_v2 geom/cssnbr3_cubic_orb_v2_q1d2-1d2-1d2-b2.extxyz (10 frames) max_abs_dE_vs_geom_meV=0.16
[mlip-eval] orb_v2 geom/cssnbr3_cubic_sevennet0_q0-1d2-1d2-b0.extxyz (10 frames) 
[mlip-eval] orb_v2 geom/cssnbr3_cubic_sevennet0_q1d2-1d2-1d2-b0.extxyz (10 frames) 
[mlip-eval] orb_v2 geom/knbo3_cubic_chgnet_q0-0-0-b0.extxyz (10 frames) 
[mlip-eval] orb_v2 geom/knbo3_cubic_mace_mp0_q0-0-0-b0.extxyz (10 frames) 
[mlip-eval] orb_v2 geom/knbo3_cubic_mace_mp0_q0-0-1d2-b0.extxyz (10 frames) 
[mlip-eval] orb_v2 geom/knbo3_cubic_mace_mp0_q0-1d2-1d2-b0.extxyz (10 frames) 
[mlip-eval] orb_v2 geom/knbo3_cubic_mattersim_q0-0-0-b0.extxyz (10 frames) 
[mlip-eval] orb_v2 geom/knbo3_cubic_mattersim_q0-0-1d2-b0.extxyz (10 frames) 
[mlip-eval] orb_v2 geom/knbo3_cubic_mattersim_q0-1d2-1d2-b0.extxyz (10 frames) 
[mlip-eval] orb_v2 geom/knbo3_cubic_orb_v2_q0-0-0-b0.extxyz (10 frames) max_abs_dE_vs_geom_meV=0.216
[mlip-eval] orb_v2 geom/knbo3_cubic_orb_v2_q0-0-0-b1.extxyz (10 frames) max_abs_dE_vs_geom_meV=0.0783
[mlip-eval] orb_v2 geom/knbo3_cubic_orb_v2_q0-0-0-b2.extxyz (10 frames) max_abs_dE_vs_geom_meV=0.23
[mlip-eval] orb_v2 geom/knbo3_cubic_orb_v2_q0-0-1d2-b0.extxyz (10 frames) max_abs_dE_vs_geom_meV=0.256
[mlip-eval] orb_v2 geom/knbo3_cubic_orb_v2_q0-0-1d2-b1.extxyz (10 frames) max_abs_dE_vs_geom_meV=0.189
[mlip-eval] orb_v2 geom/knbo3_cubic_orb_v2_q0-1d2-0-b0.extxyz (10 frames) max_abs_dE_vs_geom_meV=0.247
[mlip-eval] orb_v2 geom/knbo3_cubic_orb_v2_q0-1d2-0-b1.extxyz (10 frames) max_abs_dE_vs_geom_meV=0.126
[mlip-eval] orb_v2 geom/knbo3_cubic_orb_v2_q0-1d2-1d2-b0.extxyz (10 frames) max_abs_dE_vs_geom_meV=0.223
[mlip-eval] orb_v2 geom/knbo3_cubic_orb_v2_q1d2-0-0-b0.extxyz (10 frames) max_abs_dE_vs_geom_meV=0.113
[mlip-eval] orb_v2 geom/knbo3_cubic_orb_v2_q1d2-0-0-b1.extxyz (10 frames) max_abs_dE_vs_geom_meV=0.261
[mlip-eval] orb_v2 geom/knbo3_cubic_orb_v2_q1d2-0-1d2-b0.extxyz (10 frames) max_abs_dE_vs_geom_meV=0.383
[mlip-eval] orb_v2 geom/knbo3_cubic_orb_v2_q1d2-1d2-0-b0.extxyz (10 frames) max_abs_dE_vs_geom_meV=0.23
[mlip-eval] orb_v2 geom/knbo3_cubic_sevennet0_q0-0-0-b0.extxyz (10 frames) 
[mlip-eval] orb_v2 geom/knbo3_cubic_sevennet0_q0-0-1d2-b0.extxyz (10 frames) 
[mlip-eval] orb_v2 geom/knbo3_cubic_sevennet0_q0-1d2-1d2-b0.extxyz (10 frames) 
[mlip-eval] orb_v2 geom/srtio3_cubic_chgnet_q0-0-0-b0.extxyz (10 frames) 
[mlip-eval] orb_v2 geom/srtio3_cubic_chgnet_q0-0-1d2-b0.extxyz (10 frames) 
[mlip-eval] orb_v2 geom/srtio3_cubic_chgnet_q1d2-1d2-1d2-b0.extxyz (10 frames) 
[mlip-eval] orb_v2 geom/srtio3_cubic_mace_mp0_q0-0-0-b0.extxyz (10 frames) 
[mlip-eval] orb_v2 geom/srtio3_cubic_mace_mp0_q0-1d2-1d2-b0.extxyz (10 frames) 
[mlip-eval] orb_v2 geom/srtio3_cubic_mace_mp0_q1d2-1d2-1d2-b0.extxyz (10 frames) 
[mlip-eval] orb_v2 geom/srtio3_cubic_mattersim_q0-0-0-b0.extxyz (10 frames) 
[mlip-eval] orb_v2 geom/srtio3_cubic_mattersim_q1d2-1d2-1d2-b0.extxyz (10 frames) 
[mlip-eval] orb_v2 geom/srtio3_cubic_orb_v2_q1d2-1d2-1d2-b0-refmattersim.extxyz (10 frames) max_abs_dE_vs_geom_meV=0.175
[mlip-eval] orb_v2 geom/srtio3_cubic_sevennet0_q0-0-0-b0.extxyz (10 frames) 
[mlip-eval] orb_v2 geom/srtio3_cubic_sevennet0_q1d2-0-1d2-b0.extxyz (10 frames) 
[mlip-eval] orb_v2 geom/srtio3_cubic_sevennet0_q1d2-1d2-1d2-b0.extxyz (10 frames) 
[mlip-eval] orb_v2 geom/zr_bcc_chgnet_q1d3-2d3-0-b0-refmattersim.extxyz (10 frames) 
[mlip-eval] orb_v2 geom/zr_bcc_mace_mp0_q1d3-2d3-0-b0-refmattersim.extxyz (10 frames) 
[mlip-eval] orb_v2 geom/zr_bcc_mattersim_q1d2-0-0-b0.extxyz (10 frames) 
[mlip-eval] orb_v2 geom/zr_bcc_mattersim_q1d2-1d2-0-b0.extxyz (10 frames) 
[mlip-eval] orb_v2 geom/zr_bcc_mattersim_q1d3-0-0-b0.extxyz (10 frames) 
[mlip-eval] orb_v2 geom/zr_bcc_mattersim_q1d3-1d2-0-b0.extxyz (10 frames) 
[mlip-eval] orb_v2 geom/zr_bcc_mattersim_q1d3-1d2-1d6-b0.extxyz (10 frames) 
[mlip-eval] orb_v2 geom/zr_bcc_mattersim_q1d3-1d3-0-b0.extxyz (10 frames) 
[mlip-eval] orb_v2 geom/zr_bcc_mattersim_q1d3-1d3-1d3-b0.extxyz (10 frames) 
[mlip-eval] orb_v2 geom/zr_bcc_mattersim_q1d3-1d6-1d6-b0.extxyz (10 frames) 
[mlip-eval] orb_v2 geom/zr_bcc_mattersim_q1d3-2d3-0-b0.extxyz (10 frames) 
[mlip-eval] orb_v2 geom/zr_bcc_mattersim_q1d6-1d2-0-b0.extxyz (10 frames) 
[mlip-eval] orb_v2 geom/zr_bcc_mattersim_q1d6-1d2-1d6-b0.extxyz (10 frames) 
[mlip-eval] orb_v2 geom/zr_bcc_mattersim_q1d6-1d3-0-b0.extxyz (10 frames) 
[mlip-eval] orb_v2 geom/zr_bcc_mattersim_q1d6-1d3-1d3-b0.extxyz (10 frames) 
[mlip-eval] orb_v2 geom/zr_bcc_mattersim_q1d6-1d6-1d6-b0.extxyz (10 frames) 
[mlip-eval] orb_v2 geom/zr_bcc_mattersim_q2d3-0-0-b0.extxyz (10 frames) 
[mlip-eval] orb_v2 geom/zr_bcc_mattersim_q2d3-1d2-0-b0.extxyz (10 frames) 
[mlip-eval] orb_v2 geom/zr_bcc_mattersim_q2d3-1d2-5d6-b0.extxyz (10 frames) 
[mlip-eval] orb_v2 geom/zr_bcc_mattersim_q2d3-2d3-0-b0.extxyz (10 frames) 
[mlip-eval] orb_v2 geom/zr_bcc_mattersim_q2d3-2d3-2d3-b0.extxyz (10 frames) 
[mlip-eval] orb_v2 geom/zr_bcc_mattersim_q2d3-5d6-5d6-b0.extxyz (10 frames) 
[mlip-eval] orb_v2 geom/zr_bcc_mattersim_q5d6-1d2-0-b0.extxyz (10 frames) 
[mlip-eval] orb_v2 geom/zr_bcc_mattersim_q5d6-1d2-5d6-b0.extxyz (10 frames) 
[mlip-eval] orb_v2 geom/zr_bcc_mattersim_q5d6-2d3-0-b0.extxyz (10 frames) 
[mlip-eval] orb_v2 geom/zr_bcc_mattersim_q5d6-2d3-2d3-b0.extxyz (10 frames) 
[mlip-eval] orb_v2 geom/zr_bcc_orb_v2_q1d3-2d3-0-b0-refmattersim.extxyz (10 frames) max_abs_dE_vs_geom_meV=0.122
[mlip-eval] orb_v2 geom/zr_bcc_sevennet0_q1d3-2d3-0-b0-refmattersim.extxyz (10 frames) 
[mlip-eval] orb_v2 geom/zro2_cubic_chgnet_q1d2-0-1d2-b0.extxyz (10 frames) 
[mlip-eval] orb_v2 geom/zro2_cubic_mace_mp0_q0-1d2-1d2-b0.extxyz (10 frames) 
[mlip-eval] orb_v2 geom/zro2_cubic_mattersim_q1d2-0-1d2-b0.extxyz (10 frames) 
[mlip-eval] orb_v2 geom/zro2_cubic_orb_v2_q0-0-1d2-b0.extxyz (10 frames) max_abs_dE_vs_geom_meV=0.0782
[mlip-eval] orb_v2 geom/zro2_cubic_orb_v2_q1d2-1d2-0-b0.extxyz (10 frames) max_abs_dE_vs_geom_meV=0.195
[mlip-eval] orb_v2 geom/zro2_cubic_orb_v2_q1d2-1d2-1d2-b0.extxyz (10 frames) max_abs_dE_vs_geom_meV=0.385
[mlip-eval] orb_v2 geom/zro2_cubic_sevennet0_q1d2-0-1d2-b0.extxyz (10 frames) 
[mlip-eval] orb_v2: 139 evaluated, 0 already current
===== /root/env-mace/bin/python -u scripts/dft_reference.py qe-inputs --sssp-dir /root/sssp --sssp-json /root/sssp/SSSP_1.3.0_PBE_efficiency.json --kspacing-insulator 0.25 --kspacing-metal 0.15 Sun Sep 27 07:53:44 UTC 2026
[qe-inputs] reduced cell batio3_cubic_mace_mp0_q1d2-0-1d2-b0: 20 -> 10 atoms, modelled cost x0.22
[qe-inputs] reduced cell batio3_cubic_orb_v2_q1d2-1d2-0-b0: 20 -> 10 atoms, modelled cost x0.33
[qe-inputs] reduced cell batio3_cubic_sevennet0_q1d2-0-1d2-b0: 20 -> 10 atoms, modelled cost x0.22
[qe-inputs] reduced cell cssnbr3_cubic_chgnet_q1d2-1d2-1d2-b0: 40 -> 10 atoms, modelled cost x0.14
[qe-inputs] reduced cell cssnbr3_cubic_mace_mp0_q1d2-1d2-0-b0: 20 -> 10 atoms, modelled cost x0.44
[qe-inputs] reduced cell cssnbr3_cubic_mace_mp0_q1d2-1d2-1d2-b0: 40 -> 10 atoms, modelled cost x0.12
[qe-inputs] reduced cell cssnbr3_cubic_mattersim_q0-1d2-1d2-b0: 20 -> 10 atoms, modelled cost x0.44
[qe-inputs] reduced cell cssnbr3_cubic_mattersim_q1d2-1d2-1d2-b0: 40 -> 10 atoms, modelled cost x0.12
[qe-inputs] reduced cell cssnbr3_cubic_orb_v2_q1d2-1d2-1d2-b2: 40 -> 10 atoms, modelled cost x0.14
[qe-inputs] reduced cell cssnbr3_cubic_sevennet0_q1d2-1d2-1d2-b0: 40 -> 10 atoms, modelled cost x0.12
[qe-inputs] reduced cell knbo3_cubic_mace_mp0_q0-1d2-1d2-b0: 20 -> 10 atoms, modelled cost x0.22
[qe-inputs] reduced cell knbo3_cubic_mattersim_q0-1d2-1d2-b0: 20 -> 10 atoms, modelled cost x0.22
[qe-inputs] reduced cell knbo3_cubic_orb_v2_q1d2-1d2-0-b0: 20 -> 10 atoms, modelled cost x0.33
[qe-inputs] reduced cell knbo3_cubic_sevennet0_q0-1d2-1d2-b0: 20 -> 10 atoms, modelled cost x0.22
[qe-inputs] reduced cell srtio3_cubic_mace_mp0_q1d2-1d2-1d2-b0: 40 -> 10 atoms, modelled cost x0.15
[qe-inputs] reduced cell srtio3_cubic_sevennet0_q1d2-1d2-1d2-b0: 40 -> 10 atoms, modelled cost x0.15
[qe-inputs] reduced cell zr_bcc_chgnet_q1d3-2d3-0-b0-refmattersim: 9 -> 3 atoms, modelled cost x0.25
[qe-inputs] reduced cell zr_bcc_mace_mp0_q1d3-2d3-0-b0-refmattersim: 9 -> 3 atoms, modelled cost x0.25
[qe-inputs] reduced cell zr_bcc_mattersim_q1d3-2d3-0-b0: 9 -> 3 atoms, modelled cost x0.25
[qe-inputs] reduced cell zr_bcc_mattersim_q1d2-1d2-0-b0: 4 -> 2 atoms, modelled cost x0.18
[qe-inputs] reduced cell zr_bcc_mattersim_q1d3-1d3-0-b0: 9 -> 3 atoms, modelled cost x0.08
[qe-inputs] reduced cell zr_bcc_mattersim_q1d6-1d2-0-b0: 12 -> 6 atoms, modelled cost x0.32
[qe-inputs] reduced cell zr_bcc_orb_v2_q1d3-2d3-0-b0-refmattersim: 9 -> 3 atoms, modelled cost x0.20
[qe-inputs] reduced cell zr_bcc_sevennet0_q1d3-2d3-0-b0-refmattersim: 9 -> 3 atoms, modelled cost x0.25
[qe-inputs] reduced cell zro2_cubic_chgnet_q1d2-0-1d2-b0: 12 -> 6 atoms, modelled cost x0.09
[qe-inputs] reduced cell zro2_cubic_mace_mp0_q0-1d2-1d2-b0: 12 -> 6 atoms, modelled cost x0.09
[qe-inputs] reduced cell zro2_cubic_mattersim_q1d2-0-1d2-b0: 12 -> 6 atoms, modelled cost x0.09
[qe-inputs] reduced cell zro2_cubic_orb_v2_q1d2-1d2-1d2-b0: 24 -> 6 atoms, modelled cost x0.09
[qe-inputs] reduced cell zro2_cubic_sevennet0_q1d2-0-1d2-b0: 12 -> 6 atoms, modelled cost x0.09
[qe-inputs] jobs: 913 written, 0 unchanged, 17 identical structures attached to an existing job, 0 refused
[qe-inputs] a_*: 380 jobs, <= 40 atoms, modelled 435 core-h (558 with no symmetry), c0 = 8.0 core-s/k-point (ASSUMED)
[qe-inputs] ax_*: 533 jobs, <= 12 atoms, modelled 323 core-h (360 with no symmetry), c0 = 8.0 core-s/k-point (ASSUMED)
[qe-inputs] 93 paths -> pw.x inputs; 46 modes left out (cap 12 atoms or symmetry copies)
[qe-inputs] WARNING: UPF files not found in /root/sssp: ['Ba.pbe-spn-kjpaw_psl.1.0.0.UPF', 'Cs_pbe_v1.uspp.F.UPF', 'K.pbe-spn-kjpaw_psl.1.0.0.UPF', 'Nb.pbe-spn-kjpaw_psl.0.3.0.UPF', 'O.pbe-n-kjpaw_psl.0.1.UPF', 'Sn_pbe_v1.uspp.F.UPF'] ... (the queue checks again before running)
914
C3A_INPUTS_DONE Sun Sep 27 07:54:02 UTC 2026
root:   /root/mlip-dynamic-stability/results/revision/dft/qe
cores:  61 (cgroup quota); 4 concurrent jobs x 8 ranks, auto pools
jobs:   380 matched, 0 done (0 scf-not-converged), 380 to run
pw.x:   /root/qe/bin/pw.x   mpirun: /root/qe/bin/mpirun
pseudo: /root/sssp/upf
2026-09-27T07:54:06Z QUEUE start: 380 jobs, 4 x 8 ranks on 61 cores (cgroup quota)
2026-09-27T07:54:06Z START a_zr_bcc_orb_v2_q1d3-2d3-0-b0-refmattersim_i00 nat=3 kpts=1350 np=8 nk_pools=8
2026-09-27T07:54:06Z START a_zr_bcc_orb_v2_q1d3-2d3-0-b0-refmattersim_i01 nat=3 kpts=1350 np=8 nk_pools=8
2026-09-27T07:54:06Z START a_zr_bcc_orb_v2_q1d3-2d3-0-b0-refmattersim_i02 nat=3 kpts=1350 np=8 nk_pools=8
2026-09-27T07:54:06Z START a_zr_bcc_orb_v2_q1d3-2d3-0-b0-refmattersim_i03 nat=3 kpts=1350 np=8 nk_pools=8
2026-09-27T07:54:50Z END   a_zr_bcc_orb_v2_q1d3-2d3-0-b0-refmattersim_i01 status=ok wall=44s
2026-09-27T07:54:50Z START a_zr_bcc_orb_v2_q1d3-2d3-0-b0-refmattersim_i04 nat=3 kpts=1350 np=8 nk_pools=8
2026-09-27T07:54:51Z END   a_zr_bcc_orb_v2_q1d3-2d3-0-b0-refmattersim_i00 status=ok wall=45s
2026-09-27T07:54:51Z START a_zr_bcc_orb_v2_q1d3-2d3-0-b0-refmattersim_i05 nat=3 kpts=1350 np=8 nk_pools=8
2026-09-27T07:54:52Z END   a_zr_bcc_orb_v2_q1d3-2d3-0-b0-refmattersim_i02 status=ok wall=46s
2026-09-27T07:54:52Z START a_zr_bcc_orb_v2_q1d3-2d3-0-b0-refmattersim_i06 nat=3 kpts=1350 np=8 nk_pools=8
2026-09-27T07:54:55Z END   a_zr_bcc_orb_v2_q1d3-2d3-0-b0-refmattersim_i03 status=ok wall=49s
2026-09-27T07:54:55Z START a_zr_bcc_orb_v2_q1d3-2d3-0-b0-refmattersim_i07 nat=3 kpts=1350 np=8 nk_pools=8
2026-09-27T07:55:47Z END   a_zr_bcc_orb_v2_q1d3-2d3-0-b0-refmattersim_i04 status=ok wall=57s
2026-09-27T07:55:47Z START a_zr_bcc_orb_v2_q1d3-2d3-0-b0-refmattersim_i08 nat=3 kpts=1350 np=8 nk_pools=8
2026-09-27T07:55:48Z END   a_zr_bcc_orb_v2_q1d3-2d3-0-b0-refmattersim_i06 status=ok wall=56s
2026-09-27T07:55:48Z START a_zr_bcc_orb_v2_q1d3-2d3-0-b0-refmattersim_i09 nat=3 kpts=1350 np=8 nk_pools=8
2026-09-27T07:55:52Z END   a_zr_bcc_orb_v2_q1d3-2d3-0-b0-refmattersim_i05 status=ok wall=61s
2026-09-27T07:55:52Z START a_zr_bcc_chgnet_q1d3-2d3-0-b0-refmattersim_i00 nat=3 kpts=3375 np=8 nk_pools=8
2026-09-27T07:55:59Z END   a_zr_bcc_orb_v2_q1d3-2d3-0-b0-refmattersim_i07 status=ok wall=64s
2026-09-27T07:55:59Z START a_zr_bcc_chgnet_q1d3-2d3-0-b0-refmattersim_i01 nat=3 kpts=3375 np=8 nk_pools=8
2026-09-27T07:56:41Z END   a_zr_bcc_orb_v2_q1d3-2d3-0-b0-refmattersim_i08 status=ok wall=54s
2026-09-27T07:56:41Z START a_zr_bcc_chgnet_q1d3-2d3-0-b0-refmattersim_i02 nat=3 kpts=3375 np=8 nk_pools=8
2026-09-27T07:56:41Z END   a_zr_bcc_orb_v2_q1d3-2d3-0-b0-refmattersim_i09 status=ok wall=53s
2026-09-27T07:56:41Z START a_zr_bcc_chgnet_q1d3-2d3-0-b0-refmattersim_i03 nat=3 kpts=3375 np=8 nk_pools=8
2026-09-27T07:57:07Z END   a_zr_bcc_chgnet_q1d3-2d3-0-b0-refmattersim_i00 status=ok wall=75s
2026-09-27T07:57:07Z START a_zr_bcc_chgnet_q1d3-2d3-0-b0-refmattersim_i04 nat=3 kpts=3375 np=8 nk_pools=8
2026-09-27T07:57:15Z END   a_zr_bcc_chgnet_q1d3-2d3-0-b0-refmattersim_i01 status=ok wall=76s
2026-09-27T07:57:15Z START a_zr_bcc_chgnet_q1d3-2d3-0-b0-refmattersim_i05 nat=3 kpts=3375 np=8 nk_pools=8
2026-09-27T07:57:56Z END   a_zr_bcc_chgnet_q1d3-2d3-0-b0-refmattersim_i02 status=ok wall=75s
2026-09-27T07:57:56Z START a_zr_bcc_chgnet_q1d3-2d3-0-b0-refmattersim_i06 nat=3 kpts=3375 np=8 nk_pools=8
2026-09-27T07:58:09Z END   a_zr_bcc_chgnet_q1d3-2d3-0-b0-refmattersim_i03 status=ok wall=88s
2026-09-27T07:58:09Z START a_zr_bcc_chgnet_q1d3-2d3-0-b0-refmattersim_i07 nat=3 kpts=3375 np=8 nk_pools=8
2026-09-27T07:58:29Z END   a_zr_bcc_chgnet_q1d3-2d3-0-b0-refmattersim_i04 status=ok wall=82s
2026-09-27T07:58:29Z START a_zr_bcc_chgnet_q1d3-2d3-0-b0-refmattersim_i08 nat=3 kpts=3375 np=8 nk_pools=8
2026-09-27T07:58:30Z END   a_zr_bcc_chgnet_q1d3-2d3-0-b0-refmattersim_i05 status=ok wall=75s
2026-09-27T07:58:30Z START a_zr_bcc_chgnet_q1d3-2d3-0-b0-refmattersim_i09 nat=3 kpts=3375 np=8 nk_pools=8
2026-09-27T07:59:18Z END   a_zr_bcc_chgnet_q1d3-2d3-0-b0-refmattersim_i06 status=ok wall=82s
2026-09-27T07:59:18Z START a_zr_bcc_mace_mp0_q1d3-2d3-0-b0-refmattersim_i00 nat=3 kpts=3375 np=8 nk_pools=8
2026-09-27T07:59:40Z END   a_zr_bcc_chgnet_q1d3-2d3-0-b0-refmattersim_i07 status=ok wall=91s
2026-09-27T07:59:40Z START a_zr_bcc_mace_mp0_q1d3-2d3-0-b0-refmattersim_i01 nat=3 kpts=3375 np=8 nk_pools=8
2026-09-27T07:59:51Z END   a_zr_bcc_chgnet_q1d3-2d3-0-b0-refmattersim_i09 status=ok wall=81s
2026-09-27T07:59:51Z START a_zr_bcc_mace_mp0_q1d3-2d3-0-b0-refmattersim_i02 nat=3 kpts=3375 np=8 nk_pools=8
2026-09-27T07:59:55Z END   a_zr_bcc_chgnet_q1d3-2d3-0-b0-refmattersim_i08 status=ok wall=86s
2026-09-27T07:59:55Z START a_zr_bcc_mace_mp0_q1d3-2d3-0-b0-refmattersim_i03 nat=3 kpts=3375 np=8 nk_pools=8
2026-09-27T08:00:32Z END   a_zr_bcc_mace_mp0_q1d3-2d3-0-b0-refmattersim_i00 status=ok wall=74s
2026-09-27T08:00:32Z START a_zr_bcc_mace_mp0_q1d3-2d3-0-b0-refmattersim_i04 nat=3 kpts=3375 np=8 nk_pools=8
2026-09-27T08:00:56Z END   a_zr_bcc_mace_mp0_q1d3-2d3-0-b0-refmattersim_i01 status=ok wall=76s
2026-09-27T08:00:56Z START a_zr_bcc_mace_mp0_q1d3-2d3-0-b0-refmattersim_i05 nat=3 kpts=3375 np=8 nk_pools=8
2026-09-27T08:01:05Z END   a_zr_bcc_mace_mp0_q1d3-2d3-0-b0-refmattersim_i02 status=ok wall=74s
2026-09-27T08:01:05Z START a_zr_bcc_mace_mp0_q1d3-2d3-0-b0-refmattersim_i06 nat=3 kpts=3375 np=8 nk_pools=8
2026-09-27T08:01:22Z END   a_zr_bcc_mace_mp0_q1d3-2d3-0-b0-refmattersim_i03 status=ok wall=87s
2026-09-27T08:01:22Z START a_zr_bcc_mace_mp0_q1d3-2d3-0-b0-refmattersim_i07 nat=3 kpts=3375 np=8 nk_pools=8
2026-09-27T08:01:56Z END   a_zr_bcc_mace_mp0_q1d3-2d3-0-b0-refmattersim_i04 status=ok wall=84s
2026-09-27T08:01:56Z START a_zr_bcc_mace_mp0_q1d3-2d3-0-b0-refmattersim_i08 nat=3 kpts=3375 np=8 nk_pools=8
2026-09-27T08:02:23Z END   a_zr_bcc_mace_mp0_q1d3-2d3-0-b0-refmattersim_i05 status=ok wall=87s
2026-09-27T08:02:23Z START a_zr_bcc_mace_mp0_q1d3-2d3-0-b0-refmattersim_i09 nat=3 kpts=3375 np=8 nk_pools=8
2026-09-27T08:02:35Z END   a_zr_bcc_mace_mp0_q1d3-2d3-0-b0-refmattersim_i06 status=ok wall=90s
2026-09-27T08:02:35Z START a_zr_bcc_mattersim_q1d3-2d3-0-b0_i00 nat=3 kpts=3375 np=8 nk_pools=8
2026-09-27T08:02:44Z END   a_zr_bcc_mace_mp0_q1d3-2d3-0-b0-refmattersim_i07 status=ok wall=82s
2026-09-27T08:02:44Z START a_zr_bcc_mattersim_q1d3-2d3-0-b0_i01 nat=3 kpts=3375 np=8 nk_pools=8
2026-09-27T08:03:25Z END   a_zr_bcc_mace_mp0_q1d3-2d3-0-b0-refmattersim_i08 status=ok wall=89s
2026-09-27T08:03:25Z START a_zr_bcc_mattersim_q1d3-2d3-0-b0_i02 nat=3 kpts=3375 np=8 nk_pools=8
2026-09-27T08:03:48Z END   a_zr_bcc_mace_mp0_q1d3-2d3-0-b0-refmattersim_i09 status=ok wall=85s
2026-09-27T08:03:48Z START a_zr_bcc_mattersim_q1d3-2d3-0-b0_i03 nat=3 kpts=3375 np=8 nk_pools=8
2026-09-27T08:03:49Z END   a_zr_bcc_mattersim_q1d3-2d3-0-b0_i00 status=ok wall=74s
2026-09-27T08:03:49Z START a_zr_bcc_mattersim_q1d3-2d3-0-b0_i04 nat=3 kpts=3375 np=8 nk_pools=8
2026-09-27T08:04:04Z END   a_zr_bcc_mattersim_q1d3-2d3-0-b0_i01 status=ok wall=80s
2026-09-27T08:04:04Z START a_zr_bcc_mattersim_q1d3-2d3-0-b0_i05 nat=3 kpts=3375 np=8 nk_pools=8
2026-09-27T08:04:38Z END   a_zr_bcc_mattersim_q1d3-2d3-0-b0_i02 status=ok wall=73s
2026-09-27T08:04:38Z START a_zr_bcc_mattersim_q1d3-2d3-0-b0_i06 nat=3 kpts=3375 np=8 nk_pools=8
2026-09-27T08:05:13Z END   a_zr_bcc_mattersim_q1d3-2d3-0-b0_i04 status=ok wall=84s
2026-09-27T08:05:13Z START a_zr_bcc_mattersim_q1d3-2d3-0-b0_i07 nat=3 kpts=3375 np=8 nk_pools=8
2026-09-27T08:05:15Z END   a_zr_bcc_mattersim_q1d3-2d3-0-b0_i03 status=ok wall=87s
2026-09-27T08:05:15Z START a_zr_bcc_mattersim_q1d3-2d3-0-b0_i08 nat=3 kpts=3375 np=8 nk_pools=8
2026-09-27T08:05:20Z END   a_zr_bcc_mattersim_q1d3-2d3-0-b0_i05 status=ok wall=76s
2026-09-27T08:05:20Z START a_zr_bcc_mattersim_q1d3-2d3-0-b0_i09 nat=3 kpts=3375 np=8 nk_pools=8
2026-09-27T08:05:59Z END   a_zr_bcc_mattersim_q1d3-2d3-0-b0_i06 status=ok wall=81s
2026-09-27T08:05:59Z START a_zr_bcc_sevennet0_q1d3-2d3-0-b0-refmattersim_i00 nat=3 kpts=3375 np=8 nk_pools=8
2026-09-27T08:06:37Z END   a_zr_bcc_mattersim_q1d3-2d3-0-b0_i07 status=ok wall=84s
2026-09-27T08:06:37Z START a_zr_bcc_sevennet0_q1d3-2d3-0-b0-refmattersim_i01 nat=3 kpts=3375 np=8 nk_pools=8
2026-09-27T08:06:42Z END   a_zr_bcc_mattersim_q1d3-2d3-0-b0_i08 status=ok wall=87s
2026-09-27T08:06:42Z START a_zr_bcc_sevennet0_q1d3-2d3-0-b0-refmattersim_i02 nat=3 kpts=3375 np=8 nk_pools=8
2026-09-27T08:06:43Z END   a_zr_bcc_mattersim_q1d3-2d3-0-b0_i09 status=ok wall=83s
2026-09-27T08:06:43Z START a_zr_bcc_sevennet0_q1d3-2d3-0-b0-refmattersim_i03 nat=3 kpts=3375 np=8 nk_pools=8
2026-09-27T08:07:13Z END   a_zr_bcc_sevennet0_q1d3-2d3-0-b0-refmattersim_i00 status=ok wall=74s
2026-09-27T08:07:13Z START a_zr_bcc_sevennet0_q1d3-2d3-0-b0-refmattersim_i04 nat=3 kpts=3375 np=8 nk_pools=8
2026-09-27T08:07:53Z END   a_zr_bcc_sevennet0_q1d3-2d3-0-b0-refmattersim_i01 status=ok wall=76s
2026-09-27T08:07:53Z START a_zr_bcc_sevennet0_q1d3-2d3-0-b0-refmattersim_i05 nat=3 kpts=3375 np=8 nk_pools=8
2026-09-27T08:07:56Z END   a_zr_bcc_sevennet0_q1d3-2d3-0-b0-refmattersim_i02 status=ok wall=74s
2026-09-27T08:07:56Z START a_zr_bcc_sevennet0_q1d3-2d3-0-b0-refmattersim_i06 nat=3 kpts=3375 np=8 nk_pools=8
2026-09-27T08:08:09Z END   a_zr_bcc_sevennet0_q1d3-2d3-0-b0-refmattersim_i03 status=ok wall=86s
2026-09-27T08:08:09Z START a_zr_bcc_sevennet0_q1d3-2d3-0-b0-refmattersim_i07 nat=3 kpts=3375 np=8 nk_pools=8
2026-09-27T08:08:35Z END   a_zr_bcc_sevennet0_q1d3-2d3-0-b0-refmattersim_i04 status=ok wall=82s
2026-09-27T08:08:35Z START a_zr_bcc_sevennet0_q1d3-2d3-0-b0-refmattersim_i08 nat=3 kpts=3375 np=8 nk_pools=8
2026-09-27T08:09:04Z END   a_zr_bcc_sevennet0_q1d3-2d3-0-b0-refmattersim_i05 status=ok wall=71s
2026-09-27T08:09:04Z START a_zr_bcc_sevennet0_q1d3-2d3-0-b0-refmattersim_i09 nat=3 kpts=3375 np=8 nk_pools=8
2026-09-27T08:09:24Z END   a_zr_bcc_sevennet0_q1d3-2d3-0-b0-refmattersim_i06 status=ok wall=88s
2026-09-27T08:09:24Z START a_batio3_cubic_chgnet_q0-0-0-b0_i00 nat=5 kpts=343 np=8 nk_pools=8
2026-09-27T08:09:26Z END   a_batio3_cubic_chgnet_q0-0-0-b0_i00 status=failed(rc=1) wall=2s
2026-09-27T08:09:26Z START a_batio3_cubic_chgnet_q0-0-0-b0_i01 nat=5 kpts=343 np=8 nk_pools=8
2026-09-27T08:09:28Z END   a_zr_bcc_sevennet0_q1d3-2d3-0-b0-refmattersim_i07 status=ok wall=79s
2026-09-27T08:09:28Z START a_batio3_cubic_chgnet_q0-0-0-b0_i02 nat=5 kpts=343 np=8 nk_pools=8
2026-09-27T08:09:44Z END   a_batio3_cubic_chgnet_q0-0-0-b0_i01 status=ok wall=18s
2026-09-27T08:09:44Z START a_batio3_cubic_chgnet_q0-0-0-b0_i03 nat=5 kpts=343 np=8 nk_pools=8
2026-09-27T08:09:47Z END   a_batio3_cubic_chgnet_q0-0-0-b0_i02 status=ok wall=19s
2026-09-27T08:09:47Z START a_batio3_cubic_chgnet_q0-0-0-b0_i04 nat=5 kpts=343 np=8 nk_pools=8
2026-09-27T08:09:51Z END   a_zr_bcc_sevennet0_q1d3-2d3-0-b0-refmattersim_i08 status=ok wall=76s
2026-09-27T08:09:51Z START a_batio3_cubic_chgnet_q0-0-0-b0_i05 nat=5 kpts=343 np=8 nk_pools=8
2026-09-27T08:10:13Z END   a_batio3_cubic_chgnet_q0-0-0-b0_i03 status=ok wall=29s
2026-09-27T08:10:13Z START a_batio3_cubic_chgnet_q0-0-0-b0_i06 nat=5 kpts=343 np=8 nk_pools=8
2026-09-27T08:10:19Z END   a_zr_bcc_sevennet0_q1d3-2d3-0-b0-refmattersim_i09 status=ok wall=75s
2026-09-27T08:10:19Z START a_batio3_cubic_chgnet_q0-0-0-b0_i07 nat=5 kpts=343 np=8 nk_pools=8
2026-09-27T08:10:23Z END   a_batio3_cubic_chgnet_q0-0-0-b0_i05 status=ok wall=32s
2026-09-27T08:10:23Z START a_batio3_cubic_chgnet_q0-0-0-b0_i08 nat=5 kpts=343 np=8 nk_pools=8
2026-09-27T08:10:32Z END   a_batio3_cubic_chgnet_q0-0-0-b0_i04 status=ok wall=45s
2026-09-27T08:10:32Z START a_batio3_cubic_chgnet_q0-0-0-b0_i09 nat=5 kpts=343 np=8 nk_pools=8
2026-09-27T08:10:54Z END   a_batio3_cubic_chgnet_q0-0-0-b0_i06 status=ok wall=41s
2026-09-27T08:10:54Z START a_batio3_cubic_mattersim_q0-0-0-b0_i00 nat=5 kpts=343 np=8 nk_pools=8
2026-09-27T08:11:01Z END   a_batio3_cubic_chgnet_q0-0-0-b0_i07 status=ok wall=42s
2026-09-27T08:11:01Z START a_batio3_cubic_mattersim_q0-0-0-b0_i01 nat=5 kpts=343 np=8 nk_pools=8
2026-09-27T08:11:03Z END   a_batio3_cubic_chgnet_q0-0-0-b0_i08 status=ok wall=40s
2026-09-27T08:11:03Z START a_batio3_cubic_mattersim_q0-0-0-b0_i02 nat=5 kpts=343 np=8 nk_pools=8
2026-09-27T08:11:07Z END   a_batio3_cubic_chgnet_q0-0-0-b0_i09 status=ok wall=35s
2026-09-27T08:11:07Z START a_batio3_cubic_mattersim_q0-0-0-b0_i03 nat=5 kpts=343 np=8 nk_pools=8
2026-09-27T08:11:08Z END   a_batio3_cubic_mattersim_q0-0-0-b0_i00 status=ok wall=14s
2026-09-27T08:11:08Z START a_batio3_cubic_mattersim_q0-0-0-b0_i04 nat=5 kpts=343 np=8 nk_pools=8
2026-09-27T08:11:50Z END   a_batio3_cubic_mattersim_q0-0-0-b0_i01 status=ok wall=49s
2026-09-27T08:11:50Z START a_batio3_cubic_mattersim_q0-0-0-b0_i05 nat=5 kpts=343 np=8 nk_pools=8
2026-09-27T08:11:51Z END   a_batio3_cubic_mattersim_q0-0-0-b0_i02 status=ok wall=48s
2026-09-27T08:11:51Z START a_batio3_cubic_mattersim_q0-0-0-b0_i06 nat=5 kpts=343 np=8 nk_pools=8
2026-09-27T08:11:56Z END   a_batio3_cubic_mattersim_q0-0-0-b0_i03 status=ok wall=49s
2026-09-27T08:11:56Z START a_batio3_cubic_mattersim_q0-0-0-b0_i07 nat=5 kpts=343 np=8 nk_pools=8
2026-09-27T08:12:06Z END   a_batio3_cubic_mattersim_q0-0-0-b0_i04 status=ok wall=58s
2026-09-27T08:12:06Z START a_batio3_cubic_mattersim_q0-0-0-b0_i08 nat=5 kpts=343 np=8 nk_pools=8
2026-09-27T08:12:45Z END   a_batio3_cubic_mattersim_q0-0-0-b0_i05 status=ok wall=55s
2026-09-27T08:12:45Z START a_batio3_cubic_mattersim_q0-0-0-b0_i09 nat=5 kpts=343 np=8 nk_pools=8
2026-09-27T08:12:47Z END   a_batio3_cubic_mattersim_q0-0-0-b0_i06 status=ok wall=56s
2026-09-27T08:12:47Z START a_knbo3_cubic_chgnet_q0-0-0-b0_i00 nat=5 kpts=343 np=8 nk_pools=8
2026-09-27T08:12:52Z END   a_batio3_cubic_mattersim_q0-0-0-b0_i07 status=ok wall=56s
2026-09-27T08:12:52Z START a_knbo3_cubic_chgnet_q0-0-0-b0_i01 nat=5 kpts=343 np=8 nk_pools=8
2026-09-27T08:12:58Z END   a_batio3_cubic_mattersim_q0-0-0-b0_i08 status=ok wall=52s
2026-09-27T08:12:58Z START a_knbo3_cubic_chgnet_q0-0-0-b0_i02 nat=5 kpts=343 np=8 nk_pools=8
2026-09-27T08:13:03Z END   a_knbo3_cubic_chgnet_q0-0-0-b0_i00 status=ok wall=16s
2026-09-27T08:13:03Z START a_knbo3_cubic_chgnet_q0-0-0-b0_i03 nat=5 kpts=343 np=8 nk_pools=8
2026-09-27T08:13:28Z END   a_knbo3_cubic_chgnet_q0-0-0-b0_i01 status=ok wall=36s
2026-09-27T08:13:28Z START a_knbo3_cubic_chgnet_q0-0-0-b0_i04 nat=5 kpts=343 np=8 nk_pools=8
2026-09-27T08:13:32Z END   a_knbo3_cubic_chgnet_q0-0-0-b0_i02 status=ok wall=34s
2026-09-27T08:13:32Z START a_knbo3_cubic_chgnet_q0-0-0-b0_i05 nat=5 kpts=343 np=8 nk_pools=8
2026-09-27T08:13:36Z END   a_knbo3_cubic_chgnet_q0-0-0-b0_i03 status=ok wall=32s
2026-09-27T08:13:36Z START a_knbo3_cubic_chgnet_q0-0-0-b0_i06 nat=5 kpts=343 np=8 nk_pools=8
2026-09-27T08:13:42Z END   a_batio3_cubic_mattersim_q0-0-0-b0_i09 status=ok wall=57s
2026-09-27T08:13:42Z START a_knbo3_cubic_chgnet_q0-0-0-b0_i07 nat=5 kpts=343 np=8 nk_pools=8
2026-09-27T08:14:18Z END   a_knbo3_cubic_chgnet_q0-0-0-b0_i05 status=ok wall=46s
2026-09-27T08:14:18Z START a_knbo3_cubic_chgnet_q0-0-0-b0_i08 nat=5 kpts=343 np=8 nk_pools=8
2026-09-27T08:14:20Z END   a_knbo3_cubic_chgnet_q0-0-0-b0_i04 status=ok wall=52s
2026-09-27T08:14:20Z START a_knbo3_cubic_chgnet_q0-0-0-b0_i09 nat=5 kpts=343 np=8 nk_pools=8
2026-09-27T08:14:24Z END   a_knbo3_cubic_chgnet_q0-0-0-b0_i07 status=ok wall=42s
2026-09-27T08:14:24Z START a_knbo3_cubic_mattersim_q0-0-0-b0_i00 nat=5 kpts=343 np=8 nk_pools=8
2026-09-27T08:14:24Z END   a_knbo3_cubic_chgnet_q0-0-0-b0_i06 status=ok wall=48s
2026-09-27T08:14:24Z START a_knbo3_cubic_mattersim_q0-0-0-b0_i01 nat=5 kpts=343 np=8 nk_pools=8
2026-09-27T08:14:42Z END   a_knbo3_cubic_mattersim_q0-0-0-b0_i00 status=ok wall=18s
2026-09-27T08:14:42Z START a_knbo3_cubic_mattersim_q0-0-0-b0_i02 nat=5 kpts=343 np=8 nk_pools=8
2026-09-27T08:15:02Z END   a_knbo3_cubic_chgnet_q0-0-0-b0_i09 status=ok wall=42s
2026-09-27T08:15:02Z START a_knbo3_cubic_mattersim_q0-0-0-b0_i03 nat=5 kpts=343 np=8 nk_pools=8
2026-09-27T08:15:03Z END   a_knbo3_cubic_chgnet_q0-0-0-b0_i08 status=ok wall=45s
2026-09-27T08:15:03Z START a_knbo3_cubic_mattersim_q0-0-0-b0_i04 nat=5 kpts=343 np=8 nk_pools=8
2026-09-27T08:15:18Z END   a_knbo3_cubic_mattersim_q0-0-0-b0_i01 status=ok wall=54s
2026-09-27T08:15:18Z START a_knbo3_cubic_mattersim_q0-0-0-b0_i05 nat=5 kpts=343 np=8 nk_pools=8
2026-09-27T08:15:32Z END   a_knbo3_cubic_mattersim_q0-0-0-b0_i02 status=ok wall=50s
2026-09-27T08:15:32Z START a_knbo3_cubic_mattersim_q0-0-0-b0_i06 nat=5 kpts=343 np=8 nk_pools=8
2026-09-27T08:15:51Z END   a_knbo3_cubic_mattersim_q0-0-0-b0_i04 status=ok wall=48s
2026-09-27T08:15:51Z START a_knbo3_cubic_mattersim_q0-0-0-b0_i07 nat=5 kpts=343 np=8 nk_pools=8
2026-09-27T08:15:52Z END   a_knbo3_cubic_mattersim_q0-0-0-b0_i03 status=ok wall=50s
2026-09-27T08:15:52Z START a_knbo3_cubic_mattersim_q0-0-0-b0_i08 nat=5 kpts=343 np=8 nk_pools=8
2026-09-27T08:16:06Z END   a_knbo3_cubic_mattersim_q0-0-0-b0_i05 status=ok wall=48s
2026-09-27T08:16:06Z START a_knbo3_cubic_mattersim_q0-0-0-b0_i09 nat=5 kpts=343 np=8 nk_pools=8
2026-09-27T08:16:18Z END   a_knbo3_cubic_mattersim_q0-0-0-b0_i06 status=ok wall=46s
2026-09-27T08:16:18Z START a_zro2_cubic_chgnet_q1d2-0-1d2-b0_i00 nat=6 kpts=245 np=8 nk_pools=8
2026-09-27T08:16:33Z END   a_zro2_cubic_chgnet_q1d2-0-1d2-b0_i00 status=ok wall=15s
2026-09-27T08:16:33Z START a_zro2_cubic_chgnet_q1d2-0-1d2-b0_i01 nat=6 kpts=245 np=8 nk_pools=8
2026-09-27T08:16:35Z END   a_knbo3_cubic_mattersim_q0-0-0-b0_i08 status=ok wall=43s
2026-09-27T08:16:35Z START a_zro2_cubic_chgnet_q1d2-0-1d2-b0_i02 nat=6 kpts=245 np=8 nk_pools=8
2026-09-27T08:16:37Z END   a_knbo3_cubic_mattersim_q0-0-0-b0_i07 status=ok wall=46s
2026-09-27T08:16:37Z START a_zro2_cubic_chgnet_q1d2-0-1d2-b0_i03 nat=6 kpts=245 np=8 nk_pools=8
2026-09-27T08:16:48Z END   a_zro2_cubic_chgnet_q1d2-0-1d2-b0_i01 status=ok wall=15s
2026-09-27T08:16:48Z START a_zro2_cubic_chgnet_q1d2-0-1d2-b0_i04 nat=6 kpts=245 np=8 nk_pools=8
2026-09-27T08:16:51Z END   a_zro2_cubic_chgnet_q1d2-0-1d2-b0_i02 status=ok wall=16s
2026-09-27T08:16:51Z START a_zro2_cubic_chgnet_q1d2-0-1d2-b0_i05 nat=6 kpts=245 np=8 nk_pools=8
2026-09-27T08:16:52Z END   a_knbo3_cubic_mattersim_q0-0-0-b0_i09 status=ok wall=46s
2026-09-27T08:16:52Z START a_zro2_cubic_chgnet_q1d2-0-1d2-b0_i06 nat=6 kpts=245 np=8 nk_pools=8
2026-09-27T08:16:54Z END   a_zro2_cubic_chgnet_q1d2-0-1d2-b0_i03 status=ok wall=17s
2026-09-27T08:16:54Z START a_zro2_cubic_chgnet_q1d2-0-1d2-b0_i07 nat=6 kpts=245 np=8 nk_pools=8
2026-09-27T08:17:02Z END   a_zro2_cubic_chgnet_q1d2-0-1d2-b0_i04 status=ok wall=14s
2026-09-27T08:17:02Z START a_zro2_cubic_chgnet_q1d2-0-1d2-b0_i08 nat=6 kpts=245 np=8 nk_pools=8
2026-09-27T08:17:09Z END   a_zro2_cubic_chgnet_q1d2-0-1d2-b0_i06 status=ok wall=17s
2026-09-27T08:17:09Z START a_zro2_cubic_chgnet_q1d2-0-1d2-b0_i09 nat=6 kpts=245 np=8 nk_pools=8
2026-09-27T08:17:09Z END   a_zro2_cubic_chgnet_q1d2-0-1d2-b0_i05 status=ok wall=18s
2026-09-27T08:17:09Z START a_zro2_cubic_mace_mp0_q0-1d2-1d2-b0_i00 nat=6 kpts=245 np=8 nk_pools=8
2026-09-27T08:17:11Z END   a_zro2_cubic_chgnet_q1d2-0-1d2-b0_i07 status=ok wall=17s
2026-09-27T08:17:11Z START a_zro2_cubic_mace_mp0_q0-1d2-1d2-b0_i01 nat=6 kpts=245 np=8 nk_pools=8
2026-09-27T08:17:16Z END   a_zro2_cubic_chgnet_q1d2-0-1d2-b0_i08 status=ok wall=14s
2026-09-27T08:17:16Z START a_zro2_cubic_mace_mp0_q0-1d2-1d2-b0_i02 nat=6 kpts=245 np=8 nk_pools=8
2026-09-27T08:17:23Z END   a_zro2_cubic_mace_mp0_q0-1d2-1d2-b0_i00 status=ok wall=14s
2026-09-27T08:17:23Z START a_zro2_cubic_mace_mp0_q0-1d2-1d2-b0_i03 nat=6 kpts=245 np=8 nk_pools=8
2026-09-27T08:17:24Z END   a_zro2_cubic_chgnet_q1d2-0-1d2-b0_i09 status=ok wall=15s
2026-09-27T08:17:24Z START a_zro2_cubic_mace_mp0_q0-1d2-1d2-b0_i04 nat=6 kpts=245 np=8 nk_pools=8
2026-09-27T08:17:26Z END   a_zro2_cubic_mace_mp0_q0-1d2-1d2-b0_i01 status=ok wall=15s
2026-09-27T08:17:26Z START a_zro2_cubic_mace_mp0_q0-1d2-1d2-b0_i05 nat=6 kpts=245 np=8 nk_pools=8
2026-09-27T08:17:30Z END   a_zro2_cubic_mace_mp0_q0-1d2-1d2-b0_i02 status=ok wall=14s
2026-09-27T08:17:30Z START a_zro2_cubic_mace_mp0_q0-1d2-1d2-b0_i06 nat=6 kpts=245 np=8 nk_pools=8
2026-09-27T08:17:38Z END   a_zro2_cubic_mace_mp0_q0-1d2-1d2-b0_i03 status=ok wall=15s
2026-09-27T08:17:38Z START a_zro2_cubic_mace_mp0_q0-1d2-1d2-b0_i07 nat=6 kpts=245 np=8 nk_pools=8
2026-09-27T08:17:39Z END   a_zro2_cubic_mace_mp0_q0-1d2-1d2-b0_i04 status=ok wall=15s
2026-09-27T08:17:39Z START a_zro2_cubic_mace_mp0_q0-1d2-1d2-b0_i08 nat=6 kpts=245 np=8 nk_pools=8
2026-09-27T08:17:42Z END   a_zro2_cubic_mace_mp0_q0-1d2-1d2-b0_i05 status=ok wall=16s
2026-09-27T08:17:42Z START a_zro2_cubic_mace_mp0_q0-1d2-1d2-b0_i09 nat=6 kpts=245 np=8 nk_pools=8
2026-09-27T08:17:47Z END   a_zro2_cubic_mace_mp0_q0-1d2-1d2-b0_i06 status=ok wall=17s
2026-09-27T08:17:47Z START a_zro2_cubic_mattersim_q1d2-0-1d2-b0_i00 nat=6 kpts=245 np=8 nk_pools=8
2026-09-27T08:17:54Z END   a_zro2_cubic_mace_mp0_q0-1d2-1d2-b0_i08 status=ok wall=15s
2026-09-27T08:17:54Z START a_zro2_cubic_mattersim_q1d2-0-1d2-b0_i01 nat=6 kpts=245 np=8 nk_pools=8
2026-09-27T08:17:55Z END   a_zro2_cubic_mace_mp0_q0-1d2-1d2-b0_i07 status=ok wall=16s
2026-09-27T08:17:55Z START a_zro2_cubic_mattersim_q1d2-0-1d2-b0_i02 nat=6 kpts=245 np=8 nk_pools=8
2026-09-27T08:17:57Z END   a_zro2_cubic_mace_mp0_q0-1d2-1d2-b0_i09 status=ok wall=15s
2026-09-27T08:17:57Z START a_zro2_cubic_mattersim_q1d2-0-1d2-b0_i03 nat=6 kpts=245 np=8 nk_pools=8
2026-09-27T08:18:02Z END   a_zro2_cubic_mattersim_q1d2-0-1d2-b0_i00 status=ok wall=14s
2026-09-27T08:18:02Z START a_zro2_cubic_mattersim_q1d2-0-1d2-b0_i04 nat=6 kpts=245 np=8 nk_pools=8
2026-09-27T08:18:09Z END   a_zro2_cubic_mattersim_q1d2-0-1d2-b0_i01 status=ok wall=15s
2026-09-27T08:18:09Z START a_zro2_cubic_mattersim_q1d2-0-1d2-b0_i05 nat=6 kpts=245 np=8 nk_pools=8
2026-09-27T08:18:10Z END   a_zro2_cubic_mattersim_q1d2-0-1d2-b0_i02 status=ok wall=15s
2026-09-27T08:18:10Z START a_zro2_cubic_mattersim_q1d2-0-1d2-b0_i06 nat=6 kpts=245 np=8 nk_pools=8
2026-09-27T08:18:11Z END   a_zro2_cubic_mattersim_q1d2-0-1d2-b0_i03 status=ok wall=14s
2026-09-27T08:18:11Z START a_zro2_cubic_mattersim_q1d2-0-1d2-b0_i07 nat=6 kpts=245 np=8 nk_pools=8
2026-09-27T08:18:16Z END   a_zro2_cubic_mattersim_q1d2-0-1d2-b0_i04 status=ok wall=14s
2026-09-27T08:18:16Z START a_zro2_cubic_mattersim_q1d2-0-1d2-b0_i08 nat=6 kpts=245 np=8 nk_pools=8
2026-09-27T08:18:24Z END   a_zro2_cubic_mattersim_q1d2-0-1d2-b0_i05 status=ok wall=15s
2026-09-27T08:18:24Z START a_zro2_cubic_mattersim_q1d2-0-1d2-b0_i09 nat=6 kpts=245 np=8 nk_pools=8
2026-09-27T08:18:25Z END   a_zro2_cubic_mattersim_q1d2-0-1d2-b0_i06 status=ok wall=15s
2026-09-27T08:18:25Z START a_zro2_cubic_orb_v2_q1d2-1d2-1d2-b0_i00 nat=6 kpts=245 np=8 nk_pools=8
2026-09-27T08:18:27Z END   a_zro2_cubic_mattersim_q1d2-0-1d2-b0_i07 status=ok wall=16s
2026-09-27T08:18:27Z START a_zro2_cubic_orb_v2_q1d2-1d2-1d2-b0_i01 nat=6 kpts=245 np=8 nk_pools=8
2026-09-27T08:18:31Z END   a_zro2_cubic_mattersim_q1d2-0-1d2-b0_i08 status=ok wall=15s
2026-09-27T08:18:31Z START a_zro2_cubic_orb_v2_q1d2-1d2-1d2-b0_i02 nat=6 kpts=245 np=8 nk_pools=8
2026-09-27T08:18:38Z END   a_zro2_cubic_mattersim_q1d2-0-1d2-b0_i09 status=ok wall=14s
2026-09-27T08:18:38Z START a_zro2_cubic_orb_v2_q1d2-1d2-1d2-b0_i03 nat=6 kpts=245 np=8 nk_pools=8
2026-09-27T08:19:03Z END   a_zro2_cubic_orb_v2_q1d2-1d2-1d2-b0_i00 status=ok wall=38s
2026-09-27T08:19:03Z START a_zro2_cubic_orb_v2_q1d2-1d2-1d2-b0_i04 nat=6 kpts=245 np=8 nk_pools=8
2026-09-27T08:19:06Z END   a_zro2_cubic_orb_v2_q1d2-1d2-1d2-b0_i01 status=ok wall=39s
2026-09-27T08:19:06Z START a_zro2_cubic_orb_v2_q1d2-1d2-1d2-b0_i05 nat=6 kpts=245 np=8 nk_pools=8
2026-09-27T08:19:14Z END   a_zro2_cubic_orb_v2_q1d2-1d2-1d2-b0_i02 status=ok wall=43s
2026-09-27T08:19:14Z START a_zro2_cubic_orb_v2_q1d2-1d2-1d2-b0_i06 nat=6 kpts=245 np=8 nk_pools=8
2026-09-27T08:19:17Z END   a_zro2_cubic_orb_v2_q1d2-1d2-1d2-b0_i03 status=ok wall=39s
2026-09-27T08:19:17Z START a_zro2_cubic_orb_v2_q1d2-1d2-1d2-b0_i07 nat=6 kpts=245 np=8 nk_pools=8
2026-09-27T08:19:41Z END   a_zro2_cubic_orb_v2_q1d2-1d2-1d2-b0_i04 status=ok wall=38s
2026-09-27T08:19:41Z START a_zro2_cubic_orb_v2_q1d2-1d2-1d2-b0_i08 nat=6 kpts=245 np=8 nk_pools=8
2026-09-27T08:19:47Z END   a_zro2_cubic_orb_v2_q1d2-1d2-1d2-b0_i05 status=ok wall=41s
2026-09-27T08:19:47Z START a_zro2_cubic_orb_v2_q1d2-1d2-1d2-b0_i09 nat=6 kpts=245 np=8 nk_pools=8
2026-09-27T08:19:51Z END   a_zro2_cubic_orb_v2_q1d2-1d2-1d2-b0_i06 status=ok wall=37s
2026-09-27T08:19:51Z START a_zro2_cubic_sevennet0_q1d2-0-1d2-b0_i00 nat=6 kpts=245 np=8 nk_pools=8
2026-09-27T08:19:56Z END   a_zro2_cubic_orb_v2_q1d2-1d2-1d2-b0_i07 status=ok wall=39s
2026-09-27T08:19:56Z START a_zro2_cubic_sevennet0_q1d2-0-1d2-b0_i01 nat=6 kpts=245 np=8 nk_pools=8
2026-09-27T08:20:05Z END   a_zro2_cubic_sevennet0_q1d2-0-1d2-b0_i00 status=ok wall=14s
2026-09-27T08:20:05Z START a_zro2_cubic_sevennet0_q1d2-0-1d2-b0_i02 nat=6 kpts=245 np=8 nk_pools=8
2026-09-27T08:20:12Z END   a_zro2_cubic_sevennet0_q1d2-0-1d2-b0_i01 status=ok wall=16s
2026-09-27T08:20:12Z START a_zro2_cubic_sevennet0_q1d2-0-1d2-b0_i03 nat=6 kpts=245 np=8 nk_pools=8
2026-09-27T08:20:19Z END   a_zro2_cubic_orb_v2_q1d2-1d2-1d2-b0_i08 status=ok wall=38s
2026-09-27T08:20:19Z START a_zro2_cubic_sevennet0_q1d2-0-1d2-b0_i04 nat=6 kpts=245 np=8 nk_pools=8
2026-09-27T08:20:21Z END   a_zro2_cubic_orb_v2_q1d2-1d2-1d2-b0_i09 status=ok wall=34s
2026-09-27T08:20:21Z START a_zro2_cubic_sevennet0_q1d2-0-1d2-b0_i05 nat=6 kpts=245 np=8 nk_pools=8
2026-09-27T08:20:22Z END   a_zro2_cubic_sevennet0_q1d2-0-1d2-b0_i02 status=ok wall=17s
2026-09-27T08:20:22Z START a_zro2_cubic_sevennet0_q1d2-0-1d2-b0_i06 nat=6 kpts=245 np=8 nk_pools=8
2026-09-27T08:20:27Z END   a_zro2_cubic_sevennet0_q1d2-0-1d2-b0_i03 status=ok wall=15s
2026-09-27T08:20:27Z START a_zro2_cubic_sevennet0_q1d2-0-1d2-b0_i07 nat=6 kpts=245 np=8 nk_pools=8
2026-09-27T08:20:33Z END   a_zro2_cubic_sevennet0_q1d2-0-1d2-b0_i04 status=ok wall=14s
2026-09-27T08:20:33Z START a_zro2_cubic_sevennet0_q1d2-0-1d2-b0_i08 nat=6 kpts=245 np=8 nk_pools=8
2026-09-27T08:20:37Z END   a_zro2_cubic_sevennet0_q1d2-0-1d2-b0_i05 status=ok wall=16s
2026-09-27T08:20:37Z START a_zro2_cubic_sevennet0_q1d2-0-1d2-b0_i09 nat=6 kpts=245 np=8 nk_pools=8
2026-09-27T08:20:38Z END   a_zro2_cubic_sevennet0_q1d2-0-1d2-b0_i06 status=ok wall=16s
2026-09-27T08:20:38Z START a_cssnbr3_cubic_mace_mp0_q1d2-1d2-1d2-b0_i00 nat=10 kpts=64 np=8 nk_pools=8
2026-09-27T08:20:42Z END   a_zro2_cubic_sevennet0_q1d2-0-1d2-b0_i07 status=ok wall=15s
2026-09-27T08:20:42Z START a_cssnbr3_cubic_mace_mp0_q1d2-1d2-1d2-b0_i01 nat=10 kpts=64 np=8 nk_pools=8
2026-09-27T08:20:47Z END   a_zro2_cubic_sevennet0_q1d2-0-1d2-b0_i08 status=ok wall=14s
2026-09-27T08:20:47Z START a_cssnbr3_cubic_mace_mp0_q1d2-1d2-1d2-b0_i02 nat=10 kpts=64 np=8 nk_pools=8
2026-09-27T08:20:53Z END   a_zro2_cubic_sevennet0_q1d2-0-1d2-b0_i09 status=ok wall=16s
2026-09-27T08:20:53Z START a_cssnbr3_cubic_mace_mp0_q1d2-1d2-1d2-b0_i03 nat=10 kpts=64 np=8 nk_pools=8
2026-09-27T08:22:40Z END   a_cssnbr3_cubic_mace_mp0_q1d2-1d2-1d2-b0_i00 status=ok wall=122s
2026-09-27T08:22:40Z START a_cssnbr3_cubic_mace_mp0_q1d2-1d2-1d2-b0_i04 nat=10 kpts=64 np=8 nk_pools=8
2026-09-27T08:26:21Z END   a_cssnbr3_cubic_mace_mp0_q1d2-1d2-1d2-b0_i01 status=ok wall=339s
2026-09-27T08:26:21Z START a_cssnbr3_cubic_mace_mp0_q1d2-1d2-1d2-b0_i05 nat=10 kpts=64 np=8 nk_pools=8
2026-09-27T08:26:35Z END   a_cssnbr3_cubic_mace_mp0_q1d2-1d2-1d2-b0_i02 status=ok wall=348s
2026-09-27T08:26:35Z START a_cssnbr3_cubic_mace_mp0_q1d2-1d2-1d2-b0_i06 nat=10 kpts=64 np=8 nk_pools=8
2026-09-27T08:26:37Z END   a_cssnbr3_cubic_mace_mp0_q1d2-1d2-1d2-b0_i03 status=ok wall=344s
2026-09-27T08:26:37Z START a_cssnbr3_cubic_mace_mp0_q1d2-1d2-1d2-b0_i07 nat=10 kpts=64 np=8 nk_pools=8
2026-09-27T08:27:54Z END   a_cssnbr3_cubic_mace_mp0_q1d2-1d2-1d2-b0_i04 status=ok wall=314s
2026-09-27T08:27:54Z START a_cssnbr3_cubic_mace_mp0_q1d2-1d2-1d2-b0_i08 nat=10 kpts=64 np=8 nk_pools=8
2026-09-27T08:31:23Z END   a_cssnbr3_cubic_mace_mp0_q1d2-1d2-1d2-b0_i06 status=ok wall=288s
2026-09-27T08:31:23Z START a_cssnbr3_cubic_mace_mp0_q1d2-1d2-1d2-b0_i09 nat=10 kpts=64 np=8 nk_pools=8
2026-09-27T08:31:39Z END   a_cssnbr3_cubic_mace_mp0_q1d2-1d2-1d2-b0_i05 status=ok wall=318s
2026-09-27T08:31:39Z START a_cssnbr3_cubic_mattersim_q1d2-1d2-1d2-b0_i00 nat=10 kpts=64 np=8 nk_pools=8
2026-09-27T08:32:02Z END   a_cssnbr3_cubic_mace_mp0_q1d2-1d2-1d2-b0_i07 status=ok wall=325s
2026-09-27T08:32:02Z START a_cssnbr3_cubic_mattersim_q1d2-1d2-1d2-b0_i01 nat=10 kpts=64 np=8 nk_pools=8
2026-09-27T08:33:11Z END   a_cssnbr3_cubic_mace_mp0_q1d2-1d2-1d2-b0_i08 status=ok wall=317s
2026-09-27T08:33:11Z START a_cssnbr3_cubic_mattersim_q1d2-1d2-1d2-b0_i02 nat=10 kpts=64 np=8 nk_pools=8
2026-09-27T08:33:26Z END   a_cssnbr3_cubic_mattersim_q1d2-1d2-1d2-b0_i00 status=ok wall=107s
2026-09-27T08:33:26Z START a_cssnbr3_cubic_mattersim_q1d2-1d2-1d2-b0_i03 nat=10 kpts=64 np=8 nk_pools=8
2026-09-27T08:35:30Z END   a_cssnbr3_cubic_mattersim_q1d2-1d2-1d2-b0_i01 status=ok wall=208s
2026-09-27T08:35:30Z START a_cssnbr3_cubic_mattersim_q1d2-1d2-1d2-b0_i04 nat=10 kpts=64 np=8 nk_pools=8
2026-09-27T08:36:28Z END   a_cssnbr3_cubic_mattersim_q1d2-1d2-1d2-b0_i02 status=ok wall=197s
2026-09-27T08:36:28Z START a_cssnbr3_cubic_mattersim_q1d2-1d2-1d2-b0_i05 nat=10 kpts=64 np=8 nk_pools=8
2026-09-27T08:36:39Z END   a_cssnbr3_cubic_mace_mp0_q1d2-1d2-1d2-b0_i09 status=ok wall=316s
2026-09-27T08:36:39Z START a_cssnbr3_cubic_mattersim_q1d2-1d2-1d2-b0_i06 nat=10 kpts=64 np=8 nk_pools=8
2026-09-27T08:38:48Z END   a_cssnbr3_cubic_mattersim_q1d2-1d2-1d2-b0_i03 status=ok wall=322s
2026-09-27T08:38:48Z START a_cssnbr3_cubic_mattersim_q1d2-1d2-1d2-b0_i07 nat=10 kpts=64 np=8 nk_pools=8
2026-09-27T08:40:49Z END   a_cssnbr3_cubic_mattersim_q1d2-1d2-1d2-b0_i04 status=ok wall=319s
2026-09-27T08:40:49Z START a_cssnbr3_cubic_mattersim_q1d2-1d2-1d2-b0_i08 nat=10 kpts=64 np=8 nk_pools=8
2026-09-27T08:41:24Z END   a_cssnbr3_cubic_mattersim_q1d2-1d2-1d2-b0_i05 status=ok wall=296s
2026-09-27T08:41:24Z START a_cssnbr3_cubic_mattersim_q1d2-1d2-1d2-b0_i09 nat=10 kpts=64 np=8 nk_pools=8
2026-09-27T08:41:52Z END   a_cssnbr3_cubic_mattersim_q1d2-1d2-1d2-b0_i06 status=ok wall=313s
2026-09-27T08:41:52Z START a_cssnbr3_cubic_sevennet0_q1d2-1d2-1d2-b0_i00 nat=10 kpts=64 np=8 nk_pools=8
2026-09-27T08:43:35Z END   a_cssnbr3_cubic_sevennet0_q1d2-1d2-1d2-b0_i00 status=ok wall=103s
2026-09-27T08:43:35Z START a_cssnbr3_cubic_sevennet0_q1d2-1d2-1d2-b0_i01 nat=10 kpts=64 np=8 nk_pools=8
2026-09-27T08:44:01Z END   a_cssnbr3_cubic_mattersim_q1d2-1d2-1d2-b0_i07 status=ok wall=313s
2026-09-27T08:44:01Z START a_cssnbr3_cubic_sevennet0_q1d2-1d2-1d2-b0_i02 nat=10 kpts=64 np=8 nk_pools=8
2026-09-27T08:46:17Z END   a_cssnbr3_cubic_mattersim_q1d2-1d2-1d2-b0_i08 status=ok wall=328s
2026-09-27T08:46:17Z START a_cssnbr3_cubic_sevennet0_q1d2-1d2-1d2-b0_i03 nat=10 kpts=64 np=8 nk_pools=8
2026-09-27T08:46:49Z END   a_cssnbr3_cubic_mattersim_q1d2-1d2-1d2-b0_i09 status=ok wall=325s
2026-09-27T08:46:49Z START a_cssnbr3_cubic_sevennet0_q1d2-1d2-1d2-b0_i04 nat=10 kpts=64 np=8 nk_pools=8
2026-09-27T08:47:02Z END   a_cssnbr3_cubic_sevennet0_q1d2-1d2-1d2-b0_i01 status=ok wall=207s
2026-09-27T08:47:02Z START a_cssnbr3_cubic_sevennet0_q1d2-1d2-1d2-b0_i05 nat=10 kpts=64 np=8 nk_pools=8
2026-09-27T08:47:31Z END   a_cssnbr3_cubic_sevennet0_q1d2-1d2-1d2-b0_i02 status=ok wall=210s
2026-09-27T08:47:31Z START a_cssnbr3_cubic_sevennet0_q1d2-1d2-1d2-b0_i06 nat=10 kpts=64 np=8 nk_pools=8
2026-09-27T08:51:39Z END   a_cssnbr3_cubic_sevennet0_q1d2-1d2-1d2-b0_i03 status=ok wall=322s
2026-09-27T08:51:39Z START a_cssnbr3_cubic_sevennet0_q1d2-1d2-1d2-b0_i07 nat=10 kpts=64 np=8 nk_pools=8
2026-09-27T08:51:44Z END   a_cssnbr3_cubic_sevennet0_q1d2-1d2-1d2-b0_i04 status=ok wall=295s
2026-09-27T08:51:44Z START a_cssnbr3_cubic_sevennet0_q1d2-1d2-1d2-b0_i08 nat=10 kpts=64 np=8 nk_pools=8
2026-09-27T08:52:27Z END   a_cssnbr3_cubic_sevennet0_q1d2-1d2-1d2-b0_i05 status=ok wall=325s
2026-09-27T08:52:27Z START a_cssnbr3_cubic_sevennet0_q1d2-1d2-1d2-b0_i09 nat=10 kpts=64 np=8 nk_pools=8
2026-09-27T08:52:45Z END   a_cssnbr3_cubic_sevennet0_q1d2-1d2-1d2-b0_i06 status=ok wall=314s
2026-09-27T08:52:45Z START a_cssnbr3_cubic_chgnet_q1d2-1d2-1d2-b0_i00 nat=10 kpts=80 np=8 nk_pools=8
2026-09-27T08:57:02Z END   a_cssnbr3_cubic_sevennet0_q1d2-1d2-1d2-b0_i07 status=ok wall=323s
2026-09-27T08:57:02Z START a_cssnbr3_cubic_chgnet_q1d2-1d2-1d2-b0_i01 nat=10 kpts=80 np=8 nk_pools=8
2026-09-27T08:57:03Z END   a_cssnbr3_cubic_chgnet_q1d2-1d2-1d2-b0_i00 status=ok wall=258s
2026-09-27T08:57:03Z START a_cssnbr3_cubic_chgnet_q1d2-1d2-1d2-b0_i02 nat=10 kpts=80 np=8 nk_pools=8
2026-09-27T08:57:09Z END   a_cssnbr3_cubic_sevennet0_q1d2-1d2-1d2-b0_i08 status=ok wall=325s
2026-09-27T08:57:09Z START a_cssnbr3_cubic_chgnet_q1d2-1d2-1d2-b0_i03 nat=10 kpts=80 np=8 nk_pools=8
2026-09-27T08:57:40Z END   a_cssnbr3_cubic_sevennet0_q1d2-1d2-1d2-b0_i09 status=ok wall=313s
2026-09-27T08:57:40Z START a_cssnbr3_cubic_chgnet_q1d2-1d2-1d2-b0_i04 nat=10 kpts=80 np=8 nk_pools=8
2026-09-27T09:00:59Z END   a_cssnbr3_cubic_chgnet_q1d2-1d2-1d2-b0_i01 status=ok wall=237s
2026-09-27T09:00:59Z START a_cssnbr3_cubic_chgnet_q1d2-1d2-1d2-b0_i05 nat=10 kpts=80 np=8 nk_pools=8
2026-09-27T09:01:03Z END   a_cssnbr3_cubic_chgnet_q1d2-1d2-1d2-b0_i02 status=ok wall=240s
2026-09-27T09:01:03Z START a_cssnbr3_cubic_chgnet_q1d2-1d2-1d2-b0_i06 nat=10 kpts=80 np=8 nk_pools=8
2026-09-27T09:01:05Z END   a_cssnbr3_cubic_chgnet_q1d2-1d2-1d2-b0_i03 status=ok wall=236s
2026-09-27T09:01:05Z START a_cssnbr3_cubic_chgnet_q1d2-1d2-1d2-b0_i07 nat=10 kpts=80 np=8 nk_pools=8
2026-09-27T09:01:25Z END   a_cssnbr3_cubic_chgnet_q1d2-1d2-1d2-b0_i04 status=ok wall=225s
2026-09-27T09:01:25Z START a_cssnbr3_cubic_chgnet_q1d2-1d2-1d2-b0_i08 nat=10 kpts=80 np=8 nk_pools=8
2026-09-27T09:04:46Z END   a_cssnbr3_cubic_chgnet_q1d2-1d2-1d2-b0_i05 status=ok wall=227s
2026-09-27T09:04:46Z START a_cssnbr3_cubic_chgnet_q1d2-1d2-1d2-b0_i09 nat=10 kpts=80 np=8 nk_pools=8
2026-09-27T09:05:05Z END   a_cssnbr3_cubic_chgnet_q1d2-1d2-1d2-b0_i07 status=ok wall=240s
2026-09-27T09:05:05Z START a_cssnbr3_cubic_mace_mp0_q1d2-1d2-0-b0_i00 nat=10 kpts=80 np=8 nk_pools=8
2026-09-27T09:05:06Z END   a_cssnbr3_cubic_chgnet_q1d2-1d2-1d2-b0_i06 status=ok wall=243s
2026-09-27T09:05:06Z START a_cssnbr3_cubic_mace_mp0_q1d2-1d2-0-b0_i01 nat=10 kpts=80 np=8 nk_pools=8
2026-09-27T09:05:21Z END   a_cssnbr3_cubic_chgnet_q1d2-1d2-1d2-b0_i08 status=ok wall=236s
2026-09-27T09:05:21Z START a_cssnbr3_cubic_mace_mp0_q1d2-1d2-0-b0_i02 nat=10 kpts=80 np=8 nk_pools=8
2026-09-27T09:07:21Z END   a_cssnbr3_cubic_mace_mp0_q1d2-1d2-0-b0_i00 status=ok wall=136s
2026-09-27T09:07:21Z START a_cssnbr3_cubic_mace_mp0_q1d2-1d2-0-b0_i03 nat=10 kpts=80 np=8 nk_pools=8
2026-09-27T09:07:26Z END   a_cssnbr3_cubic_mace_mp0_q1d2-1d2-0-b0_i01 status=ok wall=140s
2026-09-27T09:07:26Z START a_cssnbr3_cubic_mace_mp0_q1d2-1d2-0-b0_i04 nat=10 kpts=80 np=8 nk_pools=8
2026-09-27T09:07:37Z END   a_cssnbr3_cubic_mace_mp0_q1d2-1d2-0-b0_i02 status=ok wall=136s
2026-09-27T09:07:37Z START a_cssnbr3_cubic_mace_mp0_q1d2-1d2-0-b0_i05 nat=10 kpts=80 np=8 nk_pools=8
2026-09-27T09:08:24Z END   a_cssnbr3_cubic_chgnet_q1d2-1d2-1d2-b0_i09 status=ok wall=218s
2026-09-27T09:08:24Z START a_cssnbr3_cubic_mace_mp0_q1d2-1d2-0-b0_i06 nat=10 kpts=80 np=8 nk_pools=8
2026-09-27T09:09:30Z END   a_cssnbr3_cubic_mace_mp0_q1d2-1d2-0-b0_i03 status=ok wall=129s
2026-09-27T09:09:30Z START a_cssnbr3_cubic_mace_mp0_q1d2-1d2-0-b0_i07 nat=10 kpts=80 np=8 nk_pools=8
2026-09-27T09:09:39Z END   a_cssnbr3_cubic_mace_mp0_q1d2-1d2-0-b0_i04 status=ok wall=133s
2026-09-27T09:09:39Z START a_cssnbr3_cubic_mace_mp0_q1d2-1d2-0-b0_i08 nat=10 kpts=80 np=8 nk_pools=8
2026-09-27T09:09:51Z END   a_cssnbr3_cubic_mace_mp0_q1d2-1d2-0-b0_i05 status=ok wall=134s
2026-09-27T09:09:51Z START a_cssnbr3_cubic_mace_mp0_q1d2-1d2-0-b0_i09 nat=10 kpts=80 np=8 nk_pools=8
2026-09-27T09:10:39Z END   a_cssnbr3_cubic_mace_mp0_q1d2-1d2-0-b0_i06 status=ok wall=135s
2026-09-27T09:10:39Z START a_cssnbr3_cubic_mattersim_q0-1d2-1d2-b0_i00 nat=10 kpts=80 np=8 nk_pools=8
2026-09-27T09:11:44Z END   a_cssnbr3_cubic_mace_mp0_q1d2-1d2-0-b0_i07 status=ok wall=134s
2026-09-27T09:11:44Z START a_cssnbr3_cubic_mattersim_q0-1d2-1d2-b0_i01 nat=10 kpts=80 np=8 nk_pools=8
2026-09-27T09:11:47Z END   a_cssnbr3_cubic_mace_mp0_q1d2-1d2-0-b0_i08 status=ok wall=128s
2026-09-27T09:11:47Z START a_cssnbr3_cubic_mattersim_q0-1d2-1d2-b0_i02 nat=10 kpts=80 np=8 nk_pools=8
2026-09-27T09:12:04Z END   a_cssnbr3_cubic_mace_mp0_q1d2-1d2-0-b0_i09 status=ok wall=133s
2026-09-27T09:12:04Z START a_cssnbr3_cubic_mattersim_q0-1d2-1d2-b0_i03 nat=10 kpts=80 np=8 nk_pools=8
2026-09-27T09:12:55Z END   a_cssnbr3_cubic_mattersim_q0-1d2-1d2-b0_i00 status=ok wall=136s
2026-09-27T09:12:55Z START a_cssnbr3_cubic_mattersim_q0-1d2-1d2-b0_i04 nat=10 kpts=80 np=8 nk_pools=8
2026-09-27T09:14:02Z END   a_cssnbr3_cubic_mattersim_q0-1d2-1d2-b0_i01 status=ok wall=138s
2026-09-27T09:14:03Z START a_cssnbr3_cubic_mattersim_q0-1d2-1d2-b0_i05 nat=10 kpts=80 np=8 nk_pools=8
2026-09-27T09:14:05Z END   a_cssnbr3_cubic_mattersim_q0-1d2-1d2-b0_i02 status=ok wall=138s
2026-09-27T09:14:05Z START a_cssnbr3_cubic_mattersim_q0-1d2-1d2-b0_i06 nat=10 kpts=80 np=8 nk_pools=8
2026-09-27T09:14:29Z END   a_cssnbr3_cubic_mattersim_q0-1d2-1d2-b0_i03 status=ok wall=145s
2026-09-27T09:14:29Z START a_cssnbr3_cubic_mattersim_q0-1d2-1d2-b0_i07 nat=10 kpts=80 np=8 nk_pools=8
2026-09-27T09:15:32Z END   a_cssnbr3_cubic_mattersim_q0-1d2-1d2-b0_i04 status=ok wall=157s
2026-09-27T09:15:32Z START a_cssnbr3_cubic_mattersim_q0-1d2-1d2-b0_i08 nat=10 kpts=80 np=8 nk_pools=8
2026-09-27T09:16:46Z END   a_cssnbr3_cubic_mattersim_q0-1d2-1d2-b0_i05 status=ok wall=163s
2026-09-27T09:16:46Z START a_cssnbr3_cubic_mattersim_q0-1d2-1d2-b0_i09 nat=10 kpts=80 np=8 nk_pools=8
2026-09-27T09:16:49Z END   a_cssnbr3_cubic_mattersim_q0-1d2-1d2-b0_i06 status=ok wall=164s
2026-09-27T09:16:49Z START a_cssnbr3_cubic_orb_v2_q1d2-1d2-1d2-b2_i00 nat=10 kpts=80 np=8 nk_pools=8
2026-09-27T09:17:17Z END   a_cssnbr3_cubic_mattersim_q0-1d2-1d2-b0_i07 status=ok wall=168s
2026-09-27T09:17:17Z START a_cssnbr3_cubic_orb_v2_q1d2-1d2-1d2-b2_i01 nat=10 kpts=80 np=8 nk_pools=8
2026-09-27T09:18:15Z END   a_cssnbr3_cubic_mattersim_q0-1d2-1d2-b0_i08 status=ok wall=163s
2026-09-27T09:18:15Z START a_cssnbr3_cubic_orb_v2_q1d2-1d2-1d2-b2_i02 nat=10 kpts=80 np=8 nk_pools=8
2026-09-27T09:19:26Z END   a_cssnbr3_cubic_mattersim_q0-1d2-1d2-b0_i09 status=ok wall=160s
2026-09-27T09:19:26Z START a_cssnbr3_cubic_orb_v2_q1d2-1d2-1d2-b2_i03 nat=10 kpts=80 np=8 nk_pools=8
2026-09-27T09:23:23Z END   a_cssnbr3_cubic_orb_v2_q1d2-1d2-1d2-b2_i00 status=ok wall=394s
2026-09-27T09:23:23Z START a_cssnbr3_cubic_orb_v2_q1d2-1d2-1d2-b2_i04 nat=10 kpts=80 np=8 nk_pools=8
2026-09-27T09:23:28Z END   a_cssnbr3_cubic_orb_v2_q1d2-1d2-1d2-b2_i01 status=ok wall=371s
2026-09-27T09:23:28Z START a_cssnbr3_cubic_orb_v2_q1d2-1d2-1d2-b2_i05 nat=10 kpts=80 np=8 nk_pools=8
2026-09-27T09:24:33Z END   a_cssnbr3_cubic_orb_v2_q1d2-1d2-1d2-b2_i02 status=ok wall=378s
2026-09-27T09:24:33Z START a_cssnbr3_cubic_orb_v2_q1d2-1d2-1d2-b2_i06 nat=10 kpts=80 np=8 nk_pools=8
2026-09-27T09:25:44Z END   a_cssnbr3_cubic_orb_v2_q1d2-1d2-1d2-b2_i03 status=ok wall=378s
2026-09-27T09:25:44Z START a_cssnbr3_cubic_orb_v2_q1d2-1d2-1d2-b2_i07 nat=10 kpts=80 np=8 nk_pools=8
2026-09-27T09:29:27Z END   a_cssnbr3_cubic_orb_v2_q1d2-1d2-1d2-b2_i04 status=ok wall=364s
2026-09-27T09:29:27Z START a_cssnbr3_cubic_orb_v2_q1d2-1d2-1d2-b2_i08 nat=10 kpts=80 np=8 nk_pools=8
2026-09-27T09:29:29Z END   a_cssnbr3_cubic_orb_v2_q1d2-1d2-1d2-b2_i05 status=ok wall=361s
2026-09-27T09:29:29Z START a_cssnbr3_cubic_orb_v2_q1d2-1d2-1d2-b2_i09 nat=10 kpts=80 np=8 nk_pools=8
2026-09-27T09:30:30Z END   a_cssnbr3_cubic_orb_v2_q1d2-1d2-1d2-b2_i06 status=ok wall=357s
2026-09-27T09:30:30Z START a_batio3_cubic_mace_mp0_q1d2-0-1d2-b0_i00 nat=10 kpts=175 np=8 nk_pools=8
2026-09-27T09:31:11Z END   a_batio3_cubic_mace_mp0_q1d2-0-1d2-b0_i00 status=ok wall=41s
2026-09-27T09:31:11Z START a_batio3_cubic_mace_mp0_q1d2-0-1d2-b0_i01 nat=10 kpts=175 np=8 nk_pools=8
2026-09-27T09:31:45Z END   a_cssnbr3_cubic_orb_v2_q1d2-1d2-1d2-b2_i07 status=ok wall=361s
2026-09-27T09:31:45Z START a_batio3_cubic_mace_mp0_q1d2-0-1d2-b0_i02 nat=10 kpts=175 np=8 nk_pools=8
2026-09-27T09:31:51Z END   a_batio3_cubic_mace_mp0_q1d2-0-1d2-b0_i01 status=ok wall=40s
2026-09-27T09:31:51Z START a_batio3_cubic_mace_mp0_q1d2-0-1d2-b0_i03 nat=10 kpts=175 np=8 nk_pools=8
2026-09-27T09:32:25Z END   a_batio3_cubic_mace_mp0_q1d2-0-1d2-b0_i02 status=ok wall=40s
2026-09-27T09:32:25Z START a_batio3_cubic_mace_mp0_q1d2-0-1d2-b0_i04 nat=10 kpts=175 np=8 nk_pools=8
2026-09-27T09:32:32Z END   a_batio3_cubic_mace_mp0_q1d2-0-1d2-b0_i03 status=ok wall=41s
2026-09-27T09:32:32Z START a_batio3_cubic_mace_mp0_q1d2-0-1d2-b0_i05 nat=10 kpts=175 np=8 nk_pools=8
2026-09-27T09:33:06Z END   a_batio3_cubic_mace_mp0_q1d2-0-1d2-b0_i04 status=ok wall=41s
2026-09-27T09:33:06Z START a_batio3_cubic_mace_mp0_q1d2-0-1d2-b0_i06 nat=10 kpts=175 np=8 nk_pools=8
2026-09-27T09:33:13Z END   a_batio3_cubic_mace_mp0_q1d2-0-1d2-b0_i05 status=ok wall=41s
2026-09-27T09:33:13Z START a_batio3_cubic_mace_mp0_q1d2-0-1d2-b0_i07 nat=10 kpts=175 np=8 nk_pools=8
2026-09-27T09:33:48Z END   a_batio3_cubic_mace_mp0_q1d2-0-1d2-b0_i06 status=ok wall=42s
2026-09-27T09:33:48Z START a_batio3_cubic_mace_mp0_q1d2-0-1d2-b0_i08 nat=10 kpts=175 np=8 nk_pools=8
2026-09-27T09:33:53Z END   a_batio3_cubic_mace_mp0_q1d2-0-1d2-b0_i07 status=ok wall=40s
2026-09-27T09:33:53Z START a_batio3_cubic_mace_mp0_q1d2-0-1d2-b0_i09 nat=10 kpts=175 np=8 nk_pools=8
2026-09-27T09:34:28Z END   a_batio3_cubic_mace_mp0_q1d2-0-1d2-b0_i08 status=ok wall=40s
2026-09-27T09:34:28Z START a_batio3_cubic_orb_v2_q1d2-1d2-0-b0_i00 nat=10 kpts=175 np=8 nk_pools=8
2026-09-27T09:34:36Z END   a_batio3_cubic_mace_mp0_q1d2-0-1d2-b0_i09 status=ok wall=43s
2026-09-27T09:34:36Z START a_batio3_cubic_orb_v2_q1d2-1d2-0-b0_i01 nat=10 kpts=175 np=8 nk_pools=8
2026-09-27T09:34:45Z END   a_cssnbr3_cubic_orb_v2_q1d2-1d2-1d2-b2_i08 status=ok wall=318s
2026-09-27T09:34:45Z START a_batio3_cubic_orb_v2_q1d2-1d2-0-b0_i02 nat=10 kpts=175 np=8 nk_pools=8
2026-09-27T09:34:49Z END   a_cssnbr3_cubic_orb_v2_q1d2-1d2-1d2-b2_i09 status=ok wall=320s
2026-09-27T09:34:49Z START a_batio3_cubic_orb_v2_q1d2-1d2-0-b0_i03 nat=10 kpts=175 np=8 nk_pools=8
2026-09-27T09:36:38Z END   a_batio3_cubic_orb_v2_q1d2-1d2-0-b0_i02 status=ok wall=113s
2026-09-27T09:36:38Z START a_batio3_cubic_orb_v2_q1d2-1d2-0-b0_i04 nat=10 kpts=175 np=8 nk_pools=8
2026-09-27T09:36:41Z END   a_batio3_cubic_orb_v2_q1d2-1d2-0-b0_i00 status=ok wall=133s
2026-09-27T09:36:41Z START a_batio3_cubic_orb_v2_q1d2-1d2-0-b0_i05 nat=10 kpts=175 np=8 nk_pools=8
2026-09-27T09:36:52Z END   a_batio3_cubic_orb_v2_q1d2-1d2-0-b0_i01 status=ok wall=136s
2026-09-27T09:36:52Z START a_batio3_cubic_orb_v2_q1d2-1d2-0-b0_i06 nat=10 kpts=175 np=8 nk_pools=8
2026-09-27T09:37:33Z END   a_batio3_cubic_orb_v2_q1d2-1d2-0-b0_i03 status=ok wall=164s
2026-09-27T09:37:33Z START a_batio3_cubic_orb_v2_q1d2-1d2-0-b0_i07 nat=10 kpts=175 np=8 nk_pools=8
2026-09-27T09:38:36Z END   a_batio3_cubic_orb_v2_q1d2-1d2-0-b0_i06 status=ok wall=104s
2026-09-27T09:38:36Z START a_batio3_cubic_orb_v2_q1d2-1d2-0-b0_i08 nat=10 kpts=175 np=8 nk_pools=8
2026-09-27T09:38:53Z END   a_batio3_cubic_orb_v2_q1d2-1d2-0-b0_i04 status=ok wall=135s
2026-09-27T09:38:53Z START a_batio3_cubic_orb_v2_q1d2-1d2-0-b0_i09 nat=10 kpts=175 np=8 nk_pools=8
2026-09-27T09:39:12Z END   a_batio3_cubic_orb_v2_q1d2-1d2-0-b0_i05 status=ok wall=151s
2026-09-27T09:39:13Z START a_batio3_cubic_sevennet0_q1d2-0-1d2-b0_i00 nat=10 kpts=175 np=8 nk_pools=8
2026-09-27T09:39:24Z END   a_batio3_cubic_orb_v2_q1d2-1d2-0-b0_i07 status=ok wall=111s
2026-09-27T09:39:24Z START a_batio3_cubic_sevennet0_q1d2-0-1d2-b0_i01 nat=10 kpts=175 np=8 nk_pools=8
2026-09-27T09:39:51Z END   a_batio3_cubic_sevennet0_q1d2-0-1d2-b0_i00 status=ok wall=38s
2026-09-27T09:39:51Z START a_batio3_cubic_sevennet0_q1d2-0-1d2-b0_i02 nat=10 kpts=175 np=8 nk_pools=8
2026-09-27T09:40:01Z END   a_batio3_cubic_sevennet0_q1d2-0-1d2-b0_i01 status=ok wall=37s
2026-09-27T09:40:01Z START a_batio3_cubic_sevennet0_q1d2-0-1d2-b0_i03 nat=10 kpts=175 np=8 nk_pools=8
2026-09-27T09:40:30Z END   a_batio3_cubic_orb_v2_q1d2-1d2-0-b0_i08 status=ok wall=114s
2026-09-27T09:40:30Z START a_batio3_cubic_sevennet0_q1d2-0-1d2-b0_i04 nat=10 kpts=175 np=8 nk_pools=8
2026-09-27T09:40:30Z END   a_batio3_cubic_sevennet0_q1d2-0-1d2-b0_i02 status=ok wall=39s
2026-09-27T09:40:30Z START a_batio3_cubic_sevennet0_q1d2-0-1d2-b0_i05 nat=10 kpts=175 np=8 nk_pools=8
2026-09-27T09:40:39Z END   a_batio3_cubic_sevennet0_q1d2-0-1d2-b0_i03 status=ok wall=38s
2026-09-27T09:40:39Z START a_batio3_cubic_sevennet0_q1d2-0-1d2-b0_i06 nat=10 kpts=175 np=8 nk_pools=8
2026-09-27T09:40:48Z END   a_batio3_cubic_orb_v2_q1d2-1d2-0-b0_i09 status=ok wall=115s
2026-09-27T09:40:48Z START a_batio3_cubic_sevennet0_q1d2-0-1d2-b0_i07 nat=10 kpts=175 np=8 nk_pools=8
2026-09-27T09:41:06Z END   a_batio3_cubic_sevennet0_q1d2-0-1d2-b0_i04 status=ok wall=36s
2026-09-27T09:41:06Z START a_batio3_cubic_sevennet0_q1d2-0-1d2-b0_i08 nat=10 kpts=175 np=8 nk_pools=8
2026-09-27T09:41:09Z END   a_batio3_cubic_sevennet0_q1d2-0-1d2-b0_i05 status=ok wall=39s
2026-09-27T09:41:09Z START a_batio3_cubic_sevennet0_q1d2-0-1d2-b0_i09 nat=10 kpts=175 np=8 nk_pools=8
2026-09-27T09:41:16Z END   a_batio3_cubic_sevennet0_q1d2-0-1d2-b0_i06 status=ok wall=37s
2026-09-27T09:41:16Z START a_knbo3_cubic_mace_mp0_q0-1d2-1d2-b0_i00 nat=10 kpts=175 np=8 nk_pools=8
2026-09-27T09:41:23Z END   a_batio3_cubic_sevennet0_q1d2-0-1d2-b0_i07 status=ok wall=35s
2026-09-27T09:41:23Z START a_knbo3_cubic_mace_mp0_q0-1d2-1d2-b0_i01 nat=10 kpts=175 np=8 nk_pools=8
2026-09-27T09:41:46Z END   a_batio3_cubic_sevennet0_q1d2-0-1d2-b0_i08 status=ok wall=40s
2026-09-27T09:41:46Z START a_knbo3_cubic_mace_mp0_q0-1d2-1d2-b0_i02 nat=10 kpts=175 np=8 nk_pools=8
2026-09-27T09:41:47Z END   a_batio3_cubic_sevennet0_q1d2-0-1d2-b0_i09 status=ok wall=38s
2026-09-27T09:41:47Z START a_knbo3_cubic_mace_mp0_q0-1d2-1d2-b0_i03 nat=10 kpts=175 np=8 nk_pools=8
2026-09-27T09:42:07Z END   a_knbo3_cubic_mace_mp0_q0-1d2-1d2-b0_i00 status=ok wall=51s
2026-09-27T09:42:07Z START a_knbo3_cubic_mace_mp0_q0-1d2-1d2-b0_i04 nat=10 kpts=175 np=8 nk_pools=8
2026-09-27T09:42:15Z END   a_knbo3_cubic_mace_mp0_q0-1d2-1d2-b0_i01 status=ok wall=52s
2026-09-27T09:42:15Z START a_knbo3_cubic_mace_mp0_q0-1d2-1d2-b0_i05 nat=10 kpts=175 np=8 nk_pools=8
2026-09-27T09:42:35Z END   a_knbo3_cubic_mace_mp0_q0-1d2-1d2-b0_i02 status=ok wall=49s
2026-09-27T09:42:35Z START a_knbo3_cubic_mace_mp0_q0-1d2-1d2-b0_i06 nat=10 kpts=175 np=8 nk_pools=8
2026-09-27T09:42:37Z END   a_knbo3_cubic_mace_mp0_q0-1d2-1d2-b0_i03 status=ok wall=50s
2026-09-27T09:42:37Z START a_knbo3_cubic_mace_mp0_q0-1d2-1d2-b0_i07 nat=10 kpts=175 np=8 nk_pools=8
2026-09-27T09:43:00Z END   a_knbo3_cubic_mace_mp0_q0-1d2-1d2-b0_i04 status=ok wall=53s
2026-09-27T09:43:00Z START a_knbo3_cubic_mace_mp0_q0-1d2-1d2-b0_i08 nat=10 kpts=175 np=8 nk_pools=8
2026-09-27T09:43:02Z END   a_knbo3_cubic_mace_mp0_q0-1d2-1d2-b0_i05 status=ok wall=47s
2026-09-27T09:43:02Z START a_knbo3_cubic_mace_mp0_q0-1d2-1d2-b0_i09 nat=10 kpts=175 np=8 nk_pools=8
2026-09-27T09:43:16Z END   a_knbo3_cubic_mace_mp0_q0-1d2-1d2-b0_i06 status=ok wall=41s
2026-09-27T09:43:16Z START a_knbo3_cubic_mattersim_q0-1d2-1d2-b0_i00 nat=10 kpts=175 np=8 nk_pools=8
2026-09-27T09:43:23Z END   a_knbo3_cubic_mace_mp0_q0-1d2-1d2-b0_i07 status=ok wall=46s
2026-09-27T09:43:23Z START a_knbo3_cubic_mattersim_q0-1d2-1d2-b0_i01 nat=10 kpts=175 np=8 nk_pools=8
2026-09-27T09:43:41Z END   a_knbo3_cubic_mace_mp0_q0-1d2-1d2-b0_i08 status=ok wall=41s
2026-09-27T09:43:41Z START a_knbo3_cubic_mattersim_q0-1d2-1d2-b0_i02 nat=10 kpts=175 np=8 nk_pools=8
2026-09-27T09:43:42Z END   a_knbo3_cubic_mace_mp0_q0-1d2-1d2-b0_i09 status=ok wall=40s
2026-09-27T09:43:42Z START a_knbo3_cubic_mattersim_q0-1d2-1d2-b0_i03 nat=10 kpts=175 np=8 nk_pools=8
2026-09-27T09:44:08Z END   a_knbo3_cubic_mattersim_q0-1d2-1d2-b0_i00 status=ok wall=52s
2026-09-27T09:44:08Z START a_knbo3_cubic_mattersim_q0-1d2-1d2-b0_i04 nat=10 kpts=175 np=8 nk_pools=8
2026-09-27T09:44:17Z END   a_knbo3_cubic_mattersim_q0-1d2-1d2-b0_i01 status=ok wall=54s
2026-09-27T09:44:17Z START a_knbo3_cubic_mattersim_q0-1d2-1d2-b0_i05 nat=10 kpts=175 np=8 nk_pools=8
2026-09-27T09:44:32Z END   a_knbo3_cubic_mattersim_q0-1d2-1d2-b0_i03 status=ok wall=50s
2026-09-27T09:44:32Z START a_knbo3_cubic_mattersim_q0-1d2-1d2-b0_i06 nat=10 kpts=175 np=8 nk_pools=8
2026-09-27T09:44:34Z END   a_knbo3_cubic_mattersim_q0-1d2-1d2-b0_i02 status=ok wall=53s
2026-09-27T09:44:34Z START a_knbo3_cubic_mattersim_q0-1d2-1d2-b0_i07 nat=10 kpts=175 np=8 nk_pools=8
2026-09-27T09:44:58Z END   a_knbo3_cubic_mattersim_q0-1d2-1d2-b0_i05 status=ok wall=41s
2026-09-27T09:44:58Z START a_knbo3_cubic_mattersim_q0-1d2-1d2-b0_i08 nat=10 kpts=175 np=8 nk_pools=8
2026-09-27T09:45:00Z END   a_knbo3_cubic_mattersim_q0-1d2-1d2-b0_i04 status=ok wall=52s
2026-09-27T09:45:00Z START a_knbo3_cubic_mattersim_q0-1d2-1d2-b0_i09 nat=10 kpts=175 np=8 nk_pools=8
2026-09-27T09:45:13Z END   a_knbo3_cubic_mattersim_q0-1d2-1d2-b0_i06 status=ok wall=41s
2026-09-27T09:45:13Z START a_knbo3_cubic_orb_v2_q1d2-1d2-0-b0_i00 nat=10 kpts=175 np=8 nk_pools=8
2026-09-27T09:45:20Z END   a_knbo3_cubic_mattersim_q0-1d2-1d2-b0_i07 status=ok wall=46s
2026-09-27T09:45:20Z START a_knbo3_cubic_orb_v2_q1d2-1d2-0-b0_i01 nat=10 kpts=175 np=8 nk_pools=8
2026-09-27T09:45:39Z END   a_knbo3_cubic_mattersim_q0-1d2-1d2-b0_i09 status=ok wall=39s
2026-09-27T09:45:39Z START a_knbo3_cubic_orb_v2_q1d2-1d2-0-b0_i02 nat=10 kpts=175 np=8 nk_pools=8
2026-09-27T09:45:40Z END   a_knbo3_cubic_mattersim_q0-1d2-1d2-b0_i08 status=ok wall=42s
2026-09-27T09:45:40Z START a_knbo3_cubic_orb_v2_q1d2-1d2-0-b0_i03 nat=10 kpts=175 np=8 nk_pools=8
2026-09-27T09:47:07Z END   a_knbo3_cubic_orb_v2_q1d2-1d2-0-b0_i00 status=ok wall=114s
2026-09-27T09:47:07Z START a_knbo3_cubic_orb_v2_q1d2-1d2-0-b0_i04 nat=10 kpts=175 np=8 nk_pools=8
2026-09-27T09:47:15Z END   a_knbo3_cubic_orb_v2_q1d2-1d2-0-b0_i01 status=ok wall=115s
2026-09-27T09:47:15Z START a_knbo3_cubic_orb_v2_q1d2-1d2-0-b0_i05 nat=10 kpts=175 np=8 nk_pools=8
2026-09-27T09:47:29Z END   a_knbo3_cubic_orb_v2_q1d2-1d2-0-b0_i03 status=ok wall=109s
2026-09-27T09:47:29Z START a_knbo3_cubic_orb_v2_q1d2-1d2-0-b0_i06 nat=10 kpts=175 np=8 nk_pools=8
2026-09-27T09:47:32Z END   a_knbo3_cubic_orb_v2_q1d2-1d2-0-b0_i02 status=ok wall=113s
2026-09-27T09:47:32Z START a_knbo3_cubic_orb_v2_q1d2-1d2-0-b0_i07 nat=10 kpts=175 np=8 nk_pools=8
2026-09-27T09:49:01Z END   a_knbo3_cubic_orb_v2_q1d2-1d2-0-b0_i04 status=ok wall=114s
2026-09-27T09:49:01Z START a_knbo3_cubic_orb_v2_q1d2-1d2-0-b0_i08 nat=10 kpts=175 np=8 nk_pools=8
2026-09-27T09:49:07Z END   a_knbo3_cubic_orb_v2_q1d2-1d2-0-b0_i05 status=ok wall=112s
2026-09-27T09:49:07Z START a_knbo3_cubic_orb_v2_q1d2-1d2-0-b0_i09 nat=10 kpts=175 np=8 nk_pools=8
2026-09-27T09:49:14Z END   a_knbo3_cubic_orb_v2_q1d2-1d2-0-b0_i06 status=ok wall=105s
2026-09-27T09:49:14Z START a_knbo3_cubic_sevennet0_q0-1d2-1d2-b0_i00 nat=10 kpts=175 np=8 nk_pools=8
2026-09-27T09:49:27Z END   a_knbo3_cubic_orb_v2_q1d2-1d2-0-b0_i07 status=ok wall=115s
2026-09-27T09:49:27Z START a_knbo3_cubic_sevennet0_q0-1d2-1d2-b0_i01 nat=10 kpts=175 np=8 nk_pools=8
2026-09-27T09:50:02Z END   a_knbo3_cubic_sevennet0_q0-1d2-1d2-b0_i00 status=ok wall=48s
2026-09-27T09:50:02Z START a_knbo3_cubic_sevennet0_q0-1d2-1d2-b0_i02 nat=10 kpts=175 np=8 nk_pools=8
2026-09-27T09:50:19Z END   a_knbo3_cubic_sevennet0_q0-1d2-1d2-b0_i01 status=ok wall=52s
2026-09-27T09:50:19Z START a_knbo3_cubic_sevennet0_q0-1d2-1d2-b0_i03 nat=10 kpts=175 np=8 nk_pools=8
2026-09-27T09:50:43Z END   a_knbo3_cubic_orb_v2_q1d2-1d2-0-b0_i08 status=ok wall=102s
2026-09-27T09:50:43Z START a_knbo3_cubic_sevennet0_q0-1d2-1d2-b0_i04 nat=10 kpts=175 np=8 nk_pools=8
2026-09-27T09:50:49Z END   a_knbo3_cubic_orb_v2_q1d2-1d2-0-b0_i09 status=ok wall=102s
2026-09-27T09:50:49Z START a_knbo3_cubic_sevennet0_q0-1d2-1d2-b0_i05 nat=10 kpts=175 np=8 nk_pools=8
2026-09-27T09:50:51Z END   a_knbo3_cubic_sevennet0_q0-1d2-1d2-b0_i02 status=ok wall=49s
2026-09-27T09:50:51Z START a_knbo3_cubic_sevennet0_q0-1d2-1d2-b0_i06 nat=10 kpts=175 np=8 nk_pools=8
2026-09-27T09:51:08Z END   a_knbo3_cubic_sevennet0_q0-1d2-1d2-b0_i03 status=ok wall=49s
2026-09-27T09:51:08Z START a_knbo3_cubic_sevennet0_q0-1d2-1d2-b0_i07 nat=10 kpts=175 np=8 nk_pools=8
2026-09-27T09:51:33Z END   a_knbo3_cubic_sevennet0_q0-1d2-1d2-b0_i05 status=ok wall=44s
2026-09-27T09:51:33Z START a_knbo3_cubic_sevennet0_q0-1d2-1d2-b0_i08 nat=10 kpts=175 np=8 nk_pools=8
2026-09-27T09:51:36Z END   a_knbo3_cubic_sevennet0_q0-1d2-1d2-b0_i04 status=ok wall=53s
2026-09-27T09:51:36Z START a_knbo3_cubic_sevennet0_q0-1d2-1d2-b0_i09 nat=10 kpts=175 np=8 nk_pools=8
2026-09-27T09:51:37Z END   a_knbo3_cubic_sevennet0_q0-1d2-1d2-b0_i06 status=ok wall=46s
2026-09-27T09:51:37Z START a_batio3_cubic_sevennet0_q1d2-0-0-b0_i00 nat=10 kpts=196 np=8 nk_pools=8
2026-09-27T09:51:52Z END   a_knbo3_cubic_sevennet0_q0-1d2-1d2-b0_i07 status=ok wall=44s
2026-09-27T09:51:52Z START a_batio3_cubic_sevennet0_q1d2-0-0-b0_i01 nat=10 kpts=196 np=8 nk_pools=8
2026-09-27T09:52:14Z END   a_knbo3_cubic_sevennet0_q0-1d2-1d2-b0_i08 status=ok wall=41s
2026-09-27T09:52:14Z START a_batio3_cubic_sevennet0_q1d2-0-0-b0_i02 nat=10 kpts=196 np=8 nk_pools=8
2026-09-27T09:52:17Z END   a_knbo3_cubic_sevennet0_q0-1d2-1d2-b0_i09 status=ok wall=41s
2026-09-27T09:52:17Z START a_batio3_cubic_sevennet0_q1d2-0-0-b0_i03 nat=10 kpts=196 np=8 nk_pools=8
2026-09-27T09:52:23Z END   a_batio3_cubic_sevennet0_q1d2-0-0-b0_i00 status=ok wall=46s
2026-09-27T09:52:23Z START a_batio3_cubic_sevennet0_q1d2-0-0-b0_i04 nat=10 kpts=196 np=8 nk_pools=8
2026-09-27T09:53:13Z END   a_batio3_cubic_sevennet0_q1d2-0-0-b0_i01 status=ok wall=81s
2026-09-27T09:53:13Z START a_batio3_cubic_sevennet0_q1d2-0-0-b0_i05 nat=10 kpts=196 np=8 nk_pools=8
2026-09-27T09:53:34Z END   a_batio3_cubic_sevennet0_q1d2-0-0-b0_i02 status=ok wall=80s
2026-09-27T09:53:34Z START a_batio3_cubic_sevennet0_q1d2-0-0-b0_i06 nat=10 kpts=196 np=8 nk_pools=8
2026-09-27T09:53:35Z END   a_batio3_cubic_sevennet0_q1d2-0-0-b0_i03 status=ok wall=78s
2026-09-27T09:53:35Z START a_batio3_cubic_sevennet0_q1d2-0-0-b0_i07 nat=10 kpts=196 np=8 nk_pools=8
2026-09-27T09:54:04Z END   a_batio3_cubic_sevennet0_q1d2-0-0-b0_i04 status=ok wall=101s
2026-09-27T09:54:04Z START a_batio3_cubic_sevennet0_q1d2-0-0-b0_i08 nat=10 kpts=196 np=8 nk_pools=8
2026-09-27T09:54:32Z END   a_batio3_cubic_sevennet0_q1d2-0-0-b0_i05 status=ok wall=79s
2026-09-27T09:54:32Z START a_batio3_cubic_sevennet0_q1d2-0-0-b0_i09 nat=10 kpts=196 np=8 nk_pools=8
2026-09-27T09:54:53Z END   a_batio3_cubic_sevennet0_q1d2-0-0-b0_i06 status=ok wall=79s
2026-09-27T09:54:53Z START a_srtio3_cubic_mace_mp0_q1d2-1d2-1d2-b0_i00 nat=10 kpts=216 np=8 nk_pools=8
2026-09-27T09:54:55Z END   a_batio3_cubic_sevennet0_q1d2-0-0-b0_i07 status=ok wall=80s
2026-09-27T09:54:55Z START a_srtio3_cubic_mace_mp0_q1d2-1d2-1d2-b0_i01 nat=10 kpts=216 np=8 nk_pools=8
2026-09-27T09:55:19Z END   a_srtio3_cubic_mace_mp0_q1d2-1d2-1d2-b0_i00 status=ok wall=26s
2026-09-27T09:55:19Z START a_srtio3_cubic_mace_mp0_q1d2-1d2-1d2-b0_i02 nat=10 kpts=216 np=8 nk_pools=8
2026-09-27T09:55:21Z END   a_batio3_cubic_sevennet0_q1d2-0-0-b0_i08 status=ok wall=77s
2026-09-27T09:55:21Z START a_srtio3_cubic_mace_mp0_q1d2-1d2-1d2-b0_i03 nat=10 kpts=216 np=8 nk_pools=8
2026-09-27T09:55:49Z END   a_batio3_cubic_sevennet0_q1d2-0-0-b0_i09 status=ok wall=77s
2026-09-27T09:55:49Z START a_srtio3_cubic_mace_mp0_q1d2-1d2-1d2-b0_i04 nat=10 kpts=216 np=8 nk_pools=8
2026-09-27T09:56:40Z END   a_srtio3_cubic_mace_mp0_q1d2-1d2-1d2-b0_i01 status=ok wall=105s
2026-09-27T09:56:40Z START a_srtio3_cubic_mace_mp0_q1d2-1d2-1d2-b0_i05 nat=10 kpts=216 np=8 nk_pools=8
2026-09-27T09:56:56Z END   a_srtio3_cubic_mace_mp0_q1d2-1d2-1d2-b0_i03 status=ok wall=95s
2026-09-27T09:56:56Z START a_srtio3_cubic_mace_mp0_q1d2-1d2-1d2-b0_i06 nat=10 kpts=216 np=8 nk_pools=8
2026-09-27T09:57:05Z END   a_srtio3_cubic_mace_mp0_q1d2-1d2-1d2-b0_i02 status=ok wall=106s
2026-09-27T09:57:05Z START a_srtio3_cubic_mace_mp0_q1d2-1d2-1d2-b0_i07 nat=10 kpts=216 np=8 nk_pools=8
2026-09-27T09:57:33Z END   a_srtio3_cubic_mace_mp0_q1d2-1d2-1d2-b0_i04 status=ok wall=104s
2026-09-27T09:57:33Z START a_srtio3_cubic_mace_mp0_q1d2-1d2-1d2-b0_i08 nat=10 kpts=216 np=8 nk_pools=8
2026-09-27T09:58:34Z END   a_srtio3_cubic_mace_mp0_q1d2-1d2-1d2-b0_i05 status=ok wall=114s
2026-09-27T09:58:34Z START a_srtio3_cubic_mace_mp0_q1d2-1d2-1d2-b0_i09 nat=10 kpts=216 np=8 nk_pools=8
2026-09-27T09:58:36Z END   a_srtio3_cubic_mace_mp0_q1d2-1d2-1d2-b0_i06 status=ok wall=100s
2026-09-27T09:58:36Z START a_srtio3_cubic_sevennet0_q1d2-1d2-1d2-b0_i00 nat=10 kpts=216 np=8 nk_pools=8
2026-09-27T09:58:53Z END   a_srtio3_cubic_mace_mp0_q1d2-1d2-1d2-b0_i07 status=ok wall=108s
2026-09-27T09:58:53Z START a_srtio3_cubic_sevennet0_q1d2-1d2-1d2-b0_i01 nat=10 kpts=216 np=8 nk_pools=8
2026-09-27T09:59:03Z END   a_srtio3_cubic_sevennet0_q1d2-1d2-1d2-b0_i00 status=ok wall=27s
2026-09-27T09:59:03Z START a_srtio3_cubic_sevennet0_q1d2-1d2-1d2-b0_i02 nat=10 kpts=216 np=8 nk_pools=8
2026-09-27T09:59:09Z END   a_srtio3_cubic_mace_mp0_q1d2-1d2-1d2-b0_i08 status=ok wall=96s
2026-09-27T09:59:09Z START a_srtio3_cubic_sevennet0_q1d2-1d2-1d2-b0_i03 nat=10 kpts=216 np=8 nk_pools=8
2026-09-27T10:00:31Z END   a_srtio3_cubic_sevennet0_q1d2-1d2-1d2-b0_i01 status=ok wall=98s
2026-09-27T10:00:31Z START a_srtio3_cubic_sevennet0_q1d2-1d2-1d2-b0_i04 nat=10 kpts=216 np=8 nk_pools=8
2026-09-27T10:00:33Z END   a_srtio3_cubic_mace_mp0_q1d2-1d2-1d2-b0_i09 status=ok wall=119s
2026-09-27T10:00:33Z START a_srtio3_cubic_sevennet0_q1d2-1d2-1d2-b0_i05 nat=10 kpts=216 np=8 nk_pools=8
2026-09-27T10:00:45Z END   a_srtio3_cubic_sevennet0_q1d2-1d2-1d2-b0_i02 status=ok wall=102s
2026-09-27T10:00:45Z START a_srtio3_cubic_sevennet0_q1d2-1d2-1d2-b0_i06 nat=10 kpts=216 np=8 nk_pools=8
2026-09-27T10:00:57Z END   a_srtio3_cubic_sevennet0_q1d2-1d2-1d2-b0_i03 status=ok wall=108s
2026-09-27T10:00:57Z START a_srtio3_cubic_sevennet0_q1d2-1d2-1d2-b0_i07 nat=10 kpts=216 np=8 nk_pools=8
2026-09-27T10:02:15Z END   a_srtio3_cubic_sevennet0_q1d2-1d2-1d2-b0_i04 status=ok wall=104s
2026-09-27T10:02:15Z START a_srtio3_cubic_sevennet0_q1d2-1d2-1d2-b0_i08 nat=10 kpts=216 np=8 nk_pools=8
2026-09-27T10:02:27Z END   a_srtio3_cubic_sevennet0_q1d2-1d2-1d2-b0_i05 status=ok wall=114s
2026-09-27T10:02:27Z START a_srtio3_cubic_sevennet0_q1d2-1d2-1d2-b0_i09 nat=10 kpts=216 np=8 nk_pools=8
2026-09-27T10:02:31Z END   a_srtio3_cubic_sevennet0_q1d2-1d2-1d2-b0_i06 status=ok wall=106s
2026-09-27T10:02:31Z START a_batio3_cubic_chgnet_q1d2-1d2-0-b0_i00 nat=20 kpts=112 np=8 nk_pools=8
2026-09-27T10:02:34Z END   a_batio3_cubic_chgnet_q1d2-1d2-0-b0_i00 status=failed(rc=1) wall=3s
2026-09-27T10:02:34Z START a_batio3_cubic_chgnet_q1d2-1d2-0-b0_i01 nat=20 kpts=112 np=8 nk_pools=8
2026-09-27T10:02:36Z END   a_batio3_cubic_chgnet_q1d2-1d2-0-b0_i01 status=failed(rc=1) wall=2s
2026-09-27T10:02:36Z START a_batio3_cubic_chgnet_q1d2-1d2-0-b0_i02 nat=20 kpts=112 np=8 nk_pools=8
2026-09-27T10:02:44Z END   a_srtio3_cubic_sevennet0_q1d2-1d2-1d2-b0_i07 status=ok wall=107s
2026-09-27T10:02:44Z START a_batio3_cubic_chgnet_q1d2-1d2-0-b0_i03 nat=20 kpts=112 np=8 nk_pools=8
2026-09-27T10:04:02Z END   a_srtio3_cubic_sevennet0_q1d2-1d2-1d2-b0_i08 status=ok wall=107s
2026-09-27T10:04:02Z START a_batio3_cubic_chgnet_q1d2-1d2-0-b0_i04 nat=20 kpts=112 np=8 nk_pools=8
2026-09-27T10:04:23Z END   a_srtio3_cubic_sevennet0_q1d2-1d2-1d2-b0_i09 status=ok wall=116s
2026-09-27T10:04:23Z START a_batio3_cubic_chgnet_q1d2-1d2-0-b0_i05 nat=20 kpts=112 np=8 nk_pools=8
2026-09-27T10:07:16Z END   a_batio3_cubic_chgnet_q1d2-1d2-0-b0_i02 status=ok wall=280s
2026-09-27T10:07:16Z START a_batio3_cubic_chgnet_q1d2-1d2-0-b0_i06 nat=20 kpts=112 np=8 nk_pools=8
2026-09-27T10:08:44Z END   a_batio3_cubic_chgnet_q1d2-1d2-0-b0_i03 status=ok wall=360s
2026-09-27T10:08:44Z START a_batio3_cubic_chgnet_q1d2-1d2-0-b0_i07 nat=20 kpts=112 np=8 nk_pools=8
2026-09-27T10:09:25Z END   a_batio3_cubic_chgnet_q1d2-1d2-0-b0_i05 status=ok wall=302s
2026-09-27T10:09:25Z START a_batio3_cubic_chgnet_q1d2-1d2-0-b0_i08 nat=20 kpts=112 np=8 nk_pools=8
2026-09-27T10:09:52Z END   a_batio3_cubic_chgnet_q1d2-1d2-0-b0_i04 status=ok wall=350s
2026-09-27T10:09:52Z START a_batio3_cubic_chgnet_q1d2-1d2-0-b0_i09 nat=20 kpts=112 np=8 nk_pools=8
2026-09-27T10:13:47Z END   a_batio3_cubic_chgnet_q1d2-1d2-0-b0_i06 status=ok wall=391s
2026-09-27T10:13:47Z START a_batio3_cubic_mattersim_q1d2-0-1d2-b0_i00 nat=20 kpts=112 np=8 nk_pools=8
2026-09-27T10:15:24Z END   a_batio3_cubic_chgnet_q1d2-1d2-0-b0_i07 status=ok wall=400s
2026-09-27T10:15:24Z START a_batio3_cubic_mattersim_q1d2-0-1d2-b0_i01 nat=20 kpts=112 np=8 nk_pools=8
2026-09-27T10:15:54Z END   a_batio3_cubic_mattersim_q1d2-0-1d2-b0_i00 status=ok wall=127s
2026-09-27T10:15:54Z START a_batio3_cubic_mattersim_q1d2-0-1d2-b0_i02 nat=20 kpts=112 np=8 nk_pools=8
2026-09-27T10:16:05Z END   a_batio3_cubic_chgnet_q1d2-1d2-0-b0_i09 status=ok wall=373s
2026-09-27T10:16:05Z START a_batio3_cubic_mattersim_q1d2-0-1d2-b0_i03 nat=20 kpts=112 np=8 nk_pools=8
2026-09-27T10:17:09Z END   a_batio3_cubic_chgnet_q1d2-1d2-0-b0_i08 status=ok wall=464s
2026-09-27T10:17:09Z START a_batio3_cubic_mattersim_q1d2-0-1d2-b0_i04 nat=20 kpts=112 np=8 nk_pools=8
2026-09-27T10:17:36Z END   a_batio3_cubic_mattersim_q1d2-0-1d2-b0_i01 status=ok wall=132s
2026-09-27T10:17:36Z START a_batio3_cubic_mattersim_q1d2-0-1d2-b0_i05 nat=20 kpts=112 np=8 nk_pools=8
2026-09-27T10:18:06Z END   a_batio3_cubic_mattersim_q1d2-0-1d2-b0_i03 status=ok wall=120s
2026-09-27T10:18:06Z START a_batio3_cubic_mattersim_q1d2-0-1d2-b0_i06 nat=20 kpts=112 np=8 nk_pools=8
2026-09-27T10:18:09Z END   a_batio3_cubic_mattersim_q1d2-0-1d2-b0_i02 status=ok wall=135s
2026-09-27T10:18:09Z START a_batio3_cubic_mattersim_q1d2-0-1d2-b0_i07 nat=20 kpts=112 np=8 nk_pools=8
2026-09-27T10:19:15Z END   a_batio3_cubic_mattersim_q1d2-0-1d2-b0_i04 status=ok wall=126s
2026-09-27T10:19:15Z START a_batio3_cubic_mattersim_q1d2-0-1d2-b0_i08 nat=20 kpts=112 np=8 nk_pools=8
2026-09-27T10:19:51Z END   a_batio3_cubic_mattersim_q1d2-0-1d2-b0_i05 status=ok wall=135s
2026-09-27T10:19:51Z START a_batio3_cubic_mattersim_q1d2-0-1d2-b0_i09 nat=20 kpts=112 np=8 nk_pools=8
2026-09-27T10:20:33Z END   a_batio3_cubic_mattersim_q1d2-0-1d2-b0_i07 status=ok wall=144s
2026-09-27T10:20:33Z START a_knbo3_cubic_orb_v2_q0-1d2-1d2-b0_i00 nat=20 kpts=112 np=8 nk_pools=8
2026-09-27T10:20:58Z END   a_batio3_cubic_mattersim_q1d2-0-1d2-b0_i06 status=ok wall=172s
2026-09-27T10:20:58Z START a_knbo3_cubic_orb_v2_q0-1d2-1d2-b0_i01 nat=20 kpts=112 np=8 nk_pools=8
2026-09-27T10:21:48Z END   a_batio3_cubic_mattersim_q1d2-0-1d2-b0_i08 status=ok wall=153s
2026-09-27T10:21:48Z START a_knbo3_cubic_orb_v2_q0-1d2-1d2-b0_i02 nat=20 kpts=112 np=8 nk_pools=8
2026-09-27T10:22:43Z END   a_batio3_cubic_mattersim_q1d2-0-1d2-b0_i09 status=ok wall=172s
2026-09-27T10:22:43Z START a_knbo3_cubic_orb_v2_q0-1d2-1d2-b0_i03 nat=20 kpts=112 np=8 nk_pools=8
2026-09-27T10:27:04Z END   a_knbo3_cubic_orb_v2_q0-1d2-1d2-b0_i00 status=ok wall=391s
2026-09-27T10:27:04Z START a_knbo3_cubic_orb_v2_q0-1d2-1d2-b0_i04 nat=20 kpts=112 np=8 nk_pools=8
2026-09-27T10:27:34Z END   a_knbo3_cubic_orb_v2_q0-1d2-1d2-b0_i01 status=ok wall=396s
2026-09-27T10:27:34Z START a_knbo3_cubic_orb_v2_q0-1d2-1d2-b0_i05 nat=20 kpts=112 np=8 nk_pools=8
2026-09-27T10:28:25Z END   a_knbo3_cubic_orb_v2_q0-1d2-1d2-b0_i02 status=ok wall=397s
2026-09-27T10:28:26Z START a_knbo3_cubic_orb_v2_q0-1d2-1d2-b0_i06 nat=20 kpts=112 np=8 nk_pools=8
2026-09-27T10:29:34Z END   a_knbo3_cubic_orb_v2_q0-1d2-1d2-b0_i03 status=ok wall=411s
2026-09-27T10:29:34Z START a_knbo3_cubic_orb_v2_q0-1d2-1d2-b0_i07 nat=20 kpts=112 np=8 nk_pools=8
2026-09-27T10:35:15Z END   a_knbo3_cubic_orb_v2_q0-1d2-1d2-b0_i04 status=ok wall=491s
2026-09-27T10:35:15Z START a_knbo3_cubic_orb_v2_q0-1d2-1d2-b0_i08 nat=20 kpts=112 np=8 nk_pools=8
2026-09-27T10:35:28Z END   a_knbo3_cubic_orb_v2_q0-1d2-1d2-b0_i05 status=ok wall=474s
2026-09-27T10:35:28Z START a_knbo3_cubic_orb_v2_q0-1d2-1d2-b0_i09 nat=20 kpts=112 np=8 nk_pools=8
2026-09-27T10:36:55Z END   a_knbo3_cubic_orb_v2_q0-1d2-1d2-b0_i06 status=ok wall=509s
2026-09-27T10:36:55Z START a_cssnbr3_cubic_orb_v2_q1d2-1d2-1d2-b1_i00 nat=40 kpts=27 np=8 nk_pools=8
2026-09-27T10:37:46Z END   a_knbo3_cubic_orb_v2_q0-1d2-1d2-b0_i07 status=ok wall=492s
2026-09-27T10:37:46Z START a_cssnbr3_cubic_orb_v2_q1d2-1d2-1d2-b1_i01 nat=40 kpts=27 np=8 nk_pools=8
2026-09-27T10:42:30Z END   a_knbo3_cubic_orb_v2_q0-1d2-1d2-b0_i08 status=ok wall=435s
2026-09-27T10:42:30Z START a_cssnbr3_cubic_orb_v2_q1d2-1d2-1d2-b1_i02 nat=40 kpts=27 np=8 nk_pools=8
2026-09-27T10:42:38Z END   a_knbo3_cubic_orb_v2_q0-1d2-1d2-b0_i09 status=ok wall=430s
2026-09-27T10:42:38Z START a_cssnbr3_cubic_orb_v2_q1d2-1d2-1d2-b1_i03 nat=40 kpts=27 np=8 nk_pools=8
2026-09-27T11:31:08Z END   a_cssnbr3_cubic_orb_v2_q1d2-1d2-1d2-b1_i00 status=ok wall=3252s
2026-09-27T11:31:08Z START a_cssnbr3_cubic_orb_v2_q1d2-1d2-1d2-b1_i04 nat=40 kpts=27 np=8 nk_pools=8
2026-09-27T11:31:52Z END   a_cssnbr3_cubic_orb_v2_q1d2-1d2-1d2-b1_i01 status=ok wall=3246s
2026-09-27T11:31:52Z START a_cssnbr3_cubic_orb_v2_q1d2-1d2-1d2-b1_i05 nat=40 kpts=27 np=8 nk_pools=8
2026-09-27T11:36:16Z END   a_cssnbr3_cubic_orb_v2_q1d2-1d2-1d2-b1_i03 status=ok wall=3218s
2026-09-27T11:36:16Z START a_cssnbr3_cubic_orb_v2_q1d2-1d2-1d2-b1_i06 nat=40 kpts=27 np=8 nk_pools=8
2026-09-27T11:37:16Z END   a_cssnbr3_cubic_orb_v2_q1d2-1d2-1d2-b1_i02 status=ok wall=3286s
2026-09-27T11:37:16Z START a_cssnbr3_cubic_orb_v2_q1d2-1d2-1d2-b1_i07 nat=40 kpts=27 np=8 nk_pools=8
2026-09-27T12:23:31Z END   a_cssnbr3_cubic_orb_v2_q1d2-1d2-1d2-b1_i04 status=ok wall=3143s
2026-09-27T12:23:31Z START a_cssnbr3_cubic_orb_v2_q1d2-1d2-1d2-b1_i08 nat=40 kpts=27 np=8 nk_pools=8
2026-09-27T12:24:36Z END   a_cssnbr3_cubic_orb_v2_q1d2-1d2-1d2-b1_i05 status=ok wall=3164s
2026-09-27T12:24:36Z START a_cssnbr3_cubic_orb_v2_q1d2-1d2-1d2-b1_i09 nat=40 kpts=27 np=8 nk_pools=8
2026-09-27T12:28:36Z END   a_cssnbr3_cubic_orb_v2_q1d2-1d2-1d2-b1_i06 status=ok wall=3139s
2026-09-27T12:28:36Z START a_srtio3_cubic_chgnet_q1d2-1d2-1d2-b0_i00 nat=40 kpts=64 np=8 nk_pools=8
2026-09-27T12:31:37Z END   a_cssnbr3_cubic_orb_v2_q1d2-1d2-1d2-b1_i07 status=ok wall=3260s
2026-09-27T12:31:37Z START a_srtio3_cubic_chgnet_q1d2-1d2-1d2-b0_i01 nat=40 kpts=64 np=8 nk_pools=8
2026-09-27T12:34:56Z END   a_srtio3_cubic_chgnet_q1d2-1d2-1d2-b0_i00 status=ok wall=380s
2026-09-27T12:34:56Z START a_srtio3_cubic_chgnet_q1d2-1d2-1d2-b0_i02 nat=40 kpts=64 np=8 nk_pools=8
2026-09-27T12:47:41Z END   a_srtio3_cubic_chgnet_q1d2-1d2-1d2-b0_i01 status=ok wall=964s
2026-09-27T12:47:41Z START a_srtio3_cubic_chgnet_q1d2-1d2-1d2-b0_i03 nat=40 kpts=64 np=8 nk_pools=8
2026-09-27T12:50:46Z END   a_srtio3_cubic_chgnet_q1d2-1d2-1d2-b0_i02 status=ok wall=950s
2026-09-27T12:50:46Z START a_srtio3_cubic_chgnet_q1d2-1d2-1d2-b0_i04 nat=40 kpts=64 np=8 nk_pools=8
2026-09-27T13:04:08Z END   a_srtio3_cubic_chgnet_q1d2-1d2-1d2-b0_i03 status=ok wall=987s
2026-09-27T13:04:08Z START a_srtio3_cubic_chgnet_q1d2-1d2-1d2-b0_i05 nat=40 kpts=64 np=8 nk_pools=8
2026-09-27T13:07:14Z END   a_srtio3_cubic_chgnet_q1d2-1d2-1d2-b0_i04 status=ok wall=988s
2026-09-27T13:07:14Z START a_srtio3_cubic_chgnet_q1d2-1d2-1d2-b0_i06 nat=40 kpts=64 np=8 nk_pools=8
2026-09-27T13:07:25Z END   a_cssnbr3_cubic_orb_v2_q1d2-1d2-1d2-b1_i08 status=ok wall=2634s
2026-09-27T13:07:25Z START a_srtio3_cubic_chgnet_q1d2-1d2-1d2-b0_i07 nat=40 kpts=64 np=8 nk_pools=8
2026-09-27T13:09:11Z END   a_cssnbr3_cubic_orb_v2_q1d2-1d2-1d2-b1_i09 status=ok wall=2675s
2026-09-27T13:09:11Z START a_srtio3_cubic_chgnet_q1d2-1d2-1d2-b0_i08 nat=40 kpts=64 np=8 nk_pools=8
2026-09-27T13:18:56Z END   a_srtio3_cubic_chgnet_q1d2-1d2-1d2-b0_i05 status=ok wall=888s
2026-09-27T13:18:56Z START a_srtio3_cubic_chgnet_q1d2-1d2-1d2-b0_i09 nat=40 kpts=64 np=8 nk_pools=8
2026-09-27T13:21:42Z END   a_srtio3_cubic_chgnet_q1d2-1d2-1d2-b0_i06 status=ok wall=868s
2026-09-27T13:21:42Z START a_srtio3_cubic_mattersim_q1d2-1d2-1d2-b0_i00 nat=40 kpts=64 np=8 nk_pools=8
2026-09-27T13:22:20Z END   a_srtio3_cubic_chgnet_q1d2-1d2-1d2-b0_i07 status=ok wall=895s
2026-09-27T13:22:20Z START a_srtio3_cubic_mattersim_q1d2-1d2-1d2-b0_i01 nat=40 kpts=64 np=8 nk_pools=8
2026-09-27T13:23:56Z END   a_srtio3_cubic_chgnet_q1d2-1d2-1d2-b0_i08 status=ok wall=885s
2026-09-27T13:23:56Z START a_srtio3_cubic_mattersim_q1d2-1d2-1d2-b0_i02 nat=40 kpts=64 np=8 nk_pools=8
2026-09-27T13:27:19Z END   a_srtio3_cubic_mattersim_q1d2-1d2-1d2-b0_i00 status=ok wall=337s
2026-09-27T13:27:19Z START a_srtio3_cubic_mattersim_q1d2-1d2-1d2-b0_i03 nat=40 kpts=64 np=8 nk_pools=8
2026-09-27T13:33:37Z END   a_srtio3_cubic_chgnet_q1d2-1d2-1d2-b0_i09 status=ok wall=881s
2026-09-27T13:33:37Z START a_srtio3_cubic_mattersim_q1d2-1d2-1d2-b0_i04 nat=40 kpts=64 np=8 nk_pools=8
2026-09-27T13:36:31Z END   a_srtio3_cubic_mattersim_q1d2-1d2-1d2-b0_i01 status=ok wall=851s
2026-09-27T13:36:31Z START a_srtio3_cubic_mattersim_q1d2-1d2-1d2-b0_i05 nat=40 kpts=64 np=8 nk_pools=8
2026-09-27T13:38:36Z END   a_srtio3_cubic_mattersim_q1d2-1d2-1d2-b0_i02 status=ok wall=880s
2026-09-27T13:38:36Z START a_srtio3_cubic_mattersim_q1d2-1d2-1d2-b0_i06 nat=40 kpts=64 np=8 nk_pools=8
2026-09-27T13:42:02Z END   a_srtio3_cubic_mattersim_q1d2-1d2-1d2-b0_i03 status=ok wall=883s
2026-09-27T13:42:02Z START a_srtio3_cubic_mattersim_q1d2-1d2-1d2-b0_i07 nat=40 kpts=64 np=8 nk_pools=8
2026-09-27T13:48:17Z END   a_srtio3_cubic_mattersim_q1d2-1d2-1d2-b0_i04 status=ok wall=880s
2026-09-27T13:48:17Z START a_srtio3_cubic_mattersim_q1d2-1d2-1d2-b0_i08 nat=40 kpts=64 np=8 nk_pools=8
2026-09-27T13:51:20Z END   a_srtio3_cubic_mattersim_q1d2-1d2-1d2-b0_i05 status=ok wall=889s
2026-09-27T13:51:21Z START a_srtio3_cubic_mattersim_q1d2-1d2-1d2-b0_i09 nat=40 kpts=64 np=8 nk_pools=8
2026-09-27T13:53:22Z END   a_srtio3_cubic_mattersim_q1d2-1d2-1d2-b0_i06 status=ok wall=886s
2026-09-27T13:53:22Z START a_srtio3_cubic_orb_v2_q1d2-1d2-1d2-b0-refmattersim_i00 nat=40 kpts=64 np=8 nk_pools=8
2026-09-27T13:56:05Z END   a_srtio3_cubic_mattersim_q1d2-1d2-1d2-b0_i07 status=ok wall=843s
2026-09-27T13:56:05Z START a_srtio3_cubic_orb_v2_q1d2-1d2-1d2-b0-refmattersim_i01 nat=40 kpts=64 np=8 nk_pools=8
2026-09-27T14:03:25Z END   a_srtio3_cubic_mattersim_q1d2-1d2-1d2-b0_i08 status=ok wall=908s
2026-09-27T14:03:25Z START a_srtio3_cubic_orb_v2_q1d2-1d2-1d2-b0-refmattersim_i02 nat=40 kpts=64 np=8 nk_pools=8
2026-09-27T14:06:05Z END   a_srtio3_cubic_mattersim_q1d2-1d2-1d2-b0_i09 status=ok wall=884s
2026-09-27T14:06:05Z START a_srtio3_cubic_orb_v2_q1d2-1d2-1d2-b0-refmattersim_i03 nat=40 kpts=64 np=8 nk_pools=8
2026-09-27T14:06:59Z END   a_srtio3_cubic_orb_v2_q1d2-1d2-1d2-b0-refmattersim_i00 status=ok wall=817s
2026-09-27T14:06:59Z START a_srtio3_cubic_orb_v2_q1d2-1d2-1d2-b0-refmattersim_i04 nat=40 kpts=64 np=8 nk_pools=8
2026-09-27T14:10:23Z END   a_srtio3_cubic_orb_v2_q1d2-1d2-1d2-b0-refmattersim_i01 status=ok wall=858s
2026-09-27T14:10:23Z START a_srtio3_cubic_orb_v2_q1d2-1d2-1d2-b0-refmattersim_i05 nat=40 kpts=64 np=8 nk_pools=8
2026-09-27T14:17:58Z END   a_srtio3_cubic_orb_v2_q1d2-1d2-1d2-b0-refmattersim_i02 status=ok wall=873s
2026-09-27T14:17:58Z START a_srtio3_cubic_orb_v2_q1d2-1d2-1d2-b0-refmattersim_i06 nat=40 kpts=64 np=8 nk_pools=8
2026-09-27T14:20:26Z END   a_srtio3_cubic_orb_v2_q1d2-1d2-1d2-b0-refmattersim_i03 status=ok wall=861s
2026-09-27T14:20:26Z START a_srtio3_cubic_orb_v2_q1d2-1d2-1d2-b0-refmattersim_i07 nat=40 kpts=64 np=8 nk_pools=8
2026-09-27T14:21:14Z END   a_srtio3_cubic_orb_v2_q1d2-1d2-1d2-b0-refmattersim_i04 status=ok wall=855s
2026-09-27T14:21:14Z START a_srtio3_cubic_orb_v2_q1d2-1d2-1d2-b0-refmattersim_i08 nat=40 kpts=64 np=8 nk_pools=8
2026-09-27T14:24:44Z END   a_srtio3_cubic_orb_v2_q1d2-1d2-1d2-b0-refmattersim_i05 status=ok wall=861s
2026-09-27T14:24:44Z START a_srtio3_cubic_orb_v2_q1d2-1d2-1d2-b0-refmattersim_i09 nat=40 kpts=64 np=8 nk_pools=8
2026-09-27T14:32:15Z END   a_srtio3_cubic_orb_v2_q1d2-1d2-1d2-b0-refmattersim_i06 status=ok wall=856s
2026-09-27T14:35:16Z END   a_srtio3_cubic_orb_v2_q1d2-1d2-1d2-b0-refmattersim_i07 status=ok wall=890s
2026-09-27T14:35:48Z END   a_srtio3_cubic_orb_v2_q1d2-1d2-1d2-b0-refmattersim_i08 status=ok wall=874s
2026-09-27T14:38:23Z END   a_srtio3_cubic_orb_v2_q1d2-1d2-1d2-b0-refmattersim_i09 status=ok wall=819s
2026-09-27T14:38:26Z QUEUE end: 377 ok, 0 scf-not-converged, 3 failed (re-run to retry failed)
C3A_QE_DONE Sun Sep 27 14:38:26 UTC 2026
